t,T_true,T_meas,T_out,setpoint,heater,error,T_pred,lower,upper
0.0,18.0,18.226442669706422,5.0,21.0,1,2.7735573302935776,18.226442669706422,20.75,21.25
1.0,18.0174,18.291318776766474,5.00174532903047,21.0,1,2.7086812232335262,18.940079847366988,20.75,21.25
2.0,18.034796869065804,18.3442850602834,5.003490656731796,21.0,1,2.6557149397165993,18.87394789545267,20.75,21.25
3.0,18.052190607823338,18.3733590581889,5.005235981774836,21.0,1,2.6266409418111003,18.66409903724389,20.75,21.25
4.0,18.06958121689813,18.35970792528439,5.0069813028304475,21.0,1,2.6402920747156102,18.22319659623929,20.75,21.25
5.0,18.086968696915317,18.33077591446541,5.008726618569493,21.0,1,2.669224085534591,18.041455806275604,20.75,21.25
6.0,18.104353048499647,18.31356396039307,5.010471927662839,21.0,1,2.6864360396069316,18.14144441966966,20.75,21.25
7.0,18.12173427227548,18.313320134338838,5.012217228781357,21.0,1,2.686679865661162,18.310881873796532,20.75,21.25
8.0,18.13911236886678,18.282627621179444,5.013962520595923,21.0,1,2.7173723788205564,17.9757024895855,20.75,21.25
9.0,18.156487338897126,18.326415175287956,5.015707801777423,21.0,1,2.6735848247120444,18.764290716373075,20.75,21.25
10.0,18.173859182989702,18.437947346425936,5.017453070996748,21.0,1,2.5620526535740638,19.553269057805743,20.75,21.25
11.0,18.191227901767302,18.527238175817036,5.0191983269248,21.0,1,2.472761824182964,19.420146469728035,20.75,21.25
12.0,18.208593495852334,18.533318059853674,5.020943568232491,21.0,1,2.4666819401463265,18.594116900220047,20.75,21.25
13.0,18.22595596586681,18.62004678068423,5.022688793590745,21.0,1,2.3799532193157695,19.4873339889898,20.75,21.25
14.0,18.243315312432355,18.624106182842084,5.024434001670494,21.0,1,2.375893817157916,18.66470020442062,20.75,21.25
15.0,18.260671536170204,18.55914250799622,5.026179191142689,21.0,1,2.4408574920037793,17.909505759537588,20.75,21.25
16.0,18.278024637701197,18.44454782798499,5.02792436067829,21.0,1,2.555452172015009,17.298601027872692,20.75,21.25
17.0,18.29537461764579,18.47431837085528,5.029669508948277,21.0,1,2.525681629144721,18.772023799558163,20.75,21.25
18.0,18.312721476624052,18.51917669758832,5.0314146346236415,21.0,1,2.480823302411679,18.96775996491874,20.75,21.25
19.0,18.33006521525565,18.524661248595883,5.033159736375395,21.0,1,2.4753387514041165,18.579506758671506,20.75,21.25
20.0,18.347405834159876,18.540753383336646,5.034904812874567,21.0,1,2.4592466166633535,18.701674730744276,20.75,21.25
21.0,18.36474333395562,18.638719865061763,5.036649862792205,21.0,1,2.3612801349382373,19.618384682312925,20.75,21.25
22.0,18.382077715261385,18.623922877780608,5.038394884799379,21.0,1,2.3760771222193924,18.475953004969057,20.75,21.25
23.0,18.39940897869529,18.555082531831584,5.040139877567178,21.0,1,2.4449174681684163,17.866679072341345,20.75,21.25
24.0,18.416737124875066,18.555350524884183,5.0418848397667135,21.0,1,2.444649475115817,18.558030455410176,20.75,21.25
25.0,18.434062154418044,18.62426779743603,5.043629770069122,21.0,1,2.37573220256397,19.313440522954497,20.75,21.25
26.0,18.451384067941174,18.650068791704424,5.045374667145563,21.0,1,2.349931208295576,18.908078734388365,20.75,21.25
27.0,18.468702866061015,18.669619925863074,5.047119529667221,21.0,1,2.330380074136926,18.865131267449577,20.75,21.25
28.0,18.486018549393737,18.643126252375495,5.048864356305306,21.0,1,2.3568737476245047,18.378189517499706,20.75,21.25
29.0,18.50333111855512,18.728547351054566,5.050609145731059,21.0,1,2.2714526489454343,19.58275833784527,20.75,21.25
30.0,18.520640574160556,18.74241648966581,5.052353896615746,21.0,1,2.2575835103341895,18.88110787577826,20.75,21.25
31.0,18.537946916825046,18.735170623402723,5.054098607630664,21.0,1,2.2648293765972767,18.66271196077185,20.75,21.25
32.0,18.555250147163207,18.75739078999217,5.055843277447138,21.0,1,2.2426092100078314,18.97959245588662,20.75,21.25
33.0,18.572550265789264,18.88882843908281,5.057587904736527,21.0,1,2.111171560917189,20.203204929989237,20.75,21.25
34.0,18.589847273317055,18.838288814919444,5.059332488170221,21.0,1,2.1617111850805557,18.332892573285775,20.75,21.25
35.0,18.607141170360027,18.86493188254726,5.061077026419645,21.0,1,2.1350681174527395,19.131362558825423,20.75,21.25
36.0,18.62443195753124,18.896107994915262,5.062821518156257,21.0,1,2.103892005084738,19.207869118595276,20.75,21.25
37.0,18.641719635443366,18.969946061899833,5.064565962051549,21.0,1,2.030053938100167,19.708326731745544,20.75,21.25
38.0,18.659004204708687,19.000788906360203,5.066310356777053,21.0,1,1.999211093639797,19.309217350963902,20.75,21.25
39.0,18.6762856659391,19.02655444232719,5.068054701004335,21.0,1,1.973445557672811,19.28420980199705,20.75,21.25
40.0,18.693564019746113,19.04195434182185,5.069798993405002,21.0,1,1.9580456581781505,19.195953336768454,20.75,21.25
41.0,18.710839266740845,19.042882289469368,5.071543232650699,21.0,1,1.9571177105306319,19.052161765944554,20.75,21.25
42.0,18.728111407534026,19.087714104758145,5.073287417413113,21.0,1,1.9122858952418547,19.536032257645918,20.75,21.25
43.0,18.745380442736003,19.010914365965835,5.075031546363969,21.0,1,1.989085634034165,18.242916978042732,20.75,21.25
44.0,18.76264637295673,19.0083711966159,5.07677561817504,21.0,1,1.9916288033840992,18.982939503116558,20.75,21.25
45.0,18.779909198805775,19.037404269595008,5.078519631518137,21.0,1,1.962595730404992,19.32773499938608,20.75,21.25
46.0,18.797168920892318,19.12887231583716,5.080263585065119,21.0,1,1.8711276841628397,20.043552778258682,20.75,21.25
47.0,18.81442553982515,19.099707882839123,5.08200747748789,21.0,1,1.9002921171608769,18.80806355285875,20.75,21.25
48.0,18.831679056212685,19.19551284223669,5.0837513074583995,21.0,1,1.8044871577633117,20.15356243621234,20.75,21.25
49.0,18.848929470662934,19.240431062564724,5.085495073648644,21.0,1,1.7595689374352759,19.689613265845082,20.75,21.25
50.0,18.86617678378353,19.273837754182033,5.087238774730672,21.0,1,1.7261622458179673,19.60790467035512,20.75,21.25
51.0,18.88342099618172,19.221074361636916,5.088982409376578,21.0,1,1.7789256383630843,18.693440436185746,20.75,21.25
52.0,18.90066210846436,19.20718639044582,5.090725976258508,21.0,1,1.7928136095541802,19.06830667853486,20.75,21.25
53.0,18.917900121237917,19.160555794995005,5.09246947404866,21.0,1,1.8394442050049946,18.69424984048686,20.75,21.25
54.0,18.93513503510848,19.18056488089904,5.094212901419286,21.0,1,1.8194351191009588,19.3806557399394,20.75,21.25
55.0,18.95236685068174,19.198967420029412,5.095956257042688,21.0,1,1.8010325799705882,19.382992811333118,20.75,21.25
56.0,18.969595568563015,19.29226845594984,5.097699539591226,21.0,1,1.7077315440501586,20.225278815154137,20.75,21.25
57.0,18.986821189357222,19.306280431687377,5.099442747737315,21.0,1,1.6937195683126234,19.44640018906273,20.75,21.25
58.0,19.0040437136689,19.308901460930745,5.101185880153427,21.0,1,1.6910985390692552,19.335111753364426,20.75,21.25
59.0,19.021263142102196,19.324089854408392,5.102928935512088,21.0,1,1.6759101455916081,19.475973789184863,20.75,21.25
60.0,19.03847947526088,19.281629375774372,5.1046719124858875,21.0,1,1.7183706242256278,18.857024589434175,20.75,21.25
61.0,19.055692713748325,19.27490604713541,5.106414809747473,21.0,1,1.72509395286459,19.207672760745787,20.75,21.25
62.0,19.072902858167524,19.297000238146467,5.10815762596955,21.0,1,1.7029997618535333,19.517942148257035,20.75,21.25
63.0,19.090109909121082,19.35023169406775,5.109900359824891,21.0,1,1.6497683059322483,19.8825462532806,20.75,21.25
64.0,19.10731386721122,19.39143488729793,5.111643009986327,21.0,1,1.6085651127020704,19.80346681959971,20.75,21.25
65.0,19.124514733039778,19.444294793312316,5.113385575126755,21.0,1,1.5557052066876835,19.972893853456185,20.75,21.25
66.0,19.141712507208194,19.417797775009664,5.115128053919134,21.0,1,1.5822022249903362,19.152827591983137,20.75,21.25
67.0,19.158907190317535,19.501776360221662,5.116870445036493,21.0,1,1.4982236397783382,20.341562212341643,20.75,21.25
68.0,19.176098782968477,19.577607366623663,5.118612747151923,21.0,1,1.4223926333763366,20.33591743064368,20.75,21.25
69.0,19.193287285761315,19.585175491365256,5.120354958938587,21.0,1,1.4148245086347444,19.660856738781177,20.75,21.25
70.0,19.210472699295952,19.640706155493056,5.122097079069714,21.0,1,1.3592938445069436,20.196012796771065,20.75,21.25
71.0,19.227655024171906,19.661957561622586,5.123839106218604,21.0,1,1.338042438377414,19.87447162291788,20.75,21.25
72.0,19.244834260988316,19.636496649834548,5.125581039058627,21.0,1,1.3635033501654519,19.38188753195417,20.75,21.25
73.0,19.26201041034393,19.559192471993335,5.127322876263226,21.0,1,1.4408075280066654,18.7861506935812,20.75,21.25
74.0,19.279183472837115,19.613182913493183,5.129064616505916,21.0,1,1.3868170865068166,20.153087328491672,20.75,21.25
75.0,19.296353449065847,19.644394664312678,5.130806258460286,21.0,1,1.355605335687322,19.956512172507622,20.75,21.25
76.0,19.313520339627726,19.66348062158182,5.1325478008,21.0,1,1.3365193784181812,19.854340194273227,20.75,21.25
77.0,19.33068414511996,19.644347297879218,5.134289242198798,21.0,1,1.355652702120782,19.45301406085321,20.75,21.25
78.0,19.347844866139376,19.706266253780843,5.1360305813304965,21.0,1,1.2937337462191572,20.32545581279709,20.75,21.25
79.0,19.365002503282415,19.66933359617025,5.137771816868989,21.0,1,1.330666403829749,19.30000702006433,20.75,21.25
80.0,19.382157057145132,19.639338496071368,5.13951294748825,21.0,1,1.3606615039286325,19.339387495082534,20.75,21.25
81.0,19.3993085283232,19.66489759555582,5.141253971862334,21.0,1,1.3351024044441786,19.92048859040036,20.75,21.25
82.0,19.416456917411907,19.69619283676734,5.142994888665372,21.0,1,1.3038071632326584,20.009145248882543,20.75,21.25
83.0,19.433602225006158,19.689829266004736,5.1447356965715825,21.0,1,1.310170733995264,19.62619355837868,20.75,21.25
84.0,19.450744451700473,19.753502306232534,5.146476394255263,21.0,1,1.2464976937674663,20.39023270851051,20.75,21.25
85.0,19.467883598088985,19.775473839350514,5.1482169803907984,21.0,1,1.2245261606494857,19.99518917053032,20.75,21.25
86.0,19.485019664765446,19.798241823553543,5.149957453652656,21.0,1,1.2017581764464573,20.025921665583827,20.75,21.25
87.0,19.502152652323222,19.795399587025937,5.151697812715388,21.0,1,1.204600412974063,19.76697722174988,20.75,21.25
88.0,19.5192825613553,19.801756506326047,5.153438056253638,21.0,1,1.198243493673953,19.865325699327148,20.75,21.25
89.0,19.53640939245428,19.83103327426829,5.155178182942132,21.0,1,1.1689667257317105,20.123800953690715,20.75,21.25
90.0,19.55353314621238,19.88644969556226,5.15691819145569,21.0,1,1.1135503044377408,20.440613908501955,20.75,21.25
91.0,19.57065382322143,19.978259610952453,5.158658080469219,21.0,1,1.0217403890475474,20.896358764854387,20.75,21.25
92.0,19.58777142407288,20.026178709307477,5.160397848657718,21.0,1,0.9738212906925234,20.505369692857716,20.75,21.25
93.0,19.604885949357797,20.028500595045696,5.162137494696277,21.0,1,0.9714994049543044,20.051719452427886,20.75,21.25
94.0,19.621997399666864,19.967827313069286,5.163877017260082,21.0,1,1.0321726869307142,19.36109449330519,20.75,21.25
95.0,19.639105775590384,19.969609162156658,5.165616415024409,21.0,1,1.030390837843342,19.98742765303038,20.75,21.25
96.0,19.65621107771827,19.89117456645071,5.167355686664631,21.0,1,1.1088254335492884,19.106828609391247,20.75,21.25
97.0,19.67331330664006,19.925474202090232,5.169094830856218,21.0,1,1.074525797909768,20.268470558485436,20.75,21.25
98.0,19.690412462944906,20.006589293097765,5.170833846274735,21.0,1,0.9934107069022353,20.81774020317309,20.75,21.25
99.0,19.707508547221572,20.062134702232775,5.172572731595847,21.0,1,0.9378652977672246,20.617588793582883,20.75,21.25
100.0,19.724601560058446,20.0296949678264,5.174311485495316,21.0,1,0.9703050321735986,19.70529762376266,20.75,21.25
101.0,19.741691502043533,20.078410507178326,5.176050106649007,21.0,1,0.9215894928216741,20.56556590069757,20.75,21.25
102.0,19.758778373764454,20.038279338308236,5.177788593732883,21.0,1,0.9617206616917642,19.636967649607335,20.75,21.25
103.0,19.77586217580845,20.00490606699774,5.179526945423011,21.0,1,0.9950939330022592,19.67117335389279,20.75,21.25
104.0,19.79294290876237,20.08327110892846,5.181265160395561,21.0,1,0.9167288910715392,20.86692152823566,20.75,21.25
105.0,19.810020573212697,20.13895995122039,5.183003237326805,21.0,1,0.8610400487796106,20.695848374139675,20.75,21.25
106.0,19.82709516974552,20.044027539879554,5.184741174893123,21.0,1,0.9559724601204458,19.094703426471202,20.75,21.25
107.0,19.844166698946548,20.203745738198243,5.186478971771001,21.0,0,0.7962542618017565,21.800927721385136,20.75,21.25
108.0,19.841235161401112,20.24266717541503,5.188216626637028,21.0,1,0.7573328245849709,20.631881547582886,20.75,21.25
109.0,19.858304557694158,20.21861743135012,5.189954138167908,21.0,1,0.7813825686498816,19.97811999070101,20.75,21.25
110.0,19.875370887610252,20.184484484449094,5.191691505040448,21.0,1,0.8155155155509064,19.843155015438846,20.75,21.25
111.0,19.892434151733738,20.236142667137912,5.193428725931568,21.0,1,0.7638573328620879,20.752724494026097,20.75,21.25
112.0,19.90949435064858,20.085766726638532,5.195165799518299,21.0,1,0.914233273361468,18.58200732164473,20.75,21.25
113.0,19.926551484938354,20.075145965542028,5.196902724477783,21.0,1,0.9248540344579723,19.968938354576984,20.75,21.25
114.0,19.943605555186263,20.125244781199523,5.198639499487278,21.0,1,0.8747552188004768,20.62623293777448,20.75,21.25
115.0,19.960656561975124,20.135118842368065,5.200376123224153,21.0,1,0.8648811576319346,20.233859454053487,20.75,21.25
116.0,19.977704505887374,20.160401002460894,5.202112594365893,21.0,1,0.839598997539106,20.41322260338918,20.75,21.25
117.0,19.99474938750507,20.277576296037306,5.2038489115901,21.0,0,0.7224237039626935,21.449329231801432,20.75,21.25
118.0,19.991791207409886,20.194891921835975,5.205585073574493,21.0,1,0.8051080781640252,19.368048179822658,20.75,21.25
119.0,20.00883396618312,20.113690421634576,5.207321078996911,21.0,1,0.8863095783654238,19.30167541962059,20.75,21.25
120.0,20.02587366360568,20.156832960753533,5.209056926535307,21.0,1,0.8431670392464667,20.588258351943104,20.75,21.25
121.0,20.042910300258267,20.163878911404613,5.21079261486776,21.0,1,0.8361210885953874,20.234338417915406,20.75,21.25
122.0,20.05994387672119,20.044070238736186,5.212528142672467,21.0,1,0.955929761263814,18.84598351205192,20.75,21.25
123.0,20.07697439357438,20.222331262742898,5.214263508627747,21.0,0,0.7776687372571018,22.00494150281002,20.75,21.25
124.0,20.074001851397387,20.310804105716354,5.215998711412046,21.0,0,0.689195894283646,21.195532535450912,20.75,21.25
125.0,20.07103025076939,20.31776700283267,5.217733749703929,21.0,1,0.6822329971673291,20.38739597399584,20.75,21.25
126.0,20.088059591469175,20.383190249277217,5.219468622182091,21.0,1,0.6168097507227834,21.037422713722673,20.75,21.25
127.0,20.105085873275318,20.518474179781713,5.221203327525349,21.0,0,0.4815258202182875,21.871313484826672,20.75,21.25
128.0,20.102109096766167,20.36573301650109,5.222937864412651,21.0,1,0.634266983498911,18.838321383694854,20.75,21.25
129.0,20.119133262519696,20.361939836715248,5.224672231523071,21.0,1,0.6380601632847522,20.324008038856835,20.75,21.25
130.0,20.1361543703135,20.34674203973493,5.226406427535814,21.0,1,0.6532579602650692,20.19476406993176,20.75,21.25
131.0,20.153172420724943,20.284521430121945,5.228140451130212,21.0,1,0.715478569878055,19.662315333992087,20.75,21.25
132.0,20.170187414331025,20.203639288151315,5.229874300985733,21.0,1,0.7963607118486848,19.394817868445017,20.75,21.25
133.0,20.187199351708355,20.312594127457924,5.231607975781974,21.0,0,0.687405872542076,21.402142520524013,20.75,21.25
134.0,20.184208233433168,20.295764997836375,5.233341474198666,21.0,1,0.7042350021636246,20.12747370162089,20.75,21.25
135.0,20.20121806008132,20.354013382574728,5.2350747949156755,21.0,1,0.6459866174252724,20.93649722995825,20.75,21.25
136.0,20.218224831428287,20.395155969408346,5.236807936613002,21.0,1,0.6048440305916536,20.806581837744535,20.75,21.25
137.0,20.235228548049324,20.44725727182705,5.2385408979707835,21.0,1,0.5527427281729516,20.96827029601407,20.75,21.25
138.0,20.25222921051931,20.492316142717605,5.240273677669294,21.0,1,0.5076838572823945,20.942904851623176,20.75,21.25
139.0,20.26922681941274,20.51134561729263,5.242006274388947,21.0,1,0.48865438270737016,20.701640363042873,20.75,21.25
140.0,20.286221375303736,20.521739405213044,5.243738686810295,21.0,1,0.47826059478695626,20.625677284417183,20.75,21.25
141.0,20.303212878766036,20.503785196576636,5.24547091361403,21.0,1,0.49621480342336355,20.324243110212564,20.75,21.25
142.0,20.320201330373006,20.521916603587876,5.247202953480985,21.0,1,0.4780833964121243,20.70323067370027,20.75,21.25
143.0,20.337186730697628,20.556744307571773,5.248934805092138,21.0,1,0.4432556924282274,20.90502134741074,20.75,21.25
144.0,20.354169080312506,20.501185365139655,5.2506664671286085,21.0,1,0.49881463486034505,19.945595940818478,20.75,21.25
145.0,20.37114837978987,20.47487899572773,5.25239793827166,21.0,1,0.5251210042722683,20.2118153016085,20.75,21.25
146.0,20.388124629701565,20.58265700005076,5.254129217202701,21.0,0,0.4173429999492413,21.66043704328103,20.75,21.25
147.0,20.385097830619067,20.642795017314647,5.255860302603288,21.0,0,0.35720498268535295,21.24417518995353,20.75,21.25
148.0,20.382071983113462,20.65962652508692,5.257591193155125,21.0,0,0.3403734749130791,20.82794160280966,20.75,21.25
149.0,20.37904708695547,20.738755902214958,5.259321887540064,21.0,0,0.2612440977850419,21.53004967349533,20.75,21.25
150.0,20.37602314191559,20.802913909383335,5.261052384440103,21.0,0,0.19708609061666493,21.444493981067104,20.75,21.25
151.0,20.373000147764092,20.77290557648176,5.262782682537396,21.0,1,0.2270944235182384,20.472822247466027,20.75,21.25
152.0,20.389978104271048,20.704123514073768,5.264512780514245,21.0,1,0.2958764859262324,20.016302889993828,20.75,21.25
153.0,20.406953011206298,20.66619520541651,5.266242677053104,21.0,1,0.33380479458348944,20.28691211884394,20.75,21.25
154.0,20.423924869139466,20.687942629698433,5.267972370836584,21.0,1,0.31205737030156655,20.905416872517662,20.75,21.25
155.0,20.440893678639807,20.714352850488872,5.269701860547446,21.0,1,0.2856471495111279,20.97845505839326,20.75,21.25
156.0,20.457859440276188,20.768553729960132,5.271431144868608,21.0,0,0.23144627003986784,21.310562524672733,20.75,21.25
157.0,20.454822154617105,20.876794263683866,5.273160222483147,21.0,0,0.12320573631613385,21.959199600921206,20.75,21.25
158.0,20.45178582223068,20.9022356355934,5.274889092074293,21.0,0,0.09776436440660063,21.15664935468873,20.75,21.25
159.0,20.44875044288465,20.92193612491344,5.276617752325438,21.0,0,0.07806387508655988,21.118941018113848,20.75,21.25
160.0,20.445716016346537,20.85766672945984,5.278346201920131,21.0,1,0.14233327054015987,20.21497277492384,20.75,21.25
161.0,20.462682542383654,20.769801787562137,5.280074439542083,21.0,1,0.23019821243786254,19.89115236858511,20.75,21.25
162.0,20.479646020763084,20.746397856051267,5.281802463875166,21.0,1,0.2536021439487328,20.512358540942564,20.75,21.25
163.0,20.496606452051708,20.74642550999176,5.283530273603413,21.0,1,0.2535744900082406,20.74670204939668,20.75,21.25
164.0,20.51356383681602,20.743100501875727,5.2852578674110235,21.0,1,0.25689949812427315,20.7098504207154,20.75,21.25
165.0,20.530518175622138,20.694431818235927,5.286985243982358,21.0,1,0.3055681817640732,20.207744981837926,20.75,21.25
166.0,20.54746946903581,20.78191450673376,5.288712402001947,21.0,0,0.2180854932662406,21.656741391712085,20.75,21.25
167.0,20.544417717622405,20.833654373043323,5.290439340154481,21.0,0,0.16634562695667654,21.351053036138964,20.75,21.25
168.0,20.54136692194691,20.76032483260783,5.292166057124823,21.0,1,0.23967516739217132,20.02702942825288,20.75,21.25
169.0,20.558317081773946,20.786446503773778,5.293892551598003,21.0,1,0.213553496226222,21.04766321543327,20.75,21.25
170.0,20.575264196867913,20.864515272111895,5.295618822259221,21.0,0,0.13548472788810528,21.645202955493062,20.75,21.25
171.0,20.57220826779299,20.923749262508665,5.297344867793846,21.0,0,0.07625073749133549,21.516089166476362,20.75,21.25
172.0,20.56915329511299,20.79163902044591,5.299070686887419,21.0,1,0.20836097955409016,19.470536599818363,20.75,21.25
173.0,20.586099278591345,20.848188148052483,5.300796278225654,21.0,0,0.15181185194751734,21.41367942411821,20.75,21.25
174.0,20.58304221799127,20.76784082906733,5.302521640494438,21.0,1,0.23215917093266825,19.964367639215823,20.75,21.25
175.0,20.599986113875772,20.762242889046043,5.304246772379833,21.0,1,0.23775711095395735,20.70626348883315,20.75,21.25
176.0,20.616926966007473,20.747806571081576,5.305971672568076,21.0,1,0.25219342891842444,20.603443391436905,20.75,21.25
177.0,20.633864774948783,20.845753471136355,5.30769633974558,21.0,0,0.15424652886364498,21.82522247168415,20.75,21.25
178.0,20.630799541261744,20.933307466094913,5.309420772598936,21.0,0,0.066692533905087,21.808847415680493,20.75,21.25
179.0,20.62773526550801,21.069964023663868,5.311144969814913,21.0,0,-0.06996402366386789,22.436529599353417,20.75,21.25
180.0,20.624671947448874,21.113907256651594,5.3128689300804615,21.0,0,-0.11390725665159351,21.55333958652885,20.75,21.25
181.0,20.621609586845402,21.04883354358146,5.314592652082709,21.0,1,-0.04883354358145908,20.398096412880115,20.75,21.25
182.0,20.63854818345845,21.0281063788629,5.316316134508967,21.0,1,-0.028106378862901238,20.820834731677323,20.75,21.25
183.0,20.65548373704866,20.942940829541957,5.318039376046729,21.0,1,0.057059170458042985,20.091285336332515,20.75,21.25
184.0,20.672416248176457,20.89964933557068,5.31976237538367,21.0,1,0.10035066442932106,20.466734395857898,20.75,21.25
185.0,20.6893457174019,20.9655393877778,5.321485131207652,21.0,0,0.03446061222220109,21.624439909849,20.75,21.25
186.0,20.68627214528466,21.052875319348935,5.3232076422067225,21.0,0,-0.05287531934893508,21.926234635060297,20.75,21.25
187.0,20.683199532384045,21.035796335120814,5.324929907069113,21.0,0,-0.03579633512081415,20.865006492839605,20.75,21.25
188.0,20.680127878458983,20.951245653938827,5.326651924483245,21.0,1,0.04875434606117324,20.105738842118953,20.75,21.25
189.0,20.69705718326819,20.93046871368163,5.328373693137726,21.0,1,0.06953128631836947,20.72269931110967,20.75,21.25
190.0,20.713983446570165,20.79585368417675,5.330095211721355,21.0,1,0.2041463158232517,19.449703389127926,20.75,21.25
191.0,20.730906668923193,20.748836139577378,5.3318164789231215,21.0,1,0.25116386042262207,20.278660693583674,20.75,21.25
192.0,20.747826850885193,20.738095812927146,5.333537493432204,21.0,1,0.26190418707285446,20.63069254642482,20.75,21.25
193.0,20.764743993013703,20.926305798871816,5.335258253937977,21.0,0,0.07369420112818403,22.80840565831852,20.75,21.25
194.0,20.761658095865887,20.88440038334662,5.336978759130005,21.0,1,0.11559961665338037,20.465346228094656,20.75,21.25
195.0,20.77857315999854,20.98649226079429,5.338699007698049,21.0,0,0.013507739205710578,22.007411035270987,20.75,21.25
196.0,20.77548518516808,20.946885173307567,5.340418998332065,21.0,1,0.053114826692432615,20.550814298440347,20.75,21.25
197.0,20.792398171930714,20.957096397198455,5.342138729722205,21.0,1,0.042903602801544594,21.059208636107336,20.75,21.25
198.0,20.80930812004227,21.03046594576127,5.343858200558819,21.0,0,-0.030465945761271485,21.764161431389432,20.75,21.25
199.0,20.806215030058375,21.108205969192667,5.3455774095324555,21.0,0,-0.10820596919266734,21.885606203506626,20.75,21.25
200.0,20.80312290253427,21.12692290967629,5.347296355333861,21.0,0,-0.1269229096762885,21.3140923145125,20.75,21.25
201.0,20.80003173722483,21.25171820274614,5.349015036653984,21.0,0,-0.2517182027461402,22.499671133444657,20.75,21.25
202.0,20.796941533884716,21.331248905888074,5.350733452183974,21.0,0,-0.3312489058880743,22.126555937307415,20.75,21.25
203.0,20.793852292268376,21.253167742290877,5.352451600615184,21.0,1,-0.25316774229087713,20.472356106318905,20.75,21.25
204.0,20.810764012130047,21.212703639993492,5.354169480639166,21.0,1,-0.2127036399934923,20.808062617019644,20.75,21.25
205.0,20.82767269322375,21.17120430234806,5.355887090947683,21.0,1,-0.17120430234805895,20.756210925893726,20.75,21.25
206.0,20.844578336103297,21.128635957724125,5.3576044302326995,21.0,1,-0.12863595772412495,20.702952511484785,20.75,21.25
207.0,20.86148094132212,21.068088430366306,5.359321497186385,21.0,1,-0.06808843036630563,20.462613156788112,20.75,21.25
208.0,20.878380509433295,21.048291395231818,5.36103829050112,21.0,1,-0.0482913952318178,20.85032104388694,20.75,21.25
209.0,20.89527704098951,21.079388725424785,5.362754808869491,21.0,0,-0.07938872542478492,21.390362027354456,20.75,21.25
210.0,20.892170536543084,21.12788347795973,5.364471050984295,21.0,0,-0.1278834779597311,21.612831003309193,20.75,21.25
211.0,20.88906499664597,21.12885696214093,5.3661870155385385,21.0,0,-0.12885696214092945,21.138591803952913,20.75,21.25
212.0,20.88596042104975,21.224126346132135,5.36790270122544,21.0,0,-0.22412634613213456,22.176820186044186,20.75,21.25
213.0,20.882856809505785,21.185364156857435,5.3696181067384305,21.0,0,-0.18536415685743535,20.797742264110443,20.75,21.25
214.0,20.87975416176523,21.17666378532184,5.371333230771154,21.0,0,-0.17666378532183913,21.089660069965877,20.75,21.25
215.0,20.876652477579032,21.133713631465394,5.373048072017469,21.0,1,-0.13371363146539395,20.704212092900942,20.75,21.25
216.0,20.89355175669792,21.164530560791658,5.37476262917145,21.0,0,-0.16453056079165762,21.472699854054294,20.75,21.25
217.0,20.890447998872414,21.148631490823565,5.3764769009273845,21.0,0,-0.14863149082356486,20.989640791142637,20.75,21.25
218.0,20.887345204652824,21.17037676775083,5.378190885979783,21.0,0,-0.170376767750831,21.387829537023492,20.75,21.25
219.0,20.88424337378909,21.18695098951901,5.379904583023369,21.0,0,-0.18695098951900846,21.352693207200783,20.75,21.25
220.0,20.881142506030937,21.19455841990898,5.38161799075309,21.0,0,-0.19455841990897937,21.27063272380869,20.75,21.25
221.0,20.87804260112788,21.128300650157875,5.383331107864109,21.0,1,-0.1283006501578754,20.465722952646836,20.75,21.25
222.0,20.894943658829227,21.071014486129553,5.385043933051815,21.0,1,-0.07101448612955252,20.498152845846324,20.75,21.25
223.0,20.911841678884073,21.05205220502338,5.386756465011816,21.0,1,-0.05205220502337937,20.862429393961648,20.75,21.25
224.0,20.9287366618413,21.137261260237494,5.388468702439944,21.0,0,-0.1372612602374943,21.989351812378644,20.75,21.25
225.0,20.92562860824942,21.169073136885395,5.390180644032257,21.0,0,-0.1690731368853946,21.487191903364398,20.75,21.25
226.0,20.922521518656573,21.15150684659053,5.391892288485035,21.0,0,-0.1515068465905287,20.97584394364187,20.75,21.25
227.0,20.91941539281054,21.174967925826685,5.393603634494789,21.0,0,-0.1749679258266852,21.40957871818825,20.75,21.25
228.0,20.916310230458876,21.182314486138377,5.395314680758252,21.0,0,-0.18231448613837742,21.2557800892553,20.75,21.25
229.0,20.913206031348935,21.163064708648093,5.39702542597239,21.0,0,-0.16306470864809341,20.970566933745253,20.75,21.25
230.0,20.91010279522786,21.2031732012394,5.398735868834394,21.0,0,-0.20317320123940164,21.604258127152484,20.75,21.25
231.0,20.907000521842583,21.248853115701184,5.40044600804169,21.0,0,-0.24885311570118418,21.70565226031901,20.75,21.25
232.0,20.903899210939823,21.273087517834863,5.402155842291929,21.0,0,-0.2730875178348633,21.515431539171654,20.75,21.25
233.0,20.900798862266093,21.31103345496945,5.403865370283001,21.0,0,-0.3110334549694507,21.690492826315324,20.75,21.25
234.0,20.897699475567695,21.338946261184468,5.405574590713025,21.0,0,-0.3389462611844678,21.61807432333464,20.75,21.25
235.0,20.894601050590722,21.213068946669985,5.407283502280355,21.0,1,-0.21306894666998488,19.954295801525156,20.75,21.25
236.0,20.91150358708106,21.234790070813844,5.40899210368358,21.0,0,-0.23479007081384395,21.452001312252435,20.75,21.25
237.0,20.908403084784382,21.195937412213805,5.410700393621528,21.0,0,-0.19593741221380512,20.807410826213417,20.75,21.25
238.0,20.90530354424615,21.23812927228134,5.412408370793259,21.0,0,-0.2381292722813413,21.660047872956703,20.75,21.25
239.0,20.902204965211457,21.136967921567198,5.414116033898076,21.0,1,-0.13696792156719795,20.125354414425765,20.75,21.25
240.0,20.919107347425193,21.1259949027925,5.415823381635518,21.0,1,-0.12599490279249892,21.01626471504551,20.75,21.25
241.0,20.936006690632034,21.098974121421058,5.417530412705367,21.0,1,-0.09897412142105821,20.82876630770665,20.75,21.25
242.0,20.952902995376448,21.152099448926737,5.419237125807643,21.0,0,-0.15209944892673732,21.68335272398353,20.75,21.25
243.0,20.949796262202533,21.122091552646907,5.420943519642611,21.0,0,-0.12209155264690708,20.822012589848605,20.75,21.25
244.0,20.94669049165402,21.12828933200758,5.422649592910777,21.0,0,-0.1282893320075793,21.1902671256143,20.75,21.25
245.0,20.94358568347427,21.198088900158314,5.424355344312892,21.0,0,-0.19808890015831437,21.896084581665665,20.75,21.25
246.0,20.940481837406438,21.22387720412025,5.4260607725499534,21.0,0,-0.22387720412024947,21.4817602437396,20.75,21.25
247.0,20.937378953193466,21.16306204368076,5.4277658763232015,21.0,1,-0.16306204368076038,20.55491043928587,20.75,21.25
248.0,20.95427703057809,21.117039645168713,5.429470654334127,21.0,1,-0.11703964516871324,20.65681566004824,20.75,21.25
249.0,20.971172069302842,21.19676114212612,5.431175105284466,21.0,0,-0.19676114212612106,21.9939761117002,20.75,21.25
250.0,20.96806406991004,21.183959630067076,5.432879227876206,21.0,0,-0.1839596300670756,21.05594450947662,20.75,21.25
251.0,20.964957032941633,21.135142596317575,5.434583020811583,21.0,1,-0.13514259631757497,20.64697225882257,20.75,21.25
252.0,20.98185095813921,21.133774843633354,5.4362864827930855,21.0,1,-0.13377484363335412,21.120097316791146,20.75,21.25
253.0,20.99874184524414,21.188750785286267,5.4379896125234515,21.0,0,-0.18875078528626688,21.738510201815394,20.75,21.25
254.0,20.995629694797596,21.1449652868678,5.439692408705675,21.0,1,-0.14496528686780152,20.707110302683148,20.75,21.25
255.0,21.012518507340378,21.165566114756665,5.441394870043002,21.0,0,-0.16556611475666472,21.371574393645297,20.75,21.25
256.0,21.00940428261292,21.130938123733632,5.4430969952389345,21.0,0,-0.13093812373363178,20.784658213503302,20.75,21.25
257.0,21.006291021155445,21.21981409410562,5.44479878299723,21.0,0,-0.2198140941056188,22.10857379782549,20.75,21.25
258.0,21.003178722707812,21.28456583565683,5.4465002320219025,21.0,0,-0.28456583565683147,21.932083251168958,20.75,21.25
259.0,21.000067387009675,21.275863580722643,5.448201341017225,21.0,0,-0.2758635807226426,21.188841031380754,20.75,21.25
260.0,20.996957013800476,21.276321194625,5.44990210868773,21.0,0,-0.2763211946250017,21.280897333648593,20.75,21.25
261.0,20.993847602819454,21.35632385525091,5.451602533738208,21.0,0,-0.3563238552509098,22.15635046150999,20.75,21.25
262.0,20.990739153805638,21.312822554481794,5.45330261487371,21.0,0,-0.3128225544817944,20.87780954679064,20.75,21.25
263.0,20.98763166649785,21.24979904651653,5.455002350799552,21.0,1,-0.24979904651652873,20.619563966863872,20.75,21.25
264.0,21.004525140634712,21.27254781583668,5.456701740221312,21.0,0,-0.2725478158366812,21.500035509038206,20.75,21.25
265.0,21.001415575954628,21.24844060143439,5.458400781844828,21.0,0,-0.24844060143438895,21.007368457411467,20.75,21.25
266.0,20.998306972995806,21.29551994499734,5.460099474376209,21.0,0,-0.29551994499734136,21.766313380626865,20.75,21.25
267.0,20.99519933149608,21.289558621206513,5.461797816521825,21.0,0,-0.2895586212065133,21.229945383298233,20.75,21.25
268.0,20.992092651193087,21.26485384661976,5.463495806988314,21.0,0,-0.2648538466197614,21.017806100752242,20.75,21.25
269.0,20.988986931824247,21.289428067567357,5.465193444482585,21.0,0,-0.28942806756735706,21.535170277043314,20.75,21.25
270.0,20.98588217312678,21.270378475682385,5.466890727711811,21.0,0,-0.27037847568238504,21.079882556832665,20.75,21.25
271.0,20.982778374837697,21.20579912777561,5.468587655383438,21.0,1,-0.2057991277756095,20.560005648707854,20.75,21.25
272.0,20.999675536693807,21.23184119110797,5.47028422620518,21.0,0,-0.2318411911079714,21.49226182443159,20.75,21.25
273.0,20.99656965843171,21.192407444185157,5.471980438885026,21.0,0,-0.19240744418515732,20.798069974957016,20.75,21.25
274.0,20.9934647405878,21.13819066004216,5.473676292131238,21.0,1,-0.1381906600421594,20.59602281861218,20.75,21.25
275.0,21.010360782898108,21.184449966195203,5.475371784652346,21.0,0,-0.18444996619520282,21.647043027725637,20.75,21.25
276.0,21.00725378509846,21.23990627610892,5.477066915157161,21.0,0,-0.23990627610891835,21.794469375246074,20.75,21.25
277.0,21.00414774772447,21.27941467249955,5.478761682354769,21.0,0,-0.27941467249954854,21.67449863640585,20.75,21.25
278.0,21.001042670511396,21.349334395936626,5.480456084954527,21.0,0,-0.3493343959366264,22.048531630307405,20.75,21.25
279.0,20.997938553194285,21.34787641813187,5.482150121666077,21.0,0,-0.34787641813187165,21.333296640084324,20.75,21.25
280.0,20.99483539550798,21.436092358053905,5.483843791199336,21.0,0,-0.4360923580539051,22.31825175727424,20.75,21.25
281.0,20.99173319718712,21.357227443641342,5.485537092264499,21.0,1,-0.3572274436413423,20.568578299515714,20.75,21.25
282.0,21.008631957966134,21.269461341779646,5.487230023572045,21.0,1,-0.2694613417796461,20.391800323162684,20.75,21.25
283.0,21.025527677579255,21.28329406503395,5.488922583832733,21.0,0,-0.2832940650339495,21.421621297576984,20.75,21.25
284.0,21.022420356560506,21.31449226495446,5.490614771757605,21.0,0,-0.3144922649544597,21.62647426415956,20.75,21.25
285.0,21.019313995443547,21.232159078910456,5.492306586057986,21.0,1,-0.23215907891045617,20.40882721847042,20.75,21.25
286.0,21.03620859396167,21.255967611644298,5.493998025445486,21.0,0,-0.25596761164429793,21.494052938982716,20.75,21.25
287.0,21.033100151847968,21.34645038764291,5.495689088632,21.0,0,-0.3464503876429106,22.251278147629037,20.75,21.25
288.0,21.029992669635323,21.373673621533065,5.497379774329709,21.0,0,-0.37367362153306516,21.64590596043461,20.75,21.25
289.0,21.026886147056263,21.39558715505901,5.499070081251085,21.0,0,-0.39558715505901176,21.614722490318478,20.75,21.25
290.0,21.023780583843102,21.4357541200092,5.500760008108883,21.0,0,-0.4357541200092001,21.837423769511084,20.75,21.25
291.0,21.020675979727955,21.48100518342773,5.502449553616151,21.0,0,-0.4810051834277296,21.933515817613024,20.75,21.25
292.0,21.017572334442733,21.408053433964238,5.504138716486227,21.0,1,-0.40805343396423766,20.67853593932932,20.75,21.25
293.0,21.034469647719142,21.33564151837406,5.50582749543274,21.0,1,-0.33564151837406087,20.611522362472293,20.75,21.25
294.0,21.051363919288686,21.309351221983626,5.507515889169611,21.0,1,-0.30935122198362563,21.046448258079273,20.75,21.25
295.0,21.068255149682663,21.22382446085118,5.509203896411055,21.0,1,-0.2238244608511799,20.368556849526723,20.75,21.25
296.0,21.08514333943201,21.289431274043938,5.510891515871581,21.0,0,-0.2894312740439382,21.94549940597152,20.75,21.25
297.0,21.082028489067294,21.30764046055404,5.512578746265993,21.0,0,-0.3076404605540404,21.489732325655062,20.75,21.25
298.0,21.078914599118733,21.392781340642706,5.514265586309392,21.0,0,-0.3927813406427063,22.244190141529366,20.75,21.25
299.0,21.07580166931617,21.40091264013482,5.515952034717176,21.0,0,-0.40091264013481975,21.482225635055954,20.75,21.25
300.0,21.07268969938925,21.51028440449661,5.5176380902050415,21.0,0,-0.5102844044966091,22.604002048114502,20.75,21.25
301.0,21.069578689067413,21.335086111777272,5.519323751488983,21.0,1,-0.3350861117772723,19.583103184583905,20.75,21.25
302.0,21.086468638079896,21.400203171944845,5.521009017285297,21.0,0,-0.40020317194484534,22.051373773620575,20.75,21.25
303.0,21.083355546155737,21.34156312159451,5.522693886310579,21.0,0,-0.3415631215945112,20.75516261809117,20.75,21.25
304.0,21.08024341382377,21.271349813635016,5.524378357281729,21.0,1,-0.2713498136350161,20.569216734040065,20.75,21.25
305.0,21.09713224081246,21.23671348628713,5.5260624289159495,21.0,1,-0.23671348628712963,20.890350212808265,20.75,21.25
306.0,21.11401802685008,21.340293419417623,5.527746099930746,21.0,0,-0.34029341941762326,22.37609275072256,20.75,21.25
307.0,21.110900772464696,21.33485518799646,5.529429369043929,21.0,0,-0.3348551879964603,21.28047287378483,20.75,21.25
308.0,21.107784478184012,21.43062793843184,5.531112234973618,21.0,0,-0.4306279384318401,22.388355442785638,20.75,21.25
309.0,21.10466914373537,21.47971167241091,5.532794696438235,21.0,0,-0.47971167241091095,21.97054901220162,20.75,21.25
310.0,21.10155476884591,21.44264024977109,5.534476752156514,21.0,0,-0.44264024977109173,21.0719260233729,20.75,21.25
311.0,21.098441353242574,21.478085037165034,5.536158400847495,21.0,0,-0.4780850371650338,21.832532911104455,20.75,21.25
312.0,21.095328896652095,21.422061982091208,5.537839641230532,21.0,0,-0.4220619820912077,20.861831431352947,20.75,21.25
313.0,21.09221739880101,21.33042955363878,5.539520472025284,21.0,1,-0.3304295536387798,20.4141052691145,20.75,21.25
314.0,21.109106859415657,21.33842472042029,5.5412008919517275,21.0,0,-0.3384247204202886,21.418376388235377,20.75,21.25
315.0,21.105993278222165,21.369578620026466,5.542880899730148,21.0,0,-0.36957862002646635,21.681117616088244,20.75,21.25
316.0,21.102880655746468,21.384642838631486,5.544560494081149,21.0,0,-0.3846428386314855,21.535285024681677,20.75,21.25
317.0,21.099768991714136,21.400600239211677,5.546239673725643,21.0,0,-0.400600239211677,21.56017424501359,20.75,21.25
318.0,21.096658285850538,21.39109340167635,5.547918437384865,21.0,0,-0.39109340167635054,21.296025026323086,20.75,21.25
319.0,21.093548537880846,21.438378179428334,5.549596783780361,21.0,0,-0.4383781794283337,21.911225956948165,20.75,21.25
320.0,21.090439747530027,21.395441719310703,5.551274711633998,21.0,0,-0.3954417193107034,20.9660771181344,20.75,21.25
321.0,21.08733191452285,21.379121567097144,5.5529522196679615,21.0,0,-0.37912156709714395,21.21592004496155,20.75,21.25
322.0,21.084225038583877,21.36500300169563,5.554629306604756,21.0,0,-0.36500300169563005,21.22381734768049,20.75,21.25
323.0,21.08111911943748,21.370472035573446,5.556305971167205,21.0,0,-0.3704720355734459,21.425162374351604,20.75,21.25
324.0,21.07801415680783,21.360049481414645,5.557982212078459,21.0,0,-0.3600494814146451,21.255823939826637,20.75,21.25
325.0,21.074910150418884,21.44890524206597,5.5596580280619845,21.0,0,-0.44890524206596893,22.337462848579207,20.75,21.25
326.0,21.071807099994412,21.418749622143075,5.561333417841576,21.0,0,-0.4187496221430749,21.117193422914134,20.75,21.25
327.0,21.068705005257982,21.462227369454205,5.563008380141351,21.0,0,-0.4622273694542045,21.8970048425655,20.75,21.25
328.0,21.06560386593296,21.44379420263137,5.564682913685753,21.0,0,-0.4437942026313699,21.259462534403024,20.75,21.25
329.0,21.06250368174251,21.4351986995854,5.566357017199552,21.0,0,-0.43519869958539914,21.34924366912569,20.75,21.25
330.0,21.059404452409602,21.392389287101235,5.568030689407845,21.0,0,-0.3923892871012349,20.964295162259592,20.75,21.25
331.0,21.056306177657003,21.319837286511614,5.569703929036058,21.0,1,-0.31983728651161414,20.594317280615407,20.75,21.25
332.0,21.07320885720728,21.278144568580238,5.571376734809947,21.0,1,-0.27814456858023817,20.86121738926648,20.75,21.25
333.0,21.0901084907828,21.313288273778365,5.573049105455596,21.0,0,-0.3132882737783653,21.664725325759637,20.75,21.25
334.0,21.087005078905733,21.319377945609528,5.5747210396994245,21.0,0,-0.3193779456095278,21.380274663921153,20.75,21.25
335.0,21.08390262209789,21.372231700479766,5.5763925362681785,21.0,0,-0.37223170047976595,21.900769249182147,20.75,21.25
336.0,21.080801120080725,21.430662423542266,5.578063593888944,21.0,0,-0.430662423542266,22.014969654167267,20.75,21.25
337.0,21.077700572575488,21.42243254000149,5.579734211289135,21.0,0,-0.4224325400014912,21.340133704593743,20.75,21.25
338.0,21.07460097930323,21.34402323026571,5.581404387196505,21.0,1,-0.3440232302657087,20.559930132907883,20.75,21.25
339.0,21.09150233998481,21.245926276968714,5.583074120339143,21.0,1,-0.2459262769687136,20.264956743998763,20.75,21.25
340.0,21.10840065434088,21.115871650512684,5.5847434094454735,21.0,1,-0.115871650512684,19.815325385952388,20.75,21.25
341.0,21.1252959228919,21.06682866965069,5.58641225324426,21.0,1,-0.06682866965068968,20.576398861030746,20.75,21.25
342.0,21.14218814615797,21.07383028034758,5.588080650464608,21.0,1,-0.07383028034757899,21.143846387316472,20.75,21.25
343.0,21.15907732465883,21.18140479581882,5.589748599835957,21.0,0,-0.18140479581882119,22.257149950531243,20.75,21.25
344.0,21.155963458913867,21.260693086694694,5.591416100088093,21.0,0,-0.26069308669469393,22.05357599545342,20.75,21.25
345.0,21.152850549442103,21.32259158216266,5.593083149951142,21.0,0,-0.3225915821626586,21.941576536842305,20.75,21.25
346.0,21.149738595962205,21.37262418937833,5.5947497481555715,21.0,0,-0.37262418937833175,21.872950261535063,20.75,21.25
347.0,21.146627598192644,21.523387417888777,5.596415893432196,21.0,0,-0.5233874178887774,23.031019702993234,20.75,21.25
348.0,21.14351755585169,21.541741310268055,5.598081584512173,21.0,0,-0.5417413102680548,21.72528023406083,20.75,21.25
349.0,21.140408468657423,21.515829152566553,5.599746820127006,21.0,0,-0.5158291525665533,21.256707575551538,20.75,21.25
350.0,21.137300336327716,21.594927275616346,5.6014115990085465,21.0,0,-0.594927275616346,22.385908506114273,20.75,21.25
351.0,21.134193158580253,21.617949466046493,5.603075919888991,21.0,0,-0.6179494660464933,21.848171370347966,20.75,21.25
352.0,21.131086935132515,21.51058935507419,5.604739781500889,21.0,1,-0.5105893550741882,20.436988245351138,20.75,21.25
353.0,21.14798166570179,21.474286290433547,5.606403182577136,21.0,1,-0.47428629043354675,21.111255644027132,20.75,21.25
354.0,21.164873350005163,21.527523490901764,5.608066121850981,21.0,0,-0.5275234909017641,22.059895495583937,20.75,21.25
355.0,21.161761988559533,21.447949850549573,5.609728598056021,21.0,1,-0.44794985054957337,20.652213447027666,20.75,21.25
356.0,21.178651581881432,21.558338246314406,5.611390609926211,21.0,0,-0.5583382463144062,22.662222203962735,20.75,21.25
357.0,21.17553812968704,21.598489151771556,5.613052156195855,21.0,0,-0.598489151771556,21.999998206343054,20.75,21.25
358.0,21.17242563249234,21.633196487091624,5.6147132355996145,21.0,0,-0.6331964870916238,21.9802698402923,20.75,21.25
359.0,21.169314090012964,21.630088811713428,5.616373846872503,21.0,0,-0.6300888117134278,21.599012057931468,20.75,21.25
360.0,21.166203501964336,21.717383188158948,5.618033988749895,21.0,0,-0.7173831881589479,22.59032695261415,20.75,21.25
361.0,21.163093868061694,21.60967838067054,5.619693659967519,21.0,1,-0.609678380670541,20.532630305786473,20.75,21.25
362.0,21.179985188020076,21.532978004223914,5.621352859261464,21.0,1,-0.5329780042239136,20.76597423975764,20.75,21.25
363.0,21.196873461554326,21.448719433206723,5.623011585368176,21.0,1,-0.4487194332067226,20.606133723034812,20.75,21.25
364.0,21.213758689179087,21.509973752930673,5.624669837024465,21.0,0,-0.5099737529306729,22.122516950170176,20.75,21.25
365.0,21.210640871408657,21.413175458345652,5.626327612967499,21.0,1,-0.41317545834565195,20.445192512495442,20.75,21.25
366.0,21.22752400875697,21.405549296127674,5.62798491193481,21.0,0,-0.4055492961276741,21.329287673947896,20.75,21.25
367.0,21.224404100937605,21.391429946272076,5.629641732664292,21.0,0,-0.3914299462720763,21.250236447716098,20.75,21.25
368.0,21.22128514846395,21.42446079014772,5.631298073894205,21.0,0,-0.42446079014771954,21.754769228904152,20.75,21.25
369.0,21.218167151049034,21.33031113324287,5.632953934363172,21.0,1,-0.3303111332428692,20.388814564194366,20.75,21.25
370.0,21.235050108405698,21.416003196019638,5.634609312810184,21.0,0,-0.41600319601963776,22.272923823787323,20.75,21.25
371.0,21.23193002024658,21.50394611198836,5.636264207974598,21.0,0,-0.503946111988359,22.383375271675572,20.75,21.25
372.0,21.228810887084126,21.60567624679113,5.63791861859614,21.0,0,-0.6056762467911305,22.622977594818845,20.75,21.25
373.0,21.22569270863043,21.691833616357595,5.6395725434149035,21.0,0,-0.6918336163575951,22.55340731202224,20.75,21.25
374.0,21.222575484597385,21.703463002777607,5.6412259811713525,21.0,0,-0.7034630027776068,21.819756866977723,20.75,21.25
375.0,21.219459214696702,21.732045861089315,5.642878930606323,21.0,0,-0.7320458610893148,22.017874444206395,20.75,21.25
376.0,21.216343898639884,21.640971109677526,5.644531390461022,21.0,1,-0.6409711096775261,20.73022359555964,20.75,21.25
377.0,21.23322953613825,21.641565230898852,5.646183359477029,21.0,0,-0.641565230898852,21.64750644311211,20.75,21.25
378.0,21.230112126902917,21.60743482704998,5.6478348363962985,21.0,0,-0.6074348270499783,21.26613078856124,20.75,21.25
379.0,21.226995671444815,21.669894296046373,5.649485819961159,21.0,0,-0.6698942960463725,22.294488986010315,20.75,21.25
380.0,21.22388016947452,21.66586206450438,5.651136308914314,21.0,0,-0.6658620645043811,21.625539749084467,20.75,21.25
381.0,21.22076562070241,21.680336185307983,5.652786301998844,21.0,0,-0.6803361853079828,21.825077393344,20.75,21.25
382.0,21.217652024838667,21.58124026370144,5.654435797958207,21.0,1,-0.5812402637014387,20.590281047635997,20.75,21.25
383.0,21.23453938159329,21.525390781286816,5.656084795536243,21.0,1,-0.5253907812868164,20.966895957140594,20.75,21.25
384.0,21.251423690676077,21.561614556745194,5.6577332934771665,21.0,0,-0.5616145567451944,21.923852311328975,20.75,21.25
385.0,21.248304952596637,21.525987825908242,5.659381290525575,21.0,0,-0.525987825908242,21.169720517538718,20.75,21.25
386.0,21.245187167864223,21.53804893984613,5.661028785426446,21.0,0,-0.5380489398461314,21.658660079225026,20.75,21.25
387.0,21.242070336187737,21.613761200334228,5.662675776925142,21.0,0,-0.6137612003342277,22.37088380521519,20.75,21.25
388.0,21.238954457275884,21.74036208552643,5.664322263767406,21.0,0,-0.7403620855264315,23.00637093744847,20.75,21.25
389.0,21.235839530837183,21.649017750964997,5.665968244699369,21.0,1,-0.6490177509649975,20.735574405350658,20.75,21.25
390.0,21.252725556579954,21.613021749825357,5.667613718467542,21.0,0,-0.6130217498253572,21.253061738428954,20.75,21.25
391.0,21.24960853421233,21.650032427463408,5.669258683818827,21.0,0,-0.6500324274634082,22.020139203843918,20.75,21.25
392.0,21.24649246424225,21.63399611040642,5.67090313950051,21.0,0,-0.6339961104064216,21.473632939836556,20.75,21.25
393.0,21.243377346377304,21.55533889906213,5.672547084260268,21.0,0,-0.5553388990621286,20.7687667856192,20.75,21.25
394.0,21.24026318032488,21.567965312072722,5.674190516846164,21.0,0,-0.5679653120727224,21.69422944217866,20.75,21.25
395.0,21.237149965792185,21.59172641939856,5.675833436006654,21.0,0,-0.5917264193985616,21.829337492656954,20.75,21.25
396.0,21.234037702486226,21.561351934109716,5.677475840490583,21.0,0,-0.561351934109716,21.25760708122126,20.75,21.25
397.0,21.230926390113826,21.55673099239427,5.679117729047188,21.0,0,-0.5567309923942716,21.510521575239828,20.75,21.25
398.0,21.227816028381614,21.541843886162916,5.6807591004261,21.0,0,-0.5418438861629156,21.392972823849355,20.75,21.25
399.0,21.224706616996023,21.555982917810713,5.6823999533773435,21.0,0,-0.555982917810713,21.697373234288687,20.75,21.25
400.0,21.2215981556633,21.537772236268545,5.684040286651338,21.0,0,-0.5377722362685446,21.35566542084686,20.75,21.25
401.0,21.2184906440895,21.509130039259514,5.685680098998897,21.0,0,-0.5091300392595137,21.222708069169204,20.75,21.25
402.0,21.21538408198048,21.464549072308525,5.687319389171233,21.0,0,-0.46454907230852527,21.01873940279864,20.75,21.25
403.0,21.21227846904192,21.43018443368448,5.688958155919954,21.0,0,-0.4301844336844809,21.086538047444037,20.75,21.25
404.0,21.209173804979294,21.43952891455934,5.690596397997069,21.0,0,-0.4395289145593395,21.532973723307926,20.75,21.25
405.0,21.206070089497896,21.439583723515383,5.692234114154986,21.0,0,-0.43958372351538344,21.440131813075823,20.75,21.25
406.0,21.202967322302825,21.38953253219115,5.693871303146512,21.0,0,-0.3895325321911507,20.889020618948823,20.75,21.25
407.0,21.199865503098994,21.416962962934583,5.695507963724856,21.0,0,-0.41696296293458346,21.69126727036891,20.75,21.25
408.0,21.19676463159112,21.486054904937326,5.6971440946436305,21.0,0,-0.48605490493732617,22.176974324964753,20.75,21.25
409.0,21.19366470748373,21.44363210751093,5.69877969465685,21.0,0,-0.4436321075109291,21.019404133246958,20.75,21.25
410.0,21.190565730481165,21.443746883279005,5.7004147625189345,21.0,0,-0.4437468832790046,21.44489464095976,20.75,21.25
411.0,21.187467700287574,21.441701982539733,5.702049296984709,21.0,0,-0.44170198253973325,21.42125297514702,20.75,21.25
412.0,21.184370616606913,21.49419283985602,5.703683296809404,21.0,0,-0.49419283985601936,22.01910141301888,20.75,21.25
413.0,21.181274479142953,21.515986100613922,5.705316760748657,21.0,0,-0.5159861006139224,21.733918708192952,20.75,21.25
414.0,21.178179287599274,21.52762903308605,5.706949687558514,21.0,0,-0.5276290330860505,21.64405835780733,20.75,21.25
415.0,21.175085041679267,21.473977693560833,5.708582075995432,21.0,0,-0.4739776935608333,20.93746429830866,20.75,21.25
416.0,21.17199174108613,21.516038274143796,5.710213924816274,21.0,0,-0.5160382741437957,21.93664407997342,20.75,21.25
417.0,21.168899385522877,21.450887423747268,5.711845232778318,21.0,0,-0.4508874237472682,20.799378919781994,20.75,21.25
418.0,21.165807974692328,21.352427736251506,5.71347599863925,21.0,1,-0.3524277362515065,20.36783086129389,20.75,21.25
419.0,21.182717508297117,21.391367721171004,5.715106221157173,21.0,0,-0.3913677211710045,21.780767570365985,20.75,21.25
420.0,21.17962398603969,21.449025371046474,5.716735899090601,21.0,0,-0.4490253710464742,22.02560186980117,20.75,21.25
421.0,21.1765314084223,21.511037390054547,5.718365031198462,21.0,0,-0.5110373900545468,22.131157580135273,20.75,21.25
422.0,21.173439775146853,21.510925950907946,5.719993616240102,21.0,0,-0.5109259509079465,21.509811559441943,20.75,21.25
423.0,21.17034908591507,21.547631702041276,5.7216216529752835,21.0,0,-0.5476317020412758,21.91468921337457,20.75,21.25
424.0,21.167259340428483,21.447616270681543,5.723249140164184,21.0,1,-0.44761627068154297,20.447461957084215,20.75,21.25
425.0,21.18417053838843,21.46442271541939,5.724876076567403,21.0,0,-0.4644227154193885,21.632487162797844,20.75,21.25
426.0,21.181078679496064,21.434361997098264,5.726502460945957,21.0,0,-0.4343619970982644,21.133754813887023,20.75,21.25
427.0,21.177987764252354,21.455791408732992,5.728128292061283,21.0,0,-0.45579140873299195,21.670085525080268,20.75,21.25
428.0,21.174897792357914,21.414157494322463,5.729753568675239,21.0,0,-0.4141574943224633,20.997818350217177,20.75,21.25
429.0,21.171808763513177,21.515812473163948,5.731378289550109,21.0,0,-0.5158124731639475,22.53236226157879,20.75,21.25
430.0,21.168720677418385,21.490757712148728,5.733002453448594,21.0,0,-0.4907577121487279,21.24021010199653,20.75,21.25
431.0,21.16563353377359,21.507100211002886,5.734626059133825,21.0,0,-0.5071002110028857,21.670525199544464,20.75,21.25
432.0,21.162547332278663,21.54890570152769,5.736249105369356,21.0,0,-0.5489057015276906,21.96696060677574,20.75,21.25
433.0,21.159462072633282,21.600348763413354,5.737871590919164,21.0,0,-0.6003487634133542,22.11477938226999,20.75,21.25
434.0,21.15637775453694,21.558985576162108,5.739493514547658,21.0,0,-0.5589855761621081,21.145353703649647,20.75,21.25
435.0,21.153294377688944,21.58756366440791,5.741114875019672,21.0,0,-0.5875636644079094,21.873344546865923,20.75,21.25
436.0,21.15021194178841,21.60534476702341,5.742735671100469,21.0,0,-0.6053447670234107,21.783155793178423,20.75,21.25
437.0,21.147130446534273,21.519556149173702,5.7443559015557435,21.0,1,-0.5195561491737024,20.66166997067662,20.75,21.25
438.0,21.16404989162528,21.548555288402458,5.745975565151618,21.0,0,-0.5485552884024578,21.838546680690012,20.75,21.25
439.0,21.160966276759986,21.518492055021458,5.747594660654649,21.0,0,-0.5184920550214578,21.217859721211457,20.75,21.25
440.0,21.157883602436765,21.59551926637982,5.749213186831824,21.0,0,-0.5955192663798208,22.36579137996345,20.75,21.25
441.0,21.154801868353644,21.526028336108094,5.750831142450566,21.0,0,-0.5260283361080944,20.83111903339083,20.75,21.25
442.0,21.151721074208464,21.604241442807087,5.752448526278731,21.0,0,-0.604241442807087,22.386372509797013,20.75,21.25
443.0,21.148641219698877,21.516161784171736,5.7540653370846115,21.0,1,-0.5161617841717359,20.635365197818224,20.75,21.25
444.0,21.165562304522354,21.604111127378115,5.7556815736369344,21.0,0,-0.6041111273781148,22.483604559441904,20.75,21.25
445.0,21.162480328376176,21.555825737203342,5.757297234704866,21.0,0,-0.5558257372033424,21.07297183545562,20.75,21.25
446.0,21.159399291757442,21.524035632893877,5.75891231905801,21.0,0,-0.5240356328938773,21.206134589799227,20.75,21.25
447.0,21.1563191943629,21.461299554996913,5.7605268254664095,21.0,0,-0.4612995549969128,20.833938776027267,20.75,21.25
448.0,21.153240035889123,21.541802016250347,5.762140752700548,21.0,0,-0.5418020162503474,22.346826628784694,20.75,21.25
449.0,21.150161816032487,21.442296198496674,5.763754099531349,21.0,1,-0.442296198496674,20.44723802095994,20.75,21.25
450.0,21.167084534489188,21.41923069119388,5.765366864730179,21.0,1,-0.41923069119388146,21.188575618165956,20.75,21.25
451.0,21.184004190955235,21.517469835800245,5.766979047068848,21.0,0,-0.5174698358002452,22.499861281863883,20.75,21.25
452.0,21.180920785926457,21.519677245089305,5.768590645319607,21.0,0,-0.519677245089305,21.541751337979903,20.75,21.25
453.0,21.177838319898335,21.503837866588857,5.770201658255156,21.0,0,-0.5038378665888565,21.345444081584372,20.75,21.25
454.0,21.174756792566008,21.57806215381663,5.771812084648637,21.0,0,-0.5780621538166315,22.32030502609438,20.75,21.25
455.0,21.171676203624425,21.525189666790645,5.7734219232736415,21.0,0,-0.525189666790645,20.99646479653078,20.75,21.25
456.0,21.168596552768356,21.498836029828244,5.775031172904206,21.0,0,-0.4988360298282437,21.23529966020423,20.75,21.25
457.0,21.165517839692384,21.544502921833843,5.776639832314817,21.0,0,-0.5445029218338426,22.001171841889832,20.75,21.25
458.0,21.16244006409091,21.532641552399124,5.778247900280412,21.0,0,-0.5326415523991237,21.414027858051934,20.75,21.25
459.0,21.159363225658147,21.483253998753078,5.779855375576377,21.0,0,-0.48325399875307795,20.98937846229262,20.75,21.25
460.0,21.15628732408813,21.548702031671873,5.781462256978547,21.0,0,-0.5487020316718727,22.20318236085982,20.75,21.25
461.0,21.153212359074708,21.594040536691537,5.783068543263215,21.0,0,-0.5940405366915371,22.04742558688818,20.75,21.25
462.0,21.150138330311545,21.536726862756744,5.784674233207123,21.0,0,-0.5367268627567441,20.963590123408814,20.75,21.25
463.0,21.147065237492125,21.566216708578857,5.786279325587468,21.0,0,-0.5662167085788568,21.861115166799983,20.75,21.25
464.0,21.143993080309745,21.63087865959344,5.787883819181902,21.0,0,-0.6308786595934386,22.277498169739257,20.75,21.25
465.0,21.14092185845752,21.585117784198943,5.789487712768534,21.0,0,-0.5851177841989426,21.127509030253982,20.75,21.25
466.0,21.13785157162838,21.554611275134516,5.79109100512593,21.0,0,-0.5546112751345156,21.249546184490246,20.75,21.25
467.0,21.13478221951508,21.50691517069897,5.792693695033112,21.0,0,-0.5069151706989707,21.029954126343522,20.75,21.25
468.0,21.131713801810186,21.39526038783357,5.794295781269561,21.0,1,-0.3952603878335701,20.278712559179564,20.75,21.25
469.0,21.148646318206076,21.331471661617975,5.79589726261522,21.0,1,-0.33147166161797514,20.693584399462026,20.75,21.25
470.0,21.16557576839496,21.32695126301231,5.797498137850493,21.0,0,-0.3269512630123117,21.281747276955677,20.75,21.25
471.0,21.16250215286885,21.31962123799985,5.79909840575624,21.0,0,-0.31962123799985065,21.24632098787524,20.75,21.25
472.0,21.159429472119427,21.374275600781242,5.80069806511379,21.0,0,-0.37427560078124245,21.92081922859516,20.75,21.25
473.0,21.156357725838028,21.45803179374298,5.802297114704932,21.0,0,-0.458031793742979,22.295593723360344,20.75,21.25
474.0,21.1532869137158,21.42141892719613,5.8038955533119205,21.0,0,-0.42141892719612883,21.055290261727627,20.75,21.25
475.0,21.15021703544372,21.383695361542898,5.805493379717475,21.0,0,-0.3836953615428982,21.00645970501059,20.75,21.25
476.0,21.147148090712577,21.408989390876847,5.80709059270478,21.0,0,-0.4089893908768474,21.66192968421634,20.75,21.25
477.0,21.144080079212976,21.446486194011687,5.80868719105749,21.0,0,-0.4464861940116869,21.821454225360082,20.75,21.25
478.0,21.141013000635347,21.410248216135273,5.810283173559725,21.0,0,-0.4102482161352725,21.04786843737113,20.75,21.25
479.0,21.13794685466993,21.422128986686793,5.811878538996075,21.0,0,-0.42212898668679344,21.540936692202003,20.75,21.25
480.0,21.134881641006796,21.488494309369365,5.8134732861516,21.0,0,-0.488494309369365,22.15214753619508,20.75,21.25
481.0,21.131817359335827,21.48505044821727,5.815067413811831,21.0,0,-0.48505044821726884,21.450611836696307,20.75,21.25
482.0,21.12875400934672,21.436192495358185,5.81666092076277,21.0,0,-0.43619249535818483,20.947612966767345,20.75,21.25
483.0,21.125691590729005,21.476590606446916,5.818253805790892,21.0,0,-0.47659060644691564,21.880571717334224,20.75,21.25
484.0,21.122630103172018,21.491564457637146,5.819846067683145,21.0,0,-0.4915644576371463,21.641302969539453,20.75,21.25
485.0,21.11956954636492,21.540484561516145,5.821437705226955,21.0,0,-0.5404845615161449,22.02968560030613,20.75,21.25
486.0,21.116509919996695,21.489718443130393,5.823028717210217,21.0,0,-0.4897184431303927,20.98205725927287,20.75,21.25
487.0,21.113451223756137,21.51432172600189,5.82461910242131,21.0,0,-0.5143217260018886,21.760354554716848,20.75,21.25
488.0,21.11039345733187,21.572335780745558,5.826208859649084,21.0,0,-0.5723357807455578,22.15247632818225,20.75,21.25
489.0,21.107336620412333,21.536061023176593,5.827797987682869,21.0,0,-0.5360610231765932,21.173313447486947,20.75,21.25
490.0,21.10428071268579,21.392656476434382,5.829386485312478,21.0,1,-0.3926564764343823,19.958611009012273,20.75,21.25
491.0,21.121225733840316,21.464632160521273,5.830974351328199,21.0,0,-0.46463216052127265,22.184389001390176,20.75,21.25
492.0,21.11816768356381,21.491846843164716,5.8325615845208025,21.0,0,-0.4918468431647156,21.763993669599145,20.75,21.25
493.0,21.115110562344004,21.406683593462965,5.834148183681542,21.0,1,-0.4066835934629651,20.55505109644546,20.75,21.25
494.0,21.13205436986827,21.39512209703836,5.835734147602153,21.0,0,-0.3951220970383602,21.27950713279231,20.75,21.25
495.0,21.12899510582382,21.435336641149505,5.837319475074856,21.0,0,-0.43533664114950454,21.837482082260948,20.75,21.25
496.0,21.12593677069767,21.351987842685197,5.838904164892354,21.0,1,-0.35198784268519745,20.518499858042127,20.75,21.25
497.0,21.14287936417651,21.320455095306862,5.840488215847837,21.0,1,-0.3204550953068619,21.005127621523506,20.75,21.25
498.0,21.15981888594684,21.35645175783122,5.842071626734982,21.0,0,-0.35645175783121985,21.7164183830748,20.75,21.25
499.0,21.156755336495,21.37987653469667,5.843654396347952,21.0,0,-0.3798765346966704,21.614124303351176,20.75,21.25
500.0,21.15369271630697,21.405139715697672,5.8452365234813985,21.0,0,-0.40513971569767193,21.657771525707687,20.75,21.25
501.0,21.150631025068407,21.43077076605377,5.846818006930464,21.0,0,-0.43077076605376874,21.687081269614737,20.75,21.25
502.0,21.14757026246478,21.450992453944203,5.84839884549078,21.0,0,-0.4509924539442025,21.65320933284854,20.75,21.25
503.0,21.144510428181384,21.415254328895678,5.8499790379584695,21.0,0,-0.4152543288956778,21.05787307841043,20.75,21.25
504.0,21.14145152190334,21.407477640780183,5.851558583130146,21.0,0,-0.4074776407801828,21.329710759625232,20.75,21.25
505.0,21.138393543315583,21.458244882755956,5.853137479802917,21.0,0,-0.458244882755956,21.965917302513688,20.75,21.25
506.0,21.13533649210288,21.426791506065502,5.854715726774385,21.0,0,-0.4267915060655021,21.112257739160963,20.75,21.25
507.0,21.132280367949814,21.407706969278944,5.856293322842646,21.0,0,-0.40770696927894434,21.216861601413367,20.75,21.25
508.0,21.129225170540792,21.418367889711174,5.857870266806292,21.0,0,-0.418367889711174,21.52497709403347,20.75,21.25
509.0,21.126170899560044,21.417953370098626,5.859446557464411,21.0,0,-0.4179533700986262,21.41380817397315,20.75,21.25
510.0,21.123117554691625,21.41243219346641,5.8610221936165905,21.0,0,-0.4124321934664117,21.357220427144266,20.75,21.25
511.0,21.12006513561941,21.436346808776705,5.8625971740629135,21.0,0,-0.4363468087767046,21.675492961879634,20.75,21.25
512.0,21.117013642027096,21.47853765650213,5.864171497603965,21.0,0,-0.4785376565021302,21.900446133756386,20.75,21.25
513.0,21.11396307359821,21.456412357757333,5.8657451630408275,21.0,0,-0.45641235775733335,21.235159370309365,20.75,21.25
514.0,21.110913430016097,21.53834233038311,5.867318169175088,21.0,0,-0.5383423303831094,22.35764205664087,20.75,21.25
515.0,21.10786471096393,21.49915726165036,5.868890514808834,21.0,0,-0.49915726165036034,21.10730657432287,20.75,21.25
516.0,21.1048169161247,21.481446393911625,5.870462198744655,21.0,0,-0.48144639391162514,21.304337716524273,20.75,21.25
517.0,21.101770045181226,21.480586927046655,5.872033219785646,21.0,0,-0.4805869270466552,21.471992258396956,20.75,21.25
518.0,21.098724097816145,21.568415575848924,5.8736035767354045,21.0,0,-0.568415575848924,22.446702063871612,20.75,21.25
519.0,21.095679073711928,21.48287438754998,5.875173268398037,21.0,1,-0.48287438754998036,20.627462504560544,20.75,21.25
520.0,21.112634972550865,21.38978309821702,5.876742293578155,21.0,1,-0.38978309821701984,20.458870204887415,20.75,21.25
521.0,21.12958779401507,21.376935802930742,5.878310651080877,21.0,1,-0.3769358029307419,21.248462850067963,20.75,21.25
522.0,21.146537538586482,21.34803515125149,5.87987833971183,21.0,1,-0.34803515125149076,21.05902863445898,20.75,21.25
523.0,21.16348420674671,21.29283206194907,5.881445358277152,21.0,1,-0.2928320619490705,20.740801168924868,20.75,21.25
524.0,21.180427798977014,21.373309834393904,5.88301170558349,21.0,0,-0.3733098343939041,22.17808755884224,20.75,21.25
525.0,21.177368315758336,21.429467857997757,5.884577380438002,21.0,0,-0.4294678579977571,21.991048094036287,20.75,21.25
526.0,21.174309757571272,21.455383583086316,5.88614238164836,21.0,0,-0.45538358308631643,21.71454083397191,20.75,21.25
527.0,21.17125212409609,21.459183648373322,5.887706708022744,21.0,0,-0.4591836483733225,21.497184301243383,20.75,21.25
528.0,21.168195415012875,21.442063152382026,5.889270358369855,21.0,0,-0.4420631523820262,21.270858192469063,20.75,21.25
529.0,21.165139630001548,21.403437336001964,5.890833331498904,21.0,0,-0.4034373360019643,21.017179172201345,20.75,21.25
530.0,21.16208476874185,21.396020613768155,5.892395626219617,21.0,0,-0.39602061376815456,21.321853391430057,20.75,21.25
531.0,21.159030830913345,21.41494400600179,5.8939572413422425,21.0,0,-0.4149440060017895,21.60417792833814,20.75,21.25
532.0,21.15597781619543,21.356885264359526,5.895518175677539,21.0,0,-0.3568852643595264,20.776297847936895,20.75,21.25
533.0,21.152925724267327,21.419202843404246,5.89707842803679,21.0,0,-0.4192028434042463,22.042378633851445,20.75,21.25
534.0,21.14987455480808,21.411935090475275,5.898637997231793,21.0,0,-0.411935090475275,21.339257561185562,20.75,21.25
535.0,21.146824307496566,21.53356780293924,5.90019688207487,21.0,0,-0.5335678029392383,22.74989492757887,20.75,21.25
536.0,21.143774982011482,21.57115674087997,5.9017550813788615,21.0,0,-0.5711567408799709,21.947046120287297,20.75,21.25
537.0,21.140726578031355,21.626289960374613,5.903312593957131,21.0,0,-0.6262899603746135,22.17762215532104,20.75,21.25
538.0,21.13767909523454,21.55629193921643,5.904869418623566,21.0,0,-0.5562919392164289,20.856311727634584,20.75,21.25
539.0,21.134632533299218,21.59707470472514,5.906425554192575,21.0,0,-0.5970747047251415,22.004902359812267,20.75,21.25
540.0,21.131586891903396,21.484949883534142,5.9079809994790935,21.0,1,-0.48494988353414215,20.36370167162415,20.75,21.25
541.0,21.148542170724912,21.432702730279626,5.9095357532985835,21.0,1,-0.432702730279626,20.910231197734465,20.75,21.25
542.0,21.165494369441426,21.39457696544821,5.911089814467031,21.0,1,-0.3945769654482092,21.01331931713404,20.75,21.25
543.0,21.18244348853043,21.44185538496157,5.912643181800951,21.0,0,-0.4418553849615705,21.914639580095184,20.75,21.25
544.0,21.179389528469084,21.37467584838915,5.914195854117389,21.0,1,-0.374675848389149,20.702880482664934,20.75,21.25
545.0,21.196336489734215,21.41116313570871,5.915747830233913,21.0,0,-0.41116313570870844,21.776036008904303,20.75,21.25
546.0,21.193280372002313,21.41861668392823,5.9172991089686295,21.0,0,-0.4186166839282315,21.493152166123462,20.75,21.25
547.0,21.190225175749706,21.456372323690907,5.918849689140171,21.0,0,-0.45637232369090697,21.833928721317662,20.75,21.25
548.0,21.187170900652383,21.462952657235114,5.920399569567703,21.0,0,-0.4629526572351139,21.528755992677183,20.75,21.25
549.0,21.184117546386165,21.50027290188778,5.921948749070925,21.0,0,-0.5002729018877794,21.873475348414434,20.75,21.25
550.0,21.1810651126267,21.514829415893075,5.923497226470068,21.0,0,-0.5148294158930753,21.660394555946034,20.75,21.25
551.0,21.17801359904947,21.514955077875307,5.9250450005859,21.0,0,-0.5149550778753067,21.51621169769762,20.75,21.25
552.0,21.17496300532978,21.529407875727152,5.926592070239724,21.0,0,-0.5294078757271521,21.673935854245606,20.75,21.25
553.0,21.17191333114276,21.426961242451917,5.928138434253378,21.0,1,-0.4269612424519167,20.402494909699563,20.75,21.25
554.0,21.188864576163382,21.36893489177233,5.929684091449239,21.0,1,-0.3689348917723301,20.788671384976464,20.75,21.25
555.0,21.20581274006644,21.405398929015853,5.931229040650223,21.0,0,-0.4053989290158526,21.770039301451078,20.75,21.25
556.0,21.202757823326554,21.384769016516096,5.932773280679783,21.0,0,-0.3847690165160955,21.178469891518525,20.75,21.25
557.0,21.199703826418023,21.40895659778518,5.934316810361912,21.0,0,-0.40895659778518123,21.65083241047604,20.75,21.25
558.0,21.19665074901481,21.50432784507992,5.935859628521147,21.0,0,-0.5043278450799207,22.458040318027315,20.75,21.25
559.0,21.193598590790714,21.581394130741053,5.937401733982563,21.0,0,-0.5813941307410531,22.352056987352377,20.75,21.25
560.0,21.19054735141935,21.52341634990442,5.9389431255717815,21.0,0,-0.5234163499044193,20.943638541538082,20.75,21.25
561.0,21.187497030574182,21.576120259452395,5.940483802114964,21.0,0,-0.5761202594523951,22.103159354932153,20.75,21.25
562.0,21.18444762792849,21.55105826400858,5.94202376243882,21.0,0,-0.5510582640085815,21.300438309570445,20.75,21.25
563.0,21.18139914315539,21.437459630954145,5.943563005370601,21.0,1,-0.43745963095414453,20.301473300409775,20.75,21.25
564.0,21.19835157592783,21.420317317064537,5.945101529738108,21.0,1,-0.4203173170645371,21.248894178168463,20.75,21.25
565.0,21.215300925918594,21.402000403691403,5.946639334369687,21.0,1,-0.4020004036914031,21.218831269960063,20.75,21.25
566.0,21.232247193600283,21.40879923369429,5.948176418094232,21.0,0,-0.40879923369428894,21.476787533723147,20.75,21.25
567.0,21.229190379445182,21.385668177102332,5.949712779741189,21.0,0,-0.3856681771023318,21.15435761118276,20.75,21.25
568.0,21.22613448392524,21.395332615296894,5.95124841814055,21.0,0,-0.3953326152968941,21.491976997242517,20.75,21.25
569.0,21.223079506712082,21.414702135972657,5.952783332122861,21.0,0,-0.41470213597265726,21.60839734273029,20.75,21.25
570.0,21.220025447477166,21.524260437582658,5.954317520519217,21.0,0,-0.5242604375826581,22.619843453682666,20.75,21.25
571.0,21.216972305891776,21.46222011078995,5.955850982161267,21.0,0,-0.46222011078994996,20.84181684286287,20.75,21.25
572.0,21.21392008162703,21.48073152960937,5.957383715881214,21.0,0,-0.4807315296093684,21.665845717803553,20.75,21.25
573.0,21.21086877435388,21.503090715146595,5.958915720511813,21.0,0,-0.5030907151465946,21.726682570518857,20.75,21.25
574.0,21.207818383743113,21.487342822394133,5.960446994886378,21.0,0,-0.4873428223941332,21.32986389486952,20.75,21.25
575.0,21.204768909465344,21.386042948421892,5.961977537838775,21.0,1,-0.3860429484218919,20.37304420869948,20.75,21.25
576.0,21.221720351191017,21.359352865337247,5.96350734820343,21.0,1,-0.35935286533724664,21.092452034490794,20.75,21.25
577.0,21.23866870859042,21.377421479732583,5.9650364248153265,21.0,0,-0.37742147973258255,21.55810762368594,20.75,21.25
578.0,21.235613982133664,21.462971079203925,5.966564766510005,21.0,0,-0.4629710792039248,22.318467073917347,20.75,21.25
579.0,21.23256017229054,21.487671622270796,5.968092372123566,21.0,0,-0.4876716222707955,21.734677052939503,20.75,21.25
580.0,21.229507278730505,21.53712383516094,5.969619240492674,21.0,0,-0.5371238351609406,22.031645964062392,20.75,21.25
581.0,21.226455301122858,21.696695339361913,5.9711453704545505,21.0,0,-0.6966953393619129,23.292410381371635,20.75,21.25
582.0,21.223404239136723,21.728317003772315,5.972670760846981,21.0,0,-0.7283170037723146,22.04453364787633,20.75,21.25
583.0,21.220354092441067,21.659922767199696,5.974195410508315,21.0,0,-0.6599227671996957,20.975980401473507,20.75,21.25
584.0,21.21730486070468,21.703085751311512,5.9757193182774655,21.0,0,-0.7030857513115123,22.13471559242968,20.75,21.25
585.0,21.214256543596193,21.69875664264451,5.97724248299391,21.0,0,-0.6987566426445113,21.6554655559745,20.75,21.25
586.0,21.21120914078407,21.606466489757203,5.978764903497693,21.0,1,-0.606466489757203,20.68356496088412,20.75,21.25
587.0,21.228162651936614,21.561697419794644,5.980286578629424,21.0,1,-0.561697419794644,21.114006720169055,20.75,21.25
588.0,21.245113076721953,21.591621951824045,5.981807507230282,21.0,0,-0.5916219518240453,21.890867272118058,20.75,21.25
589.0,21.242060415608055,21.539462260214695,5.983327688142013,21.0,0,-0.5394622602146946,21.017865344121187,20.75,21.25
590.0,21.23900866906256,21.52821022904585,5.984847120206934,21.0,0,-0.5282102290458504,21.41568991735741,20.75,21.25
591.0,21.23595783675279,21.554888177009428,5.986365802267931,21.0,0,-0.5548881770094276,21.8216676566452,20.75,21.25
592.0,21.23290791834589,21.495787443186035,5.987883733168462,21.0,0,-0.4957874431860354,20.904780104952113,20.75,21.25
593.0,21.229858913508856,21.48102015862269,5.989400911752556,21.0,0,-0.481020158622691,21.333347312989247,20.75,21.25
594.0,21.226810821908504,21.52658989384637,5.990917336864815,21.0,0,-0.5265898938463707,21.982287246083168,20.75,21.25
595.0,21.223763643211495,21.604547618727977,5.992433007350416,21.0,0,-0.6045476187279775,22.384124867544045,20.75,21.25
596.0,21.220717377084323,21.450096726860345,5.993947922055111,21.0,1,-0.45009672686034463,19.905587808184016,20.75,21.25
597.0,21.23767202319332,21.450003179562476,5.9954620798252245,21.0,0,-0.4500031795624757,21.449067706583786,20.75,21.25
598.0,21.234623581204644,21.450540668067486,5.99697547950766,21.0,0,-0.45054066806748594,21.45591555311759,20.75,21.25
599.0,21.231576051584305,21.417033484405106,5.9984881199499,21.0,0,-0.41703348440510624,21.08196164778131,20.75,21.25
600.0,21.228529433997977,21.32537669832426,6.0,21.0,1,-0.3253766983242592,20.40880883751579,20.75,21.25
601.0,21.24548372811118,21.43735880027354,6.001511118506599,21.0,0,-0.43735880027353957,22.557179819766343,20.75,21.25
602.0,21.24243493358926,21.542910777060012,6.003021474318914,21.0,0,-0.5429107770600119,22.598430544924735,20.75,21.25
603.0,21.239387050897406,21.588569345320305,6.004531066286745,21.0,0,-0.5885693453203054,22.04515502792324,20.75,21.25
604.0,21.236340079700483,21.50688479501355,6.0060398932604695,21.0,1,-0.5068847950135513,20.69003929194601,20.75,21.25
605.0,21.253294019663194,21.567341941880272,6.007547954091052,21.0,0,-0.5673419418802723,22.171913410547482,20.75,21.25
606.0,21.25024487045008,21.603789797901243,6.009055247630038,21.0,0,-0.6037897979012428,21.968268358110947,20.75,21.25
607.0,21.247196632525515,21.564016820334537,6.010561772729559,21.0,0,-0.5640168203345368,21.166287044667477,20.75,21.25
608.0,21.244149305553556,21.547304855526047,6.012067528242327,21.0,0,-0.5473048555260469,21.380185207441148,20.75,21.25
609.0,21.241102889198093,21.55724302769398,6.013572513021648,21.0,0,-0.5572430276939784,21.656624749373293,20.75,21.25
610.0,21.238057383122857,21.437936918862114,6.015076725921408,21.0,1,-0.43793691886211406,20.24487583054347,20.75,21.25
611.0,21.25501278699142,21.384579024669655,6.016580165796085,21.0,1,-0.3845790246696552,20.851000082745067,20.75,21.25
612.0,21.27196510046718,21.35235744069546,6.018082831500743,21.0,1,-0.35235744069546016,21.03014160095351,20.75,21.25
613.0,21.288914324013387,21.44235597537691,6.019584721891037,21.0,0,-0.44235597537690907,22.3423413221914,20.75,21.25
614.0,21.285860458092962,21.470963878286494,6.021085835823211,21.0,0,-0.47096387828649355,21.75704290738234,20.75,21.25
615.0,21.28280750316851,21.54980209184565,6.022586172154104,21.0,0,-0.549802091845649,22.338184227437203,20.75,21.25
616.0,21.279755458902308,21.612873984890808,6.024085729741143,21.0,0,-0.6128739848908076,22.243592915342393,20.75,21.25
617.0,21.276704324956476,21.67531715954238,6.02558450744235,21.0,0,-0.6753171595423808,22.299748906058113,20.75,21.25
618.0,21.273654100992974,21.54815663260798,6.02708250411634,21.0,1,-0.5481566326079808,20.27655136326398,20.75,21.25
619.0,21.290604786673597,21.555136351350445,6.028579718622325,21.0,0,-0.5551363513504448,21.624933538775085,20.75,21.25
620.0,21.28755238165999,21.545097591237543,6.0300761498201085,21.0,0,-0.5450975912375426,21.44470999010852,20.75,21.25
621.0,21.28450088641362,21.49420906263145,6.031571796570095,21.0,0,-0.4942090626314517,20.985323776570542,20.75,21.25
622.0,21.28145030059565,21.4917888710673,6.033066657733284,21.0,0,-0.49178887106729974,21.46758695542578,20.75,21.25
623.0,21.27840062386708,21.56799734181896,6.034560732171273,21.0,0,-0.567997341818959,22.33008204933555,20.75,21.25
624.0,21.27535185588874,21.541822555500055,6.036054018746261,21.0,0,-0.5418225555000546,21.28007469231101,20.75,21.25
625.0,21.272303996321313,21.5452811565547,6.037546516321043,21.0,0,-0.5452811565547009,21.579867167101163,20.75,21.25
626.0,21.269257044825313,21.54028285714609,6.039038223759019,21.0,0,-0.5402828571460887,21.490299863059967,20.75,21.25
627.0,21.266211001061098,21.518242663983425,6.040529139924188,21.0,0,-0.5182426639834254,21.297840732356793,20.75,21.25
628.0,21.263165864688872,21.469548722021862,6.042019263681153,21.0,0,-0.4695487220218624,20.98260930240623,20.75,21.25
629.0,21.26012163536867,21.50700622583038,6.043508593895119,21.0,0,-0.5070062258303807,21.881581263915564,20.75,21.25
630.0,21.257078312760374,21.474541652018285,6.044997129431898,21.0,0,-0.474541652018285,21.14989591389733,20.75,21.25
631.0,21.254035896523707,21.560196293178866,6.046484869157903,21.0,0,-0.5601962931788655,22.41674270478467,20.75,21.25
632.0,21.250994386318233,21.563359440050597,6.047971811940158,21.0,0,-0.563359440050597,21.59499090876791,20.75,21.25
633.0,21.247953781803357,21.59716672038069,6.04945795664629,21.0,0,-0.5971667203806916,21.935239523681638,20.75,21.25
634.0,21.244914082638324,21.581228511947376,6.050943302144535,21.0,0,-0.5812285119473763,21.421846427614224,20.75,21.25
635.0,21.241875288482227,21.55355032490984,6.052427847303739,21.0,0,-0.553550324909839,21.276768454534466,20.75,21.25
636.0,21.23883739899399,21.513537171384474,6.053911590993355,21.0,0,-0.5135371713844741,21.113405636130825,20.75,21.25
637.0,21.23580041383239,21.482819996699487,6.055394532083448,21.0,0,-0.4828199966994866,21.175648249849612,20.75,21.25
638.0,21.23276433265604,21.50120765747766,6.056876669444694,21.0,0,-0.5012076574776607,21.685084265259402,20.75,21.25
639.0,21.229729155123398,21.53840306915192,6.058358001948381,21.0,0,-0.5384030691519186,21.910357185894497,20.75,21.25
640.0,21.22669488089276,21.616394264990266,6.059838528466409,21.0,0,-0.6163942649902658,22.396306223373738,20.75,21.25
641.0,21.223661509622275,21.605343094796048,6.061318247871295,21.0,0,-0.6053430947960479,21.494831392853868,20.75,21.25
642.0,21.220629040969925,21.610165035203412,6.062797159036165,21.0,0,-0.610165035203412,21.658384439277054,20.75,21.25
643.0,21.21759747459354,21.494451654827717,6.064275260834767,21.0,1,-0.49445165482771714,20.337317851070768,20.75,21.25
644.0,21.23456681015079,21.47782700673531,6.0657525521414595,21.0,0,-0.47782700673531053,21.311580525811245,20.75,21.25
645.0,21.231533047299187,21.448649639847837,6.067229031831223,21.0,0,-0.44864963984783657,21.156875970973097,20.75,21.25
646.0,21.228500186496095,21.515570838318087,6.068704698779653,21.0,0,-0.5155708383180873,22.184782823020594,20.75,21.25
647.0,21.22546822739855,21.579917315317505,6.070179551862964,21.0,0,-0.5799173153175055,22.223382085311687,20.75,21.25
648.0,21.222437169663444,21.710431602187153,6.071653589957993,21.0,0,-0.7104316021871533,23.01557447088363,20.75,21.25
649.0,21.219407012947503,21.686223590773697,6.0731268119421955,21.0,0,-0.6862235907736967,21.44414347663913,20.75,21.25
650.0,21.216377756907303,21.75323328011769,6.074599216693647,21.0,0,-0.7532332801176906,22.42333017355763,20.75,21.25
651.0,21.21334940119926,21.715048480360043,6.07607080309105,21.0,0,-0.7150484803600428,21.333200482783564,20.75,21.25
652.0,21.210321945479638,21.721499470129583,6.077541570013726,21.0,0,-0.7214994701295829,21.786009367824985,20.75,21.25
653.0,21.207295389404546,21.639790164003553,6.079011516341622,21.0,0,-0.6397901640035535,20.82269710274326,20.75,21.25
654.0,21.204269732629932,21.665777818121697,6.08048064095531,21.0,0,-0.6657778181216969,21.92565435930313,20.75,21.25
655.0,21.201244974811598,21.594846646264603,6.081948942735988,21.0,0,-0.5948466462646032,20.885534927693666,20.75,21.25
656.0,21.198221115605183,21.493997115511327,6.083416420565479,21.0,1,-0.49399711551132697,20.485501807978565,20.75,21.25
657.0,21.215198154666176,21.475427837913315,6.084883073326237,21.0,0,-0.47542783791331544,21.2897350619332,20.75,21.25
658.0,21.212172091649908,21.459190766287023,6.086348899901341,21.0,0,-0.4591907662870227,21.296820050024095,20.75,21.25
659.0,21.20914692701156,21.417604919228392,6.087813899174501,21.0,0,-0.41760491922839194,21.001746448642084,20.75,21.25
660.0,21.206122660405992,21.37516807508323,6.089278070030054,21.0,0,-0.3751680750832307,20.95079963363162,20.75,21.25
661.0,21.203099291487916,21.456284007776738,6.0907414113529725,21.0,0,-0.4562840077767376,22.267443334711807,20.75,21.25
662.0,21.20007681991189,21.328908824878756,6.092203922028858,21.0,1,-0.3289088248787557,20.055156995898937,20.75,21.25
663.0,21.21705524533231,21.351647114550214,6.093665600943945,21.0,0,-0.35164711455021447,21.579030011264802,20.75,21.25
664.0,21.214030567403434,21.401536862403486,6.0951264469851,21.0,0,-0.40153686240348563,21.900434340936197,20.75,21.25
665.0,21.21100678657935,21.454431107074274,6.096586459039828,21.0,0,-0.45443110707427437,21.98337355378216,20.75,21.25
666.0,21.207983902513842,21.403058005941443,6.098045635996264,21.0,0,-0.4030580059414426,20.889326994613125,20.75,21.25
667.0,21.20496191486054,21.44188977110912,6.099503976743181,21.0,0,-0.4418897711091212,21.830207422785907,20.75,21.25
668.0,21.201940823272917,21.455128533107647,6.100961480169991,21.0,0,-0.4551285331076471,21.587516153092906,20.75,21.25
669.0,21.198920627404295,21.53353906559068,6.102418145166741,21.0,0,-0.5335390655906807,22.317644390421016,20.75,21.25
670.0,21.195901326907848,21.522900026412394,6.103873970624116,21.0,0,-0.522900026412394,21.416509634629527,20.75,21.25
671.0,21.192882921436592,21.519295687801833,6.105328955433444,21.0,0,-0.5192956878018329,21.483252301696222,20.75,21.25
672.0,21.189865410643392,21.54824417060218,6.106783098486688,21.0,0,-0.5482441706021817,21.83772899860567,20.75,21.25
673.0,21.18684879418096,21.522405584132805,6.108236398676457,21.0,0,-0.5224055841328052,21.26401971943904,20.75,21.25
674.0,21.18383307170186,21.385104669117403,6.109688854895999,21.0,1,-0.3851046691174034,20.012095518963385,20.75,21.25
675.0,21.200818242858496,21.340400951250125,6.111140466039204,21.0,1,-0.3404009512501247,20.893363772577338,20.75,21.25
676.0,21.217800307303133,21.362866865993304,6.11259123100061,21.0,0,-0.3628668659933041,21.587526013425098,20.75,21.25
677.0,21.214779265487874,21.467322488241543,6.114041148675393,21.0,0,-0.46732248824154254,22.511878710723927,20.75,21.25
678.0,21.21175911786451,21.536102530703666,6.11549021795938,21.0,0,-0.5361025307036655,22.223902955324895,20.75,21.25
679.0,21.208739864084528,21.573139753498634,6.116938437749042,21.0,0,-0.5731397534986336,21.943511981448314,20.75,21.25
680.0,21.20572150379926,21.618881289023896,6.118385806941494,21.0,0,-0.6188812890238964,22.076296644276525,20.75,21.25
681.0,21.20270403665989,21.58755908131355,6.119832324434503,21.0,0,-0.5875590813135503,21.27433700421009,20.75,21.25
682.0,21.199687462317442,21.447569435836634,6.121277989126483,21.0,1,-0.447569435836634,20.04767298106747,20.75,21.25
683.0,21.216671780422804,21.417885474601775,6.122722799916498,21.0,1,-0.41788547460177483,21.121045862253183,20.75,21.25
684.0,21.2336529906267,21.378338210988243,6.124166755704261,21.0,1,-0.37833821098824316,20.982865574852926,20.75,21.25
685.0,21.250631093379717,21.38536858514026,6.125609855390137,21.0,0,-0.3853685851402595,21.455672326660423,20.75,21.25
686.0,21.24760608913212,21.41676574643949,6.1270520978751435,21.0,0,-0.4167657464394914,21.73073735943181,20.75,21.25
687.0,21.24458197833387,21.43235280427307,6.128493482060948,21.0,0,-0.4323528042730693,21.58822338260885,20.75,21.25
688.0,21.241558760634614,21.472061959077916,6.129934006849876,21.0,0,-0.4720619590779158,21.86915350712638,20.75,21.25
689.0,21.23853643568386,21.428864093644854,6.131373671144904,21.0,0,-0.42886409364485445,20.99688543931424,20.75,21.25
690.0,21.23551500313095,21.435367831935018,6.132812473849666,21.0,0,-0.43536783193501805,21.500405214836654,20.75,21.25
691.0,21.232494462625095,21.45871898851143,6.1342504138684495,21.0,0,-0.45871898851142845,21.692230554275532,20.75,21.25
692.0,21.229474813815344,21.484409823584265,6.135687490106203,21.0,0,-0.4844098235842651,21.74131817431263,20.75,21.25
693.0,21.226456056350603,21.511269575937813,6.137123701468528,21.0,0,-0.5112695759378134,21.779867099473297,20.75,21.25
694.0,21.223438189879626,21.635519865058086,6.138559046861689,21.0,0,-0.635519865058086,22.878022756260812,20.75,21.25
695.0,21.220421214051022,21.66501395100591,6.139993525192606,21.0,0,-0.6650139510059105,21.959954810484156,20.75,21.25
696.0,21.21740512851325,21.5941059815396,6.141427135368863,21.0,0,-0.5941059815395988,20.88502628687648,20.75,21.25
697.0,21.21438993291462,21.705329776902538,6.1428598762987034,21.0,0,-0.7053297769025377,22.817567730531927,20.75,21.25
698.0,21.211375626903298,21.629572693849905,6.1442917468910325,21.0,0,-0.6295726938499051,20.87200186332358,20.75,21.25
699.0,21.208362210127294,21.587280636887385,6.145722746055418,21.0,0,-0.5872806368873853,21.164360067262187,20.75,21.25
700.0,21.20534968223448,21.539246580984234,6.147152872702092,21.0,0,-0.5392465809842335,21.058906021952716,20.75,21.25
701.0,21.202338042872572,21.564681757308136,6.148582125741951,21.0,0,-0.5646817573081364,21.819033520547165,20.75,21.25
702.0,21.199327291689148,21.412375751488362,6.150010504086557,21.0,1,-0.41237575148836214,19.88931569329062,20.75,21.25
703.0,21.216317428331628,21.381621867667562,6.151438006648137,21.0,1,-0.3816218676675618,21.07408302945956,20.75,21.25
704.0,21.233304452447292,21.471964128765073,6.152864632339586,21.0,0,-0.4719641287650731,22.375386739740186,20.75,21.25
705.0,21.230288364483272,21.50214902955392,6.1542903800744675,21.0,0,-0.5021490295539195,21.803998037442383,20.75,21.25
706.0,21.22727316488639,21.555525241373942,6.15571524876701,21.0,0,-0.5555252413739424,22.089287359574172,20.75,21.25
707.0,21.224258853303166,21.656777711254808,6.157139237332117,21.0,0,-0.6567777112548079,22.669302410063462,20.75,21.25
708.0,21.221245429379973,21.68434099500726,6.1585623446853575,21.0,0,-0.6843409950072612,21.959973832531794,20.75,21.25
709.0,21.218232892763034,21.62887180032889,6.159984569742974,21.0,0,-0.6288718003288913,21.074179853545193,20.75,21.25
710.0,21.21522124309843,21.623034316058334,6.1614059114218795,21.0,0,-0.6230343160583338,21.56465947335276,20.75,21.25
711.0,21.212210480032095,21.617211581778704,6.162826368639661,21.0,0,-0.6172115817787045,21.55898423898241,20.75,21.25
712.0,21.209200603209815,21.55349590313358,6.164245940314579,21.0,0,-0.5534959031335802,20.916339116682337,20.75,21.25
713.0,21.206191612277237,21.575510097749618,6.165664625365567,21.0,0,-0.5755100977496177,21.795652043909993,20.75,21.25
714.0,21.203183506879856,21.595899978051143,6.167082422712235,21.0,0,-0.5958999780511434,21.7997987810664,20.75,21.25
715.0,21.200176286663023,21.560793506214587,6.168499331274869,21.0,0,-0.560793506214587,21.209728787849023,20.75,21.25
716.0,21.197169951271945,21.512162553300023,6.169915349974431,21.0,0,-0.5121625533000227,21.02585302415438,20.75,21.25
717.0,21.194164500351686,21.52700205206341,6.171330477732561,21.0,0,-0.5270020520634091,21.675397039697273,20.75,21.25
718.0,21.191159933547162,21.470707439752097,6.1727447134715785,21.0,0,-0.47070743975209695,20.907761316638975,20.75,21.25
719.0,21.188156250503148,21.53707048636013,6.17415805611448,21.0,0,-0.537070486360129,22.20070095244045,20.75,21.25
720.0,21.18515345086427,21.574246221199566,6.175570504584947,21.0,0,-0.5742462211995658,21.946003569593934,20.75,21.25
721.0,21.182151534275015,21.491003426797874,6.176982057807334,21.0,1,-0.49100342679787445,20.65857548278096,20.75,21.25
722.0,21.19915050037972,21.487742586341785,6.178392714706684,21.0,0,-0.4877425863417848,21.45513418178089,20.75,21.25
723.0,21.196146348822584,21.518625436299093,6.179802474208721,21.0,0,-0.518625436299093,21.827453935872175,20.75,21.25
724.0,21.193143080047662,21.465817358615062,6.181211335239851,21.0,0,-0.46581735861506246,20.937736581774757,20.75,21.25
725.0,21.1901406936987,21.38253688129944,6.1826192967271645,21.0,1,-0.3825368812994405,20.54973210814322,20.75,21.25
726.0,21.20713918941931,21.46031914207075,6.184026357598439,21.0,0,-0.46031914207075175,22.238141749783864,20.75,21.25
727.0,21.204134566852943,21.447724077388507,6.185432516782136,21.0,0,-0.44772407738850717,21.32177343056606,20.75,21.25
728.0,21.201130826442927,21.44801607950918,6.186837773207403,21.0,0,-0.44801607950918054,21.450936100715914,20.75,21.25
729.0,21.19812796783228,21.48804842269689,6.188242125804077,21.0,0,-0.48804842269689175,21.888371854574004,20.75,21.25
730.0,21.195125990663875,21.53534598370896,6.189645573502682,21.0,0,-0.5353459837089609,22.008321593829653,20.75,21.25
731.0,21.19212489458044,21.611227934966593,6.191048115234433,21.0,0,-0.6112279349665926,22.37004744754291,20.75,21.25
732.0,21.189124679224573,21.637395930982155,6.192449749931232,21.0,0,-0.6373959309821551,21.89907589113778,20.75,21.25
733.0,21.186125344238715,21.7077290832812,6.1938504765256726,21.0,0,-0.7077290832812011,22.41106060627166,20.75,21.25
734.0,21.18312688926517,21.619731945030377,6.195250293951043,21.0,1,-0.6197319450303773,20.73976056252214,20.75,21.25
735.0,21.200129313946107,21.656498796556924,6.196649201141318,21.0,0,-0.6564987965569244,22.024167311822396,20.75,21.25
736.0,21.197128617923546,21.681596223614214,6.198047197031172,21.0,0,-0.6815962236142141,21.93257049418711,20.75,21.25
737.0,21.19412880163937,21.65444337960855,6.199444280555968,21.0,0,-0.6544433796085514,21.382914939551924,20.75,21.25
738.0,21.191129864735153,21.61321388433251,6.200840450651768,21.0,0,-0.6132138843325095,21.20091893157209,20.75,21.25
739.0,21.188131806852336,21.63455357740222,6.202235706255326,21.0,0,-0.6345535774022188,21.847950508099313,20.75,21.25
740.0,21.185134627632216,21.624187928705332,6.203630046304096,21.0,0,-0.6241879287053322,21.520531441736466,20.75,21.25
741.0,21.18213832671595,21.577518722860574,6.2050234697362265,21.0,0,-0.5775187228605745,21.110826664412997,20.75,21.25
742.0,21.179142903744555,21.523882698249157,6.206415975490565,21.0,0,-0.5238826982491567,20.98752245213498,20.75,21.25
743.0,21.176148358358905,21.5139931561039,6.207807562506657,21.0,0,-0.5139931561039006,21.41509773465134,20.75,21.25
744.0,21.173154690199734,21.48997665988359,6.209198229724749,21.0,0,-0.48997665988359174,21.249811697680503,20.75,21.25
745.0,21.17016189890764,21.440883792612276,6.2105879760857885,21.0,0,-0.4408837926122757,20.949955119899116,20.75,21.25
746.0,21.167169984123074,21.476599540346665,6.211976800531422,21.0,0,-0.4765995403466654,21.833757017690562,20.75,21.25
747.0,21.164178945486356,21.537960024239258,6.213364702003999,21.0,0,-0.5379600242392577,22.15156486316518,20.75,21.25
748.0,21.16118878263766,21.481381116720932,6.214751679446573,21.0,0,-0.4813811167209323,20.91559204153768,20.75,21.25
749.0,21.15819949521702,21.464629175314,6.216137731802901,21.0,0,-0.4646291753139984,21.29710976124466,20.75,21.25
750.0,21.155211082864337,21.494416602071773,6.217522858017441,21.0,0,-0.49441660207177307,21.79229086964952,20.75,21.25
751.0,21.152223545219368,21.43738387312174,6.218907057035362,21.0,0,-0.437383873121739,20.867056583621398,20.75,21.25
752.0,21.14923688192173,21.453798054865178,6.220290327802536,21.0,0,-0.4537980548651781,21.61793987229957,20.75,21.25
753.0,21.146251092610907,21.45046881606228,6.22167266926554,21.0,0,-0.45046881606227984,21.417176428033297,20.75,21.25
754.0,21.14326617692624,21.450645641468054,6.2230540803716625,21.0,0,-0.4506456414680535,21.45241389552579,20.75,21.25
755.0,21.14028213450693,21.482225525966246,6.224434560068898,21.0,0,-0.48222552596624624,21.798024370948173,20.75,21.25
756.0,21.13729896499204,21.394696854146083,6.225814107305953,21.0,1,-0.39469685414608335,20.519410135944455,20.75,21.25
757.0,21.154316668020503,21.351073278472626,6.227192721032241,21.0,1,-0.3510732784726258,20.91483752173805,20.75,21.25
758.0,21.171331243231105,21.364247803686528,6.228570400197887,21.0,0,-0.36424780368652776,21.495993055825547,20.75,21.25
759.0,21.1683426910625,21.378857057847277,6.229947143753728,21.0,0,-0.3788570578472772,21.52494959945477,20.75,21.25
760.0,21.165355011953036,21.3541699828938,6.231322950651316,21.0,0,-0.35416998289380075,21.107299233359036,20.75,21.25
761.0,21.162368205540776,21.400564139634646,6.2326978198429135,21.0,0,-0.4005641396346462,21.8645057070431,20.75,21.25
762.0,21.159382271463638,21.426282798036716,6.2340717502814975,21.0,0,-0.4262827980367163,21.683469382057417,20.75,21.25
763.0,21.1563972093594,21.45646781620706,6.23544474092076,21.0,0,-0.45646781620705923,21.75831799791049,20.75,21.25
764.0,21.153413018865713,21.47590384444458,6.236816790715109,21.0,0,-0.47590384444458067,21.670264126819795,20.75,21.25
765.0,21.150429699620084,21.45904571340406,6.2381878986196675,21.0,0,-0.4590457134040591,21.290464402998843,20.75,21.25
766.0,21.147447251259884,21.492506018053454,6.23955806359028,21.0,0,-0.4925060180534544,21.827109064547408,20.75,21.25
767.0,21.14446567342235,21.482651470548397,6.240927284583504,21.0,0,-0.4826514705483973,21.384105995497826,20.75,21.25
768.0,21.14148496574458,21.493214488916855,6.24229556055662,21.0,0,-0.4932144889168555,21.598844672601437,20.75,21.25
769.0,21.138505127863542,21.444558273271753,6.2436628904676255,21.0,0,-0.44455827327175257,20.957996116820723,20.75,21.25
770.0,21.135526159416063,21.424068785548123,6.2450292732752395,21.0,0,-0.42406878554812266,21.219173908311824,20.75,21.25
771.0,21.132548060038836,21.425168279530464,6.246394707938901,21.0,0,-0.4251682795304639,21.436163219353876,20.75,21.25
772.0,21.129570829368415,21.45593167494831,6.247759193418772,21.0,0,-0.4559316749483102,21.763565629126774,20.75,21.25
773.0,21.126594467041226,21.44649685453429,6.249122728675739,21.0,0,-0.44649685453428845,21.35214865039407,20.75,21.25
774.0,21.123618972693553,21.398946742283226,6.25048531267141,21.0,0,-0.3989467422832256,20.923445619772597,20.75,21.25
775.0,21.120644345961548,21.399435648384504,6.251846944368118,21.0,0,-0.39943564838450385,21.404324709397287,20.75,21.25
776.0,21.11767058648123,21.39473888509792,6.253207622728921,21.0,0,-0.39473888509791877,21.347771252232068,20.75,21.25
777.0,21.114697693888477,21.29128662846528,6.254567346717603,21.0,1,-0.2912866284652793,20.256764062138885,20.75,21.25
778.0,21.131725667819044,21.282648037109908,6.255926115298676,21.0,1,-0.28264803710990805,21.196262123556195,20.75,21.25
779.0,21.14875050790854,21.342143748910097,6.257283927437378,21.0,0,-0.3421437489100967,21.937100866911983,20.75,21.25
780.0,21.145772214592448,21.392150676828198,6.258640782099675,21.0,0,-0.39215067682819793,21.89221995600921,20.75,21.25
781.0,21.14279478830595,21.348546316241567,6.259996678252264,21.0,0,-0.34854631624156696,20.912502710375257,20.75,21.25
782.0,21.13981822868394,21.428669747797397,6.261351614862573,21.0,0,-0.42866974779739664,22.229904063355693,20.75,21.25
783.0,21.136842535361176,21.378614180399374,6.262705590898755,21.0,0,-0.37861418039937433,20.87805850641915,20.75,21.25
784.0,21.133867707972282,21.335721283364624,6.264058605329701,21.0,0,-0.3357212833646237,20.906792313017117,20.75,21.25
785.0,21.130893746151752,21.351767879333178,6.265410657125032,21.0,0,-0.35176787933317755,21.512233839018716,20.75,21.25
786.0,21.127920649533948,21.4295600027118,6.2667617452551,21.0,0,-0.42956000271179917,22.207481236498015,20.75,21.25
787.0,21.124948417753092,21.41184513078047,6.268111868690994,21.0,0,-0.41184513078047047,21.234696411467183,20.75,21.25
788.0,21.12197705044328,21.38400028947545,6.269461026404535,21.0,0,-0.3840002894754484,21.105551876425228,20.75,21.25
789.0,21.119006547238474,21.435680478454216,6.2708092173682815,21.0,0,-0.4356804784542163,21.952482368241895,20.75,21.25
790.0,21.1160369077725,21.479394008872557,6.272156440555528,21.0,0,-0.479394008872557,21.916529313055964,20.75,21.25
791.0,21.113068131679057,21.44283526542485,6.273502694940304,21.0,0,-0.44283526542485063,21.077247830947787,20.75,21.25
792.0,21.11010021859171,21.47881128245324,6.2748479794973795,21.0,0,-0.4788112824532398,21.83857145273713,20.75,21.25
793.0,21.107133168143893,21.55410650177587,6.276192293202261,21.0,0,-0.5541065017758697,22.30705869500217,20.75,21.25
794.0,21.104166979968905,21.442841390786562,6.277535635031195,21.0,1,-0.4428413907865618,20.330190280893483,20.75,21.25
795.0,21.121201653699917,21.36879040459384,6.27887800396117,21.0,1,-0.3687904045938417,20.62828054266664,20.75,21.25
796.0,21.13823318896997,21.403676856937807,6.280219398969911,21.0,0,-0.40367685693780686,21.75254138037746,20.75,21.25
797.0,21.13526158621197,21.34967228057584,6.2815598190358894,21.0,0,-0.34967228057584165,20.80962651695619,20.75,21.25
798.0,21.132290845858535,21.259312253129256,6.282899263138315,21.0,1,-0.25931225312925577,20.355711978663397,20.75,21.25
799.0,21.14932096754199,21.376357196698496,6.2842377302571455,21.0,0,-0.3763571966984962,22.5468066323909,20.75,21.25
800.0,21.146347950894533,21.409731083858713,6.2855752193730785,21.0,0,-0.4097310838587127,21.743469955460878,20.75,21.25
801.0,21.14337579634823,21.357437207580663,6.286911729467558,21.0,0,-0.3574372075806629,20.834498444800165,20.75,21.25
802.0,21.140404503534853,21.397338845698197,6.288247259522773,21.0,0,-0.3973388456981972,21.79635522687354,20.75,21.25
803.0,21.13743407208605,21.517462195375696,6.28958180852166,21.0,0,-0.5174621953756962,22.718695692150686,20.75,21.25
804.0,21.13446450163334,21.468715668281835,6.290915375447901,21.0,0,-0.46871566828183475,20.98125039734322,20.75,21.25
805.0,21.131495791808103,21.499902932219555,6.292247959285928,21.0,0,-0.4999029322195554,21.811775571596762,20.75,21.25
806.0,21.128527942241597,21.493554342122675,6.293579559020919,21.0,0,-0.4935543421226747,21.430068441153868,20.75,21.25
807.0,21.125560952564953,21.50436348022289,6.2949101736388045,21.0,0,-0.5043634802228887,21.61245486122503,20.75,21.25
808.0,21.12259482240917,21.44647717324417,6.296239802126262,21.0,0,-0.446477173244169,20.867614103456972,20.75,21.25
809.0,21.11962955140511,21.472998374122547,6.297568443470722,21.0,0,-0.47299837412254675,21.738210382906324,20.75,21.25
810.0,21.116665139183525,21.415982940204785,6.298896096660367,21.0,0,-0.41598294020478477,20.845828601027165,20.75,21.25
811.0,21.11370158537502,21.414459931222527,6.3002227606841315,21.0,0,-0.41445993122252744,21.399229841399954,20.75,21.25
812.0,21.11073888961008,21.337427442536328,6.301548434531702,21.0,1,-0.3374274425363275,20.567102555674328,20.75,21.25
813.0,21.127777051519065,21.371789996312163,6.302873117193521,21.0,0,-0.37178999631216314,21.71541553407052,20.75,21.25
814.0,21.1248120707322,21.37700865322187,6.304196807660785,21.0,0,-0.37700865322187127,21.429195222318953,20.75,21.25
815.0,21.121847947679587,21.3443199744466,6.305519504925445,21.0,0,-0.34431997444659856,21.01743318669387,20.75,21.25
816.0,21.118884681991037,21.329292900417936,6.306841207980211,21.0,0,-0.32929290041793635,21.179022160131314,20.75,21.25
817.0,21.115922273296235,21.43950056411171,6.308161915818548,21.0,0,-0.4395005641117109,22.541577201049456,20.75,21.25
818.0,21.112960721224738,21.477405658516922,6.309481627434679,21.0,0,-0.47740565851692196,21.856456602569033,20.75,21.25
819.0,21.11000002540598,21.515353344282754,6.310800341823588,21.0,0,-0.5153533442827545,21.89483020194108,20.75,21.25
820.0,21.107040185469263,21.53375207423962,6.3121180579810146,21.0,0,-0.5337520742396187,21.71773937380826,20.75,21.25
821.0,21.104081201043766,21.553278120478055,6.313434774903461,21.0,0,-0.5532781204780548,21.748538582862416,20.75,21.25
822.0,21.101123071758536,21.519354569068764,6.314750491588192,21.0,0,-0.5193545690687635,21.18011905497585,20.75,21.25
823.0,21.0981657972425,21.498572721597167,6.316065207033229,21.0,0,-0.49857272159716715,21.290754246881203,20.75,21.25
824.0,21.09520937712446,21.543256605600845,6.317378920237361,21.0,0,-0.5432566056008454,21.99009544563763,20.75,21.25
825.0,21.092253811033082,21.541139916747102,6.318691630200138,21.0,0,-0.5411399167471025,21.519973028209673,20.75,21.25
826.0,21.089299098596914,21.57307635349813,6.320003335921873,21.0,0,-0.5730763534981307,21.892440721008413,20.75,21.25
827.0,21.08634523944438,21.513220903450886,6.321314036403647,21.0,0,-0.5132209034508861,20.91466640297844,20.75,21.25
828.0,21.08339223320377,21.474425976626748,6.322623730647304,21.0,0,-0.47442597662674757,21.086476708385362,20.75,21.25
829.0,21.08044007950326,21.47010177931739,6.323932417655453,21.0,0,-0.47010177931738895,21.426859806223803,20.75,21.25
830.0,21.07748877797089,21.398281836530884,6.325240096431475,21.0,1,-0.39828183653088445,20.68008240866584,20.75,21.25
831.0,21.09453832823458,21.300133660449642,6.326546765979513,21.0,1,-0.3001336604496423,20.31865189963722,20.75,21.25
832.0,21.11158472992213,21.325309720711612,6.327852425304483,21.0,0,-0.325309720711612,21.57707032333131,20.75,21.25
833.0,21.108627983461204,21.388821710154875,6.329157073412068,21.0,0,-0.38882171015487543,22.02394160458751,20.75,21.25
834.0,21.105672089279196,21.3648809841635,6.3304607093087215,21.0,0,-0.36488098416349857,21.12547372424973,20.75,21.25
835.0,21.102717047003203,21.461076211439874,6.331763332001668,21.0,0,-0.4610762114398739,22.423028484203627,20.75,21.25
836.0,21.099762856260202,21.563295247872343,6.333064940498905,21.0,0,-0.5632952478723432,22.585485612197036,20.75,21.25
837.0,21.09680951667705,21.532621263448718,6.3343655338091995,21.0,0,-0.5326212634487177,21.225881419212463,20.75,21.25
838.0,21.09385702788048,21.41151167465515,6.335665110942093,21.0,1,-0.4115116746551486,20.200415786719457,20.75,21.25
839.0,21.11090538949709,21.322309156288927,6.3369636709079025,21.0,1,-0.3223091562889273,20.430283972626714,20.75,21.25
840.0,21.127950601153373,21.292688703956937,6.3382612127177165,21.0,1,-0.29268870395693725,20.996484180637037,20.75,21.25
841.0,21.144992663275687,21.285181445729187,6.339557735383401,21.0,1,-0.2851814457291866,21.21010886345168,20.75,21.25
842.0,21.162031576290108,21.280962945120912,6.340853237917598,21.0,1,-0.2809629451209119,21.238777939038165,20.75,21.25
843.0,21.179067340622435,21.36718530066375,6.342147719333726,21.0,0,-0.3671853006637491,22.22940885609212,20.75,21.25
844.0,21.176099956698177,21.485497681318186,6.34344117864598,21.0,0,-0.4854976813181864,22.66862148786256,20.75,21.25
845.0,21.173133424942566,21.563982740878707,6.344733614869336,21.0,0,-0.563982740878707,22.348833336483914,20.75,21.25
846.0,21.170167744980553,21.57434459435846,6.346025027019547,21.0,0,-0.5743445943584611,21.677963129156,20.75,21.25
847.0,21.16720291643696,21.64857735834685,6.347315414113146,21.0,0,-0.6485773583468486,22.390904998230724,20.75,21.25
848.0,21.164238938936496,21.705843173887246,6.348604775167447,21.0,0,-0.7058431738872457,22.278501329291217,20.75,21.25
849.0,21.161275812103742,21.57576344060923,6.349893109200545,21.0,1,-0.5757634406092293,20.274966107829066,20.75,21.25
850.0,21.178313535563163,21.49606520522177,6.351180415231321,21.0,1,-0.4960652052217682,20.699082851347157,20.75,21.25
851.0,21.195348108939097,21.472255063255528,6.352466692279431,21.0,1,-0.4722550632555276,21.23415364359312,20.75,21.25
852.0,21.212379532655763,21.490895415429474,6.3537519393653215,21.0,0,-0.490895415429474,21.67729893716894,20.75,21.25
853.0,21.209407807137104,21.511674168009904,6.35503615551022,21.0,0,-0.511674168009904,21.719461693814203,20.75,21.25
854.0,21.206436932806778,21.538046283053756,6.3563193397361415,21.0,0,-0.538046283053756,21.801767433492277,20.75,21.25
855.0,21.203466909288164,21.617395217533797,6.357601491065884,21.0,0,-0.6173952175337973,22.41088456233421,20.75,21.25
856.0,21.200497736204518,21.666921563731584,6.358882608523033,21.0,0,-0.6669215637315844,22.162185025709455,20.75,21.25
857.0,21.19752941317898,21.603799686928767,6.360162691131963,21.0,0,-0.6037996869287667,20.97258091890059,20.75,21.25
858.0,21.19456193983457,21.58695560959438,6.361441737917835,21.0,0,-0.58695560959438,21.418514836250512,20.75,21.25
859.0,21.19159531579419,21.65144951575557,6.3627197479066,21.0,0,-0.6514495157555693,22.296388577367463,20.75,21.25
860.0,21.188629540680612,21.620413922436974,6.363996720124997,21.0,0,-0.620413922436974,21.31005798925102,20.75,21.25
861.0,21.1856646141165,21.578222569558797,6.365272653600556,21.0,0,-0.5782225695587968,21.156309040777025,20.75,21.25
862.0,21.182700535724397,21.61133089726345,6.3665475473615984,21.0,0,-0.6113308972634499,21.94241417430998,20.75,21.25
863.0,21.179737305126725,21.537606385954682,6.367821400437236,21.0,0,-0.5376063859546818,20.800361272867,20.75,21.25
864.0,21.176774921945785,21.524946610639866,6.3690942118573775,21.0,0,-0.5249466106398657,21.398348857491705,20.75,21.25
865.0,21.17381338580377,21.44264000640469,6.370365980652718,21.0,1,-0.4426400064046909,20.619573964052943,20.75,21.25
866.0,21.19085269632274,21.497993729061214,6.371636705854753,21.0,0,-0.4979937290612142,22.051530955626447,20.75,21.25
867.0,21.187888853124647,21.4668022575046,6.372906386495767,21.0,0,-0.46680225750460025,21.15488754193846,20.75,21.25
868.0,21.18492585663132,21.417656641774094,6.3741750216088455,21.0,0,-0.41765664177409434,20.926200484469035,20.75,21.25
869.0,21.181963706464316,21.39343850300431,6.375442610227868,21.0,0,-0.3934385030043117,21.151257115306485,20.75,21.25
870.0,21.179002402245068,21.414147205409485,6.376709151387508,21.0,0,-0.4141472054094848,21.621234229461216,20.75,21.25
871.0,21.176041943594896,21.354988201323916,6.377974644123241,21.0,0,-0.3549882013239163,20.76339816046823,20.75,21.25
872.0,21.173082330135003,21.355573534374535,6.37923908747134,21.0,0,-0.3555735343745354,21.361426864880727,20.75,21.25
873.0,21.17012356148647,21.433968315788498,6.380502480468874,21.0,0,-0.4339683157884977,22.21791612992812,20.75,21.25
874.0,21.167165637270266,21.485087164764735,6.381764822153716,21.0,0,-0.48508716476473523,21.99627565452711,20.75,21.25
875.0,21.16420855710724,21.504201091153426,6.383026111564538,21.0,0,-0.5042010911534263,21.695340355040337,20.75,21.25
876.0,21.161252320618132,21.452687090336997,6.384286347740813,21.0,0,-0.4526870903369975,20.93754708217271,20.75,21.25
877.0,21.158296927423557,21.427549171541035,6.385545529722816,21.0,0,-0.42754917154103467,21.176169983581406,20.75,21.25
878.0,21.155342377144017,21.37483677361142,6.386803656551626,21.0,0,-0.3748367736114204,20.847712794315278,20.75,21.25
879.0,21.152388669399897,21.282835350318464,6.3880607272691226,21.0,1,-0.2828353503184644,20.362821117388904,20.75,21.25
880.0,21.16943580381147,21.262238142095036,6.3893167409179945,21.0,1,-0.26223814209503615,21.056266059860754,20.75,21.25
881.0,21.18647977999889,21.324102722426098,6.3905716965417305,21.0,0,-0.3241027224260975,21.94274852573671,20.75,21.25
882.0,21.1835205983822,21.366977565695997,6.391825593184628,21.0,0,-0.36697756569599704,21.795725998394992,20.75,21.25
883.0,21.18056225938116,21.44244659620133,6.393078429891791,21.0,0,-0.44244659620132865,22.197136901254645,20.75,21.25
884.0,21.17760476261526,21.54557781075006,6.394330205709129,21.0,0,-0.5455778107500606,22.57688995623738,20.75,21.25
885.0,21.17464810770388,21.613921901662188,6.39558091968336,21.0,0,-0.613921901662188,22.29736281078346,20.75,21.25
886.0,21.171692294266276,21.59170658664755,6.3968305708620115,21.0,0,-0.5917065866475504,21.369553436501175,20.75,21.25
887.0,21.168737321921594,21.664668763360165,6.39807915829342,21.0,0,-0.6646687633601651,22.394290530486312,20.75,21.25
888.0,21.165783190288867,21.566680786165968,6.39932668102673,21.0,1,-0.5666807861659677,20.586801014223994,20.75,21.25
889.0,21.182829898987013,21.480801909426564,6.400573138111902,21.0,1,-0.48080190942656387,20.622013142032525,20.75,21.25
890.0,21.199873447634836,21.408717578927074,6.401818528599701,21.0,1,-0.4087175789270745,20.68787427393218,20.75,21.25
891.0,21.216913836651027,21.462248454166712,6.403062851541711,21.0,0,-0.462248454166712,21.997557206563087,20.75,21.25
892.0,21.213951066454005,21.4312541794692,6.404306105990325,21.0,0,-0.43125417946919953,21.121311432494075,20.75,21.25
893.0,21.21098913746191,21.528327466032913,6.40554829099875,21.0,0,-0.5283274660329127,22.499060331670044,20.75,21.25
894.0,21.20802804929262,21.497224103762356,6.406789405621008,21.0,0,-0.49722410376235615,21.18619048105679,20.75,21.25
895.0,21.205067801563885,21.53284104911952,6.408029448911937,21.0,0,-0.5328410491195186,21.889010502691143,20.75,21.25
896.0,21.202108393893354,21.51474586372711,6.409268419927189,21.0,0,-0.5147458637271107,21.333794009803032,20.75,21.25
897.0,21.199149825898562,21.52555649142611,6.410506317723235,21.0,0,-0.5255564914261086,21.633662768416087,20.75,21.25
898.0,21.196192097196928,21.458851479320323,6.411743141357362,21.0,0,-0.4588514793203231,20.791801358262468,20.75,21.25
899.0,21.19323520740576,21.59415913789342,6.412978889887674,21.0,0,-0.5941591378934206,22.947235723624395,20.75,21.25
900.0,21.190279156142257,21.609079789707437,6.414213562373095,21.0,0,-0.6090797897074367,21.758286307847598,20.75,21.25
901.0,21.187323943023504,21.51126056493359,6.415447157873368,21.0,1,-0.5112605649335897,20.53306831719512,20.75,21.25
902.0,21.204369567666475,21.52108885175385,6.416679675449058,21.0,0,-0.5210888517538486,21.619371719956437,20.75,21.25
903.0,21.201412029688033,21.591486497707912,6.417911114161547,21.0,0,-0.591486497707912,22.295462957248546,20.75,21.25
904.0,21.198455329504927,21.48544602060378,6.419141473073042,21.0,1,-0.4854460206037814,20.425041249562476,20.75,21.25
905.0,21.21549946673364,21.49942691478922,6.420370751246571,21.0,0,-0.4994269147892183,21.639235856643587,20.75,21.25
906.0,21.21254044099054,21.591788433393962,6.421598947745985,21.0,0,-0.5917884333939618,22.515403619441397,20.75,21.25
907.0,21.20958225269189,21.496035895383756,6.422826061635959,21.0,1,-0.4960358953837556,20.538510515281693,20.75,21.25
908.0,21.22662490145368,21.369496306981556,6.424052091981993,21.0,1,-0.36949630698155644,20.104100422959565,20.75,21.25
909.0,21.243664386891783,21.42933251489099,6.425277037850411,21.0,0,-0.4293325148909908,22.027694593985334,20.75,21.25
910.0,21.240700709421976,21.431794213750305,6.426500898308364,21.0,0,-0.4317942137503046,21.456411202343443,20.75,21.25
911.0,21.237737869459753,21.49569485527587,6.427723672423827,21.0,0,-0.49569485527587176,22.134701270531544,20.75,21.25
912.0,21.234775866620346,21.585155218397468,6.428945359265606,21.0,0,-0.5851552183974675,22.479758849613425,20.75,21.25
913.0,21.231814700518875,21.64691754165322,6.430165957903335,21.0,0,-0.6469175416532202,22.264540774210747,20.75,21.25
914.0,21.228854370770353,21.63671180630808,6.4313854674074715,21.0,0,-0.6367118063080817,21.534654452856696,20.75,21.25
915.0,21.22589487698968,21.664202352874312,6.432603886849308,21.0,0,-0.6642023528743124,21.93910781853662,20.75,21.25
916.0,21.222936218791652,21.600452992077535,6.4338212153009655,21.0,0,-0.6004529920775354,20.962959384109766,20.75,21.25
917.0,21.219978395790953,21.557260205086788,6.435037451835394,21.0,0,-0.5572602050867879,21.125332335179312,20.75,21.25
918.0,21.21702140760216,21.594849205736345,6.436252595526378,21.0,0,-0.5948492057363453,21.97073921223192,20.75,21.25
919.0,21.214065253839745,21.585636043949997,6.437466645448531,21.0,0,-0.5856360439499966,21.49350442608651,20.75,21.25
920.0,21.211109934118067,21.55770078350037,6.438679600677302,21.0,0,-0.5577007835003691,21.278348179004094,20.75,21.25
921.0,21.20815544805138,21.538789983426522,6.439891460288973,21.0,0,-0.538789983426522,21.34968198268805,20.75,21.25
922.0,21.205201795253828,21.56411076449239,6.4411022233606605,21.0,0,-0.5641107644923906,21.817318575151077,20.75,21.25
923.0,21.20224897533945,21.490443925263513,6.442311888970315,21.0,0,-0.4904439252635129,20.753775532974736,20.75,21.25
924.0,21.199296987922178,21.483358766042564,6.443520456196724,21.0,0,-0.48335876604256356,21.41250717383307,20.75,21.25
925.0,21.196345832615833,21.469184506349933,6.444727924119511,21.0,0,-0.4691845063499329,21.327441909423626,20.75,21.25
926.0,21.193395509034133,21.49473858041446,6.445934291819136,21.0,0,-0.4947385804144595,21.750279321059725,20.75,21.25
927.0,21.19044601679069,21.382106018537534,6.4471395583768984,21.0,1,-0.38210601853753445,20.255780399768284,20.75,21.25
928.0,21.207497355499008,21.448502749134995,6.4483437228749345,21.0,0,-0.4485027491349953,22.112470055109604,20.75,21.25
929.0,21.204545524772485,21.42442427501542,6.4495467843962215,21.0,0,-0.4244242750154186,21.18363953381965,20.75,21.25
930.0,21.201594525024408,21.42136091695908,6.450748742024575,21.0,0,-0.42136091695908107,21.390727336395706,20.75,21.25
931.0,21.19864435586781,21.45975539823528,6.451949594844653,21.0,0,-0.45975539823528067,21.843700210997277,20.75,21.25
932.0,21.195695016915604,21.495137089138503,6.453149341941952,21.0,0,-0.4951370891385025,21.84895399817072,20.75,21.25
933.0,21.19274650778061,21.51604094871372,6.454347982402814,21.0,0,-0.5160409487137194,21.72507954446589,20.75,21.25
934.0,21.18979882807553,21.546153504714617,6.455545515314421,21.0,0,-0.5461535047146171,21.847279064723594,20.75,21.25
935.0,21.186851977412978,21.555069676668662,6.4567419397648,21.0,0,-0.555069676668662,21.64423139620911,20.75,21.25
936.0,21.18390595540545,21.453794213922496,6.4579372548428235,21.0,1,-0.45379421392249597,20.441039586460835,20.75,21.25
937.0,21.20096076166534,21.45562428829519,6.459131459638204,21.0,0,-0.45562428829519064,21.473925032022137,20.75,21.25
938.0,21.198012395804934,21.47094329509663,6.460324553241504,21.0,0,-0.4709432950966317,21.624133363111042,20.75,21.25
939.0,21.19506485823642,21.463644100782993,6.461516534744132,21.0,0,-0.463644100782993,21.390652157646606,20.75,21.25
940.0,21.192118148571723,21.49972918817666,6.4627074032383405,21.0,0,-0.49972918817665857,21.860580062113314,20.75,21.25
941.0,21.189172266422656,21.51863771951738,6.463897157817232,21.0,0,-0.518637719517379,21.707723032924584,20.75,21.25
942.0,21.186227211400933,21.534480085227653,6.4650857975747575,21.0,0,-0.5344800852276528,21.69290374233039,20.75,21.25
943.0,21.18328298311817,21.412758113793277,6.466273321605715,21.0,1,-0.4127581137932772,20.19553839944952,20.75,21.25
944.0,21.200339581185865,21.359643162587904,6.4674597290057525,21.0,1,-0.3596431625879042,20.828493650534174,20.75,21.25
945.0,21.217393005215428,21.312643541622116,6.468645018871371,21.0,1,-0.3126435416221156,20.84264733196423,20.75,21.25
946.0,21.23444325561816,21.32985597123677,6.46982919029992,21.0,0,-0.32985597123677124,21.501980267383328,20.75,21.25
947.0,21.231490332805098,21.37420095728622,6.471012242389601,21.0,0,-0.37420095728622016,21.81765081778071,20.75,21.25
948.0,21.228538237187013,21.460614953956746,6.472194174239469,21.0,0,-0.4606149539567461,22.324754920662006,20.75,21.25
949.0,21.225586968374422,21.495466523972507,6.47337498494943,21.0,0,-0.4954665239725067,21.843982224130112,20.75,21.25
950.0,21.222636525977737,21.440782194015192,6.474554673620248,21.0,0,-0.4407821940151919,20.893938894442044,20.75,21.25
951.0,21.219686909607265,21.449244770765677,6.475733239353537,21.0,0,-0.44924477076567726,21.53387053827053,20.75,21.25
952.0,21.216738118873213,21.41755286081163,6.476910681251767,21.0,0,-0.4175528608116288,21.100633761271144,20.75,21.25
953.0,21.213790153385688,21.423119543980857,6.478086998418267,21.0,0,-0.4231195439808566,21.478786375673135,20.75,21.25
954.0,21.210843012754694,21.4424125330113,6.479262189957219,21.0,0,-0.4424125330113,21.635342423315734,20.75,21.25
955.0,21.207896696590133,21.47831934094105,6.4804362549736645,21.0,0,-0.47831934094104867,21.837387420238535,20.75,21.25
956.0,21.20495120450181,21.475965014398753,6.4816091925735,21.0,0,-0.47596501439875283,21.452421748975794,20.75,21.25
957.0,21.202006536099425,21.512354369427186,6.482781001863485,21.0,0,-0.5123543694271859,21.876247919711517,20.75,21.25
958.0,21.199062690992577,21.502583528038702,6.483951681951233,21.0,0,-0.5025835280387021,21.404875114153864,20.75,21.25
959.0,21.196119668790768,21.541815178889415,6.485121231945222,21.0,0,-0.541815178889415,21.934131687396544,20.75,21.25
960.0,21.1931774691034,21.5351681549055,6.486289650954788,21.0,0,-0.5351681549054987,21.468697915066336,20.75,21.25
961.0,21.19023609153977,21.583523856276194,6.487456938090131,21.0,0,-0.5835238562761944,22.06708086998315,20.75,21.25
962.0,21.18729553570908,21.52642350820708,6.4886230924623085,21.0,0,-0.5264235082070812,20.95542002751595,20.75,21.25
963.0,21.18435580122043,21.58705546171659,6.489788113183244,21.0,0,-0.5870554617165915,22.193374996811695,20.75,21.25
964.0,21.181416887682822,21.576271148749687,6.490951999365724,21.0,0,-0.5762711487496865,21.468428019080637,20.75,21.25
965.0,21.178478794705157,21.60899989754689,6.492114750123399,21.0,0,-0.6089998975468909,21.936287385518934,20.75,21.25
966.0,21.17554152189624,21.53813851612951,6.493276364570782,21.0,0,-0.5381385161295107,20.82952470195571,20.75,21.25
967.0,21.172605068864772,21.51077303987292,6.494436841823255,21.0,0,-0.5107730398729196,21.237118277307008,20.75,21.25
968.0,21.169669435219365,21.43105196940811,6.4955961809970635,21.0,1,-0.4310519694081094,20.633841264760008,20.75,21.25
969.0,21.186734620568522,21.391991844029963,6.49675438120932,21.0,1,-0.39199184402996323,21.0013905902485,20.75,21.25
970.0,21.20379662452065,21.376657130357856,6.497911441578005,21.0,1,-0.37665713035785586,21.223309993636782,20.75,21.25
971.0,21.22085544748406,21.44444531914174,6.499067361221965,21.0,0,-0.4444453191417388,22.122327206980568,20.75,21.25
972.0,21.217911089866806,21.543835244070216,6.500222139260919,21.0,0,-0.5438352440702161,22.53773449335499,20.75,21.25
973.0,21.214967552076686,21.584875805429554,6.501375774815453,21.0,0,-0.5848758054295544,21.995281419022938,20.75,21.25
974.0,21.212024833721234,21.59746247481695,6.502528267007023,21.0,0,-0.5974624748169504,21.72332916869091,20.75,21.25
975.0,21.209082934407892,21.514671028050152,6.503679614957955,21.0,1,-0.5146710280501523,20.68675656038217,20.75,21.25
976.0,21.226141853744004,21.440349237437466,6.504829817791449,21.0,1,-0.44034923743746646,20.697131331310608,20.75,21.25
977.0,21.243197591336813,21.49575619973094,6.505978874631575,21.0,0,-0.4957561997309412,22.04982582266569,20.75,21.25
978.0,21.24025014759347,21.46742665582466,6.507126784603276,21.0,0,-0.46742665582466003,21.18413121676185,20.75,21.25
979.0,21.23730352292087,21.539584341175527,6.508273546832369,21.0,0,-0.5395843411755266,22.261161194684192,20.75,21.25
980.0,21.234357716925654,21.67962643076777,6.509419160445544,21.0,0,-0.6796264307677689,23.08004732669019,20.75,21.25
981.0,21.23141272921436,21.739398892972734,6.510563624570367,21.0,0,-0.7393988929727335,22.33712351502238,20.75,21.25
982.0,21.22846855939343,21.646924366874174,6.511706938335279,21.0,1,-0.646924366874174,20.72217910588858,20.75,21.25
983.0,21.245525207069218,21.645032613153585,6.512849100869596,21.0,0,-0.6450326131535853,21.6261150759477,20.75,21.25
984.0,21.242578671847976,21.612794135311958,6.513990111303513,21.0,0,-0.6127941353119581,21.290409356895687,20.75,21.25
985.0,21.239632954135867,21.595741334633743,6.515129968768099,21.0,0,-0.5957413346337432,21.425213327851594,20.75,21.25
986.0,21.236688053538796,21.588876723935435,6.516268672395304,21.0,0,-0.5888767239354351,21.520230616952354,20.75,21.25
987.0,21.233743969662566,21.574815318326166,6.517406221317956,21.0,0,-0.5748153183261664,21.43420126223348,20.75,21.25
988.0,21.230800702112898,21.571699780369563,6.518542614669761,21.0,0,-0.5716997803695634,21.540544400803533,20.75,21.25
989.0,21.22785825049541,21.49734676725748,6.519677851585308,21.0,0,-0.49734676725747917,20.753816636136637,20.75,21.25
990.0,21.224916614415626,21.422993754145395,6.520811931200062,21.0,1,-0.422993754145395,20.679463623024553,20.75,21.25
991.0,21.241975793478982,21.417492862777884,6.521944852650374,21.0,0,-0.417492862777884,21.362483949102774,20.75,21.25
992.0,21.239031787290816,21.448716568765803,6.523076615073474,21.0,0,-0.44871656876580346,21.760953628644998,20.75,21.25
993.0,21.236088596256373,21.468664029124962,6.524207217607476,21.0,0,-0.4686640291249624,21.668138632716552,20.75,21.25
994.0,21.233146219980643,21.526447712817994,6.525336659391376,21.0,0,-0.5264477128179941,22.10428454974831,20.75,21.25
995.0,21.230204658068526,21.577691627740002,6.526464939565058,21.0,0,-0.5776916277400019,22.09013077696008,20.75,21.25
996.0,21.227263910124826,21.582065270789776,6.527592057269285,21.0,0,-0.5820652707897764,21.62580170128752,20.75,21.25
997.0,21.224323975754256,21.6090605192734,6.528718011645708,21.0,0,-0.6090605192733989,21.879013004109623,20.75,21.25
998.0,21.221384854561435,21.547487743112573,6.529842801836864,21.0,0,-0.5474877431125726,20.93175998150431,20.75,21.25
999.0,21.21844654615089,21.56268025291585,6.5309664269861765,21.0,0,-0.5626802529158503,21.714605350948627,20.75,21.25
1000.0,21.215509050127057,21.518981524378326,6.532088886237956,21.0,0,-0.5189815243783258,21.08199423900308,20.75,21.25
1001.0,21.212572366094278,21.531469473984135,6.533210178737401,21.0,0,-0.531469473984135,21.656348970042227,20.75,21.25
1002.0,21.209636493656806,21.44444284771495,6.534330303630599,21.0,1,-0.44444284771494935,20.574176585023093,20.75,21.25
1003.0,21.2267014324188,21.51807217424202,6.535449260064525,21.0,0,-0.5180721742420182,22.254365439512707,20.75,21.25
1004.0,21.223763181984328,21.46637187055868,6.536567047187047,21.0,0,-0.4663718705586817,20.949368833725316,20.75,21.25
1005.0,21.22082574275737,21.485788405379207,6.537683664146919,21.0,0,-0.485788405379207,21.67995375358446,20.75,21.25
1006.0,21.21788911434165,21.44689842907307,6.53879911009379,21.0,0,-0.44689842907306954,21.057998666011695,20.75,21.25
1007.0,21.2149532963408,21.48541415937678,6.539913384178199,21.0,0,-0.4854141593767807,21.870571462413892,20.75,21.25
1008.0,21.212018288358365,21.536073112307662,6.541026485551578,21.0,0,-0.5360731123076619,22.042662641616474,20.75,21.25
1009.0,21.209084089997805,21.56556988415271,6.542138413366253,21.0,0,-0.5655698841527084,21.860537602603173,20.75,21.25
1010.0,21.20615070086248,21.60898662318164,6.54324916677544,21.0,0,-0.6089866231816394,22.04315401347095,20.75,21.25
1011.0,21.20321812055566,21.596207430798827,6.544358744933254,21.0,0,-0.5962074307988274,21.468415506970707,20.75,21.25
1012.0,21.200286348680535,21.676645381931685,6.545467146994702,21.0,0,-0.6766453819316851,22.481024893260262,20.75,21.25
1013.0,21.197355384840197,21.656208930825773,6.546574372115688,21.0,0,-0.6562089308257733,21.451844419766655,20.75,21.25
1014.0,21.19442522863765,21.598057829958144,6.5476804194530125,21.0,0,-0.5980578299581438,21.01654682128185,20.75,21.25
1015.0,21.191495879675816,21.528576855150334,6.548785288164371,21.0,0,-0.5285768551503338,20.833767107072234,20.75,21.25
1016.0,21.188567337557515,21.541973966785882,6.54988897740836,21.0,0,-0.541973966785882,21.675945083141364,20.75,21.25
1017.0,21.185639601885484,21.4289525531891,6.5509914863444685,21.0,1,-0.42895255318909875,20.298738417221266,20.75,21.25
1018.0,21.202712672262376,21.392930758209392,6.552092814133092,21.0,1,-0.39293075820939194,21.032712808412324,20.75,21.25
1019.0,21.21978254829075,21.403736790421245,6.553192959935519,21.0,0,-0.4037367904212452,21.511797112539778,20.75,21.25
1020.0,21.21684923037308,21.388957227723274,6.554291922913942,21.0,0,-0.38895722772327446,21.241161600743567,20.75,21.25
1021.0,21.213916718911587,21.44877902376085,6.555389702231452,21.0,0,-0.4487790237608493,22.046996984136598,20.75,21.25
1022.0,21.21098501350825,21.55216320950426,6.556486297052042,21.0,0,-0.5521632095042612,22.58600506693838,20.75,21.25
1023.0,21.20805411376496,21.505718929917798,6.557581706540608,21.0,0,-0.5057189299177978,21.041276134053163,20.75,21.25
1024.0,21.205124019283513,21.537625820037675,6.5586759298629485,21.0,0,-0.5376258200376753,21.85669472123645,20.75,21.25
1025.0,21.202194729665628,21.573753468411358,6.559768966185763,21.0,0,-0.5737534684113577,21.93502995214818,20.75,21.25
1026.0,21.19926624451293,21.541298674407393,6.560860814676659,21.0,0,-0.5412986744073933,21.21675073436775,20.75,21.25
1027.0,21.196338563426963,21.450482637848875,6.561951474504146,21.0,1,-0.4504826378488751,20.542322272263693,20.75,21.25
1028.0,21.213411686009177,21.478651227788422,6.5630409448376374,21.0,0,-0.47865122778842206,21.76033712718389,20.75,21.25
1029.0,21.210481611860942,21.506513744737006,6.564129224847456,21.0,0,-0.5065137447370063,21.78513891422285,20.75,21.25
1030.0,21.20755234138354,21.54144313133053,6.565216313704828,21.0,0,-0.5414431313305315,21.890736997265783,20.75,21.25
1031.0,21.204623874178004,21.55160493624409,6.566302210581888,21.0,0,-0.5516049362440896,21.65322298537967,20.75,21.25
1032.0,21.201696209845284,21.577122151098614,6.56738691465168,21.0,0,-0.5771221510986138,21.832294299643856,20.75,21.25
1033.0,21.198769347986246,21.59835130720876,6.568470425088152,21.0,0,-0.598351307208759,21.81064286831021,20.75,21.25
1034.0,21.195843288201665,21.522569718900154,6.569552741066166,21.0,0,-0.5225697189001544,20.76475383581411,20.75,21.25
1035.0,21.192918030092237,21.47811149529816,6.57063386176149,21.0,0,-0.47811149529816177,21.033529259278236,20.75,21.25
1036.0,21.189993573258572,21.438751497672833,6.571713786350804,21.0,0,-0.4387514976728326,21.04515152141954,20.75,21.25
1037.0,21.18706991730119,21.459508644710827,6.572792514011698,21.0,0,-0.45950864471082653,21.667080115090766,20.75,21.25
1038.0,21.184147061820532,21.38157071981319,6.573870043922675,21.0,1,-0.38157071981319035,20.60219147083683,20.75,21.25
1039.0,21.20122500641695,21.438794707449468,6.574946375263147,21.0,0,-0.4387947074494676,22.01103458381224,20.75,21.25
1040.0,21.19829975069072,21.504840728929537,6.576021507213444,21.0,0,-0.5048407289295369,22.16530094373023,20.75,21.25
1041.0,21.195375295042023,21.495217625208788,6.577095438954804,21.0,0,-0.4952176252087881,21.3989865880013,20.75,21.25
1042.0,21.192451639070807,21.457609465280445,6.5781681696693814,21.0,0,-0.457609465280445,21.081527865997014,20.75,21.25
1043.0,21.189528782376925,21.580780899747005,6.5792396985402455,21.0,0,-0.5807808997470048,22.812495244412602,20.75,21.25
1044.0,21.186606724560157,21.521932351321603,6.58031002475138,21.0,0,-0.5219323513216025,20.93344686706758,20.75,21.25
1045.0,21.183685465220194,21.476308360483966,6.581379147487686,21.0,0,-0.47630836048396574,21.020068452107598,20.75,21.25
1046.0,21.180765003956648,21.466773770590073,6.58244706593498,21.0,0,-0.4667737705900734,21.37142787165115,20.75,21.25
1047.0,21.177845340369043,21.428163887284644,6.583513779279994,21.0,0,-0.4281638872846436,21.042065054230346,20.75,21.25
1048.0,21.174926474056825,21.32445155277464,6.584579286710381,21.0,1,-0.3244515527746401,20.287328207674605,20.75,21.25
1049.0,21.192008404619354,21.41228331076926,6.58564358741471,21.0,0,-0.4122833107692614,22.290600890715474,20.75,21.25
1050.0,21.189087131655914,21.420135626211948,6.58670668058247,21.0,0,-0.4201356262119482,21.498658780638817,20.75,21.25
1051.0,21.1861666555657,21.435655202309068,6.587768565404069,21.0,0,-0.43565520230906785,21.590850963280264,20.75,21.25
1052.0,21.183246975947668,21.48200998600502,6.588829241070837,21.0,0,-0.4820099860050213,21.945557822964556,20.75,21.25
1053.0,21.180328092400693,21.534143029749693,6.58988870677502,21.0,0,-0.5341430297496927,22.055473467196407,20.75,21.25
1054.0,21.17741000452357,21.435273151242246,6.5909469617097916,21.0,1,-0.43527315124224586,20.446574366167777,20.75,21.25
1055.0,21.194492711915007,21.452677994501627,6.592004005069244,21.0,0,-0.45267799450162727,21.62672642709544,20.75,21.25
1056.0,21.19157221417364,21.42621600668193,6.5930598360483925,21.0,0,-0.4262160066819298,21.161596128484955,20.75,21.25
1057.0,21.188652511698013,21.467938548857056,6.594114453843176,21.0,0,-0.467938548857056,21.885163970608318,20.75,21.25
1058.0,21.185733604086444,21.468148721352417,6.595167857650457,21.0,0,-0.46814872135241714,21.47025044630603,20.75,21.25
1059.0,21.182815490937156,21.507625864529352,6.596220046668023,21.0,0,-0.5076258645293521,21.9023972962987,20.75,21.25
1060.0,21.1798981718483,21.46065446309779,6.597271020094586,21.0,0,-0.46065446309778935,20.990940448782162,20.75,21.25
1061.0,21.17698164641795,21.410456449210095,6.598320777129784,21.0,0,-0.41045644921009483,20.90847631033315,20.75,21.25
1062.0,21.174065914244093,21.395285955702512,6.599369316974181,21.0,0,-0.3952859557025121,21.243581020626685,20.75,21.25
1063.0,21.17115097492464,21.33075508713458,6.6004166388292695,21.0,1,-0.33075508713458035,20.685446401455263,20.75,21.25
1064.0,21.18823682805742,21.403066580390465,6.601462741897467,21.0,0,-0.4030665803904654,22.126181512949316,20.75,21.25
1065.0,21.185319473240188,21.398894717265232,6.602507625382121,21.0,0,-0.3988947172652324,21.357176086012903,20.75,21.25
1066.0,21.182402910870618,21.48328328511782,6.603551288487508,21.0,0,-0.48328328511782104,22.327168963643707,20.75,21.25
1067.0,21.17948714054614,21.442271591127433,6.6045937304188325,21.0,0,-0.4422715911274331,21.032154651223554,20.75,21.25
1068.0,21.176572161864115,21.53533502710258,6.605634950382229,21.0,0,-0.5353350271025796,22.465969386854045,20.75,21.25
1069.0,21.17365797442182,21.47544684988474,6.606674947584764,21.0,0,-0.4754468498847402,20.876565077706346,20.75,21.25
1070.0,21.17074457781645,21.5563677859656,6.607713721234434,21.0,0,-0.5563677859656018,22.365577146774218,20.75,21.25
1071.0,21.167831971645132,21.532646207373656,6.608751270540169,21.0,0,-0.5326462073736558,21.295430421454196,20.75,21.25
1072.0,21.164920155504912,21.5785220622832,6.609787594711828,21.0,0,-0.5785220622831986,22.037280611378627,20.75,21.25
1073.0,21.162009128992754,21.627160206442774,6.610822692960206,21.0,0,-0.6271602064427739,22.113541648038527,20.75,21.25
1074.0,21.159098891705547,21.665426830932102,6.611856564497032,21.0,0,-0.6654268309321019,22.04809307582538,20.75,21.25
1075.0,21.156189443240105,21.64151956352773,6.612889208534965,21.0,0,-0.64151956352773,21.40244688948401,20.75,21.25
1076.0,21.153280783193164,21.64609654685074,6.613920624287604,21.0,0,-0.6460965468507389,21.69186638008083,20.75,21.25
1077.0,21.150372911161384,21.640408970514592,6.6149508109694795,21.0,0,-0.6404089705145921,21.583533207153124,20.75,21.25
1078.0,21.147465826741346,21.47089458414988,6.615979767796061,21.0,1,-0.4708945841498817,19.775750720502778,20.75,21.25
1079.0,21.16455952952956,21.417165881626843,6.617007493983752,21.0,1,-0.4171658816268433,20.87987885639646,20.75,21.25
1080.0,21.18165001912245,21.458893646393648,6.618033988749895,21.0,0,-0.4588936463936477,21.87617129406169,20.75,21.25
1081.0,21.178737295916378,21.501111064291695,6.619059251312769,21.0,0,-0.5011110642916954,21.923285243272172,20.75,21.25
1082.0,21.175825360307456,21.5682521529051,6.620083280891592,21.0,0,-0.5682521529050995,22.23966303903914,20.75,21.25
1083.0,21.172914211891573,21.594703322366165,6.621106076706521,21.0,0,-0.5947033223661649,21.85921501697682,20.75,21.25
1084.0,21.170003850264536,21.601980562326496,6.622127637978653,21.0,0,-0.6019805623264958,21.674752961929805,20.75,21.25
1085.0,21.167094275022077,21.589394500729533,6.623147963930025,21.0,0,-0.5893945007295329,21.463533884759904,20.75,21.25
1086.0,21.16418548575986,21.541694642520056,6.624167053783612,21.0,0,-0.5416946425200564,21.06469606042529,20.75,21.25
1087.0,21.161277482073462,21.475927504569857,6.6251849067633355,21.0,0,-0.47592750456985655,20.818256125067858,20.75,21.25
1088.0,21.1583702635584,21.530470984327668,6.626201522094055,21.0,0,-0.5304709843276676,22.075905781905778,20.75,21.25
1089.0,21.155463829810106,21.55892620414867,6.627216899001574,21.0,0,-0.5589262041486691,21.843478402358684,20.75,21.25
1090.0,21.152558180423945,21.50306477195834,6.628231036712639,21.0,0,-0.5030647719583392,20.94445045005504,20.75,21.25
1091.0,21.149653314995202,21.55633190429448,6.629243934454938,21.0,0,-0.5563319042944812,22.0890032276559,20.75,21.25
1092.0,21.146749233119095,21.555884124411374,6.630255591457108,21.0,0,-0.5558841244113744,21.551406325580306,20.75,21.25
1093.0,21.143845934390765,21.53812463540414,6.631266006948728,21.0,0,-0.5381246354041416,21.360529745331814,20.75,21.25
1094.0,21.140943418405275,21.38929487467893,6.63227518016032,21.0,1,-0.38929487467893154,19.90099726742683,20.75,21.25
1095.0,21.158041684757627,21.260821218497068,6.633283110323358,21.0,1,-0.2608212184970675,19.976084656678427,20.75,21.25
1096.0,21.17513673304274,21.262232194645645,6.634289796670257,21.0,0,-0.2622321946456445,21.276341956131414,20.75,21.25
1097.0,21.172228563655466,21.23465386686607,6.635295238434383,21.0,0,-0.23465386686606848,20.958870589070308,20.75,21.25
1098.0,21.169321176990422,21.295201413758416,6.636299434850047,21.0,0,-0.29520141375841646,21.900676882681896,20.75,21.25
1099.0,21.166414572641994,21.42214415914407,6.637302385152511,21.0,0,-0.42214415914407155,22.691571613000622,20.75,21.25
1100.0,21.163508750204496,21.549789048904895,6.638304088577984,21.0,0,-0.5497890489048949,22.826237946513128,20.75,21.25
1101.0,21.16060370927217,21.50819155303895,6.639304544363625,21.0,0,-0.5081915530389516,21.09221659437952,20.75,21.25
1102.0,21.15769944943919,21.478176443211698,6.640303751747544,21.0,0,-0.47817644321169794,21.17802534493916,20.75,21.25
1103.0,21.154795970299652,21.401897630475236,6.641301709968801,21.0,1,-0.4018976304752364,20.63910950311062,20.75,21.25
1104.0,21.171893271447587,21.330544271284346,6.6422984182674085,21.0,1,-0.3305442712843458,20.61701067937544,20.75,21.25
1105.0,21.18898735247695,21.294260842697096,6.643293875884327,21.0,1,-0.2942608426970956,20.931426556824594,20.75,21.25
1106.0,21.20607821378163,21.310277584593667,6.6442880820614745,21.0,0,-0.31027758459366694,21.47044500355938,20.75,21.25
1107.0,21.203165855755287,21.421503119056226,6.64528103604172,21.0,0,-0.42150311905622573,22.533758463681814,20.75,21.25
1108.0,21.200254278791345,21.425782527011584,6.646272737068884,21.0,0,-0.4257825270115845,21.468576606565172,20.75,21.25
1109.0,21.197343482483,21.541021731864937,6.647263184387744,21.0,0,-0.5410217318649373,22.693413780398465,20.75,21.25
1110.0,21.19443346642338,21.624561358504813,6.648252377244031,21.0,0,-0.6245613585048133,22.459957624903574,20.75,21.25
1111.0,21.191524230205545,21.60523622000979,6.649240314884432,21.0,0,-0.6052362200097896,21.411984835059553,20.75,21.25
1112.0,21.18861577342248,21.556568679152985,6.65022699655659,21.0,0,-0.5565686791529849,21.069893270584938,20.75,21.25
1113.0,21.185708095667106,21.58692802240318,6.651212421509103,21.0,0,-0.5869280224031783,21.890521454905112,20.75,21.25
1114.0,21.182801196532274,21.55401469164147,6.6521965889915275,21.0,0,-0.5540146916414699,21.224881384024386,20.75,21.25
1115.0,21.179895075610766,21.496661902219156,6.653179498254377,21.0,0,-0.49666190221915585,20.923134007996016,20.75,21.25
1116.0,21.176989732495294,21.61531851854111,6.654161148549123,21.0,0,-0.615318518541109,22.80188468176064,20.75,21.25
1117.0,21.174085166778504,21.514680731434332,6.655141539128198,21.0,1,-0.514680731434332,20.508302860366562,20.75,21.25
1118.0,21.191181378052974,21.52480988137237,6.656120669244989,21.0,0,-0.5248098813723701,21.62610138075275,20.75,21.25
1119.0,21.188274365911212,21.47286874066249,6.657098538153847,21.0,0,-0.4728687406624914,20.953457333563705,20.75,21.25
1120.0,21.185368130745662,21.514208311020845,6.658075145110083,21.0,0,-0.5142083110208446,21.927604014604377,20.75,21.25
1121.0,21.182462672148535,21.487267197253043,6.659050489369968,21.0,0,-0.48726719725304335,21.21785605957503,20.75,21.25
1122.0,21.17955798971198,21.59647761252462,6.6600245701907355,21.0,0,-0.5964776125246196,22.688581765240382,20.75,21.25
1123.0,21.176654083028076,21.517640063042723,6.660997386830578,21.0,1,-0.5176400630427231,20.72926456822376,20.75,21.25
1124.0,21.193750951688838,21.586921501076542,6.6619689385486565,21.0,0,-0.5869215010765423,22.279735881414734,20.75,21.25
1125.0,21.190844595286208,21.66074043935497,6.662939224605091,21.0,0,-0.6607404393549707,22.398929822139255,20.75,21.25
1126.0,21.187939014212073,21.665589183744828,6.663908244260965,21.0,0,-0.665589183744828,21.7140766276434,20.75,21.25
1127.0,21.185034208058084,21.638125210900704,6.6648759967783295,21.0,0,-0.6381252109007036,21.36348548245946,20.75,21.25
1128.0,21.18213017641583,21.770593027160622,6.665842481420199,21.0,0,-0.7705930271606221,23.095271189759806,20.75,21.25
1129.0,21.17922691887683,21.752545457385704,6.666807697450553,21.0,0,-0.752545457385704,21.572069759636523,20.75,21.25
1130.0,21.176324435032544,21.67211960934163,6.667771644134336,21.0,0,-0.6721196093416317,20.86786112890091,20.75,21.25
1131.0,21.173422724474364,21.584697137963467,6.668734320737463,21.0,1,-0.5846971379634667,20.710472424181816,20.75,21.25
1132.0,21.190521786793617,21.625927698060668,6.669695726526813,21.0,0,-0.6259276980606678,22.03823329903268,20.75,21.25
1133.0,21.187617621581563,21.568560340491793,6.670655860770234,21.0,0,-0.5685603404917927,20.99488676480304,20.75,21.25
1134.0,21.1847142292294,21.588657625752383,6.671614722736541,21.0,0,-0.5886576257523828,21.789630478358283,20.75,21.25
1135.0,21.1818116093281,21.521424172312614,6.672572311695519,21.0,0,-0.5214241723126136,20.849089637914922,20.75,21.25
1136.0,21.178909761468574,21.58687644865144,6.673528626917923,21.0,0,-0.5868764486514415,22.24139921203972,20.75,21.25
1137.0,21.176008685241666,21.49687903417035,6.674483667675478,21.0,1,-0.49687903417035173,20.596904889359454,20.75,21.25
1138.0,21.19310838023815,21.43157705443025,6.6754374332408775,21.0,1,-0.4315770544302495,20.778557257029227,20.75,21.25
1139.0,21.21020484604875,21.458023731126747,6.676389922887788,21.0,0,-0.45802373112674744,21.722490498091727,20.75,21.25
1140.0,21.207298083064117,21.533203602126036,6.677341135890848,21.0,0,-0.5332036021260365,22.285002312118927,20.75,21.25
1141.0,21.204392091674684,21.477597632450788,6.678291071525667,21.0,0,-0.477597632450788,20.921537935698304,20.75,21.25
1142.0,21.201486871470653,21.526397820396205,6.679239729068827,21.0,0,-0.5263978203962054,22.01439969985038,20.75,21.25
1143.0,21.198582422042172,21.589181808555782,6.680187107797884,21.0,0,-0.5891818085557823,22.21702169015155,20.75,21.25
1144.0,21.19567874297932,21.5171130539924,6.681133206991369,21.0,0,-0.5171130539924,20.796425508358578,20.75,21.25
1145.0,21.192775833872123,21.44143019277168,6.682078025928785,21.0,1,-0.44143019277167994,20.68460158056448,20.75,21.25
1146.0,21.209873694310534,21.467327475127007,6.6830215638906125,21.0,0,-0.4673274751270071,21.72630029868028,20.75,21.25
1147.0,21.20696832388445,21.463129935773786,6.683963820158306,21.0,0,-0.4631299357737859,21.421154542241574,20.75,21.25
1148.0,21.204063722983705,21.448817463394683,6.684904794014296,21.0,0,-0.44881746339468265,21.30569273960365,20.75,21.25
1149.0,21.20115989119791,21.477114653903765,6.685844484741989,21.0,0,-0.4771146539037652,21.76008655899459,20.75,21.25
1150.0,21.19825682811662,21.486585096098935,6.686782891625771,21.0,0,-0.48658509609893486,21.58128951805063,20.75,21.25
1151.0,21.195354533329322,21.451874142628586,6.687720013951005,21.0,0,-0.4518741426285864,21.1047646079251,20.75,21.25
1152.0,21.192453006425445,21.45441637303498,6.688655851004031,21.0,0,-0.45441637303498084,21.479838677098925,20.75,21.25
1153.0,21.18955224699436,21.482134773758503,6.689590402072167,21.0,0,-0.4821347737585029,21.759318780993723,20.75,21.25
1154.0,21.186652254625375,21.463894103056855,6.690523666443712,21.0,0,-0.4638941030568553,21.28148739604038,20.75,21.25
1155.0,21.183753028907738,21.52242517148437,6.691455643407947,21.0,0,-0.5224251714843717,22.107735855759536,20.75,21.25
1156.0,21.18085456943064,21.530278783422126,6.692386332255128,21.0,0,-0.5302787834221263,21.608814902799672,20.75,21.25
1157.0,21.177956875783206,21.538133219154737,6.693315732276497,21.0,0,-0.5381332191547372,21.616677576480846,20.75,21.25
1158.0,21.175059947554505,21.499025682764742,6.6942438427642745,21.0,0,-0.49902568276474213,21.10795031886479,20.75,21.25
1159.0,21.17216378433355,21.54987616413024,6.695170663011664,21.0,0,-0.5498761641302394,22.058380977785212,20.75,21.25
1160.0,21.169268385709284,21.541572104590777,6.696096192312852,21.0,0,-0.5415721045907773,21.458531509196156,20.75,21.25
1161.0,21.166373751270605,21.533620000573556,6.697020429963008,21.0,0,-0.5336200005735563,21.454098960401346,20.75,21.25
1162.0,21.163479880606342,21.513729486430044,6.697943375258283,21.0,0,-0.5137294864300443,21.314824344994925,20.75,21.25
1163.0,21.160586773305273,21.547600559500985,6.698865027495816,21.0,0,-0.5476005595009852,21.886311290210394,20.75,21.25
1164.0,21.15769442895611,21.45091699462582,6.699785385973728,21.0,1,-0.45091699462582113,20.48408134587418,20.75,21.25
1165.0,21.17480284714751,21.3713576263058,6.700704449991125,21.0,1,-0.3713576263058016,20.575763943105606,20.75,21.25
1166.0,21.19190802746808,21.408787777997304,6.701622218848103,21.0,0,-0.40878777799730415,21.78308929491233,20.75,21.25
1167.0,21.18900997030636,21.485054645101375,6.702538691845737,21.0,0,-0.48505464510137486,22.247723316142082,20.75,21.25
1168.0,21.186112676050666,21.48473793681301,6.703453868286095,21.0,0,-0.4847379368130085,21.481570853929345,20.75,21.25
1169.0,21.183216144289112,21.56636955568784,6.704367747472231,21.0,0,-0.5663695556878388,22.38268574443614,20.75,21.25
1170.0,21.18032037460975,21.647497068353374,6.705280328708184,21.0,0,-0.6474970683533741,22.458772195008727,20.75,21.25
1171.0,21.17742536660057,21.586617376476017,6.706191611298986,21.0,0,-0.586617376476017,20.977820457702446,20.75,21.25
1172.0,21.174531119849508,21.418452751355126,6.707101594550655,21.0,1,-0.41845275135512594,19.736806500146216,20.75,21.25
1173.0,21.19163763394445,21.402269411327296,6.708010277770198,21.0,1,-0.4022694113272962,21.240436011049,20.75,21.25
1174.0,21.208740908473214,21.39490167996137,6.708917660265615,21.0,0,-0.3949016799613716,21.321224366302125,20.75,21.25
1175.0,21.20584094382357,21.43319918799301,6.709823741345893,21.0,0,-0.4331991879930115,21.81617426830941,20.75,21.25
1176.0,21.202941740383075,21.43583739366894,6.710728520321013,21.0,0,-0.43583739366894036,21.46221945042823,20.75,21.25
1177.0,21.20004329773906,21.556068088936847,6.711631996501946,21.0,0,-0.556068088936847,22.758375041615913,20.75,21.25
1178.0,21.197145615478814,21.503987016504556,6.712534169200657,21.0,0,-0.5039870165045564,20.98317629218165,20.75,21.25
1179.0,21.194248693189557,21.443913786136328,6.713435037730099,21.0,0,-0.4439137861363278,20.843181482454042,20.75,21.25
1180.0,21.191352530458467,21.37506721857241,6.714334601404225,21.0,1,-0.3750672185724113,20.686601542933246,20.75,21.25
1181.0,21.208457126872656,21.432788651635086,6.715232859537975,21.0,0,-0.43278865163508584,22.01000298226183,20.75,21.25
1182.0,21.20555848201919,21.3442415843889,6.716129811447289,21.0,1,-0.3442415843889002,20.458770911927044,20.75,21.25
1183.0,21.222660596285074,21.40092898682897,6.717025456449098,21.0,0,-0.40092898682896916,21.96780301122966,20.75,21.25
1184.0,21.219759469257106,21.397105590686007,6.717919793861329,21.0,0,-0.3971055906860066,21.35887162925638,20.75,21.25
1185.0,21.216859101322026,21.484680632166622,6.718812823002906,21.0,0,-0.48468063216662216,22.360431046972778,20.75,21.25
1186.0,21.213959492066362,21.50964715597882,6.719704543193747,21.0,0,-0.5096471559788185,21.75931239410078,20.75,21.25
1187.0,21.21106064107659,21.53899604237289,6.72059495375477,21.0,0,-0.5389960423728901,21.832484906313606,20.75,21.25
1188.0,21.208162547939125,21.535964066275312,6.721484054007887,21.0,0,-0.5359640662753122,21.505644305299533,20.75,21.25
1189.0,21.205265212240338,21.583540305500605,6.722371843276012,21.0,0,-0.5835403055006054,22.059302697753537,20.75,21.25
1190.0,21.202368633566547,21.503575212893093,6.723258320883051,21.0,1,-0.503575212893093,20.70392428681797,20.75,21.25
1191.0,21.21947281150401,21.415557432292307,6.724143486153917,21.0,1,-0.41555743229230657,20.535379626284442,20.75,21.25
1192.0,21.23657374563894,21.477536343880182,6.725027338414515,21.0,0,-0.47753634388018185,22.097325459758935,20.75,21.25
1193.0,21.233671436357493,21.47019426252772,6.7259098769917545,21.0,0,-0.4701942625277198,21.3967734490031,20.75,21.25
1194.0,21.23076988404562,21.50501192625823,6.726791101213543,21.0,0,-0.5050119262582307,21.85318856356334,20.75,21.25
1195.0,21.227869088289054,21.403565446665816,6.727671010408791,21.0,1,-0.40356544666581584,20.389100650741668,20.75,21.25
1196.0,21.24496904867348,21.44560269576153,6.7285496039074095,21.0,0,-0.44560269576152933,21.865975186718664,20.75,21.25
1197.0,21.242065764784524,21.39756165542307,6.72942688104031,21.0,0,-0.3975616554230683,20.917151252038458,20.75,21.25
1198.0,21.239163237007777,21.390430899799917,6.730302841139409,21.0,0,-0.39043089979991663,21.3191233435684,20.75,21.25
1199.0,21.236261464928603,21.314802492340228,6.731177483537624,21.0,1,-0.3148024923402275,20.558518417743336,20.75,21.25
1200.0,21.253360448132323,21.421817207345434,-5.267949192431123,21.0,0,-0.42181720734543404,22.4919643573975,20.75,21.25
1201.0,21.24805618620421,21.39685197505394,-5.267077187431906,21.0,0,-0.39685197505394143,21.147199652139015,20.75,21.25
1202.0,21.24275315952948,21.387008332434903,-5.266206502128794,21.0,0,-0.3870083324349025,21.288571906244513,20.75,21.25
1203.0,21.23745136759715,21.308076618570887,-5.265337137184854,21.0,1,-0.30807661857088675,20.51875947993073,20.75,21.25
1204.0,21.252150809896193,21.318539739183876,-5.264469093262143,21.0,0,-0.31853973918387624,21.42317094531377,20.75,21.25
1205.0,21.246847485915563,21.296484093442206,-5.263602371021715,21.0,0,-0.2964840934422064,21.075927636025508,20.75,21.25
1206.0,21.241545395944176,21.335878197085222,-5.262736971123617,21.0,0,-0.33587819708522204,21.72981923351538,20.75,21.25
1207.0,21.23624453947076,21.390953630691126,-5.261872894226889,21.0,0,-0.39095363069112565,21.94170796675016,20.75,21.25
1208.0,21.230944915984022,21.46946024420118,-5.261010140989562,21.0,0,-0.46946024420117993,22.254526379301723,20.75,21.25
1209.0,21.22564652497263,21.484353204161717,-5.260148712068661,21.0,0,-0.48435320416171734,21.63328280376709,20.75,21.25
1210.0,21.22034936592522,21.52802688608167,-5.259288608120201,21.0,0,-0.528026886081669,21.964763705281186,20.75,21.25
1211.0,21.21505343833041,21.507951134489982,-5.258429829799189,21.0,0,-0.5079511344899821,21.307193618573113,20.75,21.25
1212.0,21.209758741676787,21.395330724172005,-5.2575723777596215,21.0,1,-0.39533072417200543,20.26912662099224,20.75,21.25
1213.0,21.2244652754529,21.416550435530347,-5.256716252654486,21.0,0,-0.4165504355303469,21.62874754911376,20.75,21.25
1214.0,21.21916903914728,21.478285319286748,-5.255861455135759,21.0,0,-0.4782853192867478,22.095634156850757,20.75,21.25
1215.0,21.213874033048423,21.500950389978133,-5.255007985854406,21.0,0,-0.5009503899781329,21.727601096891984,20.75,21.25
1216.0,21.20858025664464,21.482162299532877,-5.254155845460381,21.0,0,-0.48216229953287737,21.294281395080322,20.75,21.25
1217.0,21.20328770942422,21.51853131155868,-5.253305034602626,21.0,0,-0.5185313115586787,21.882221431816692,20.75,21.25
1218.0,21.197996390875414,21.494342935112375,-5.252455553929069,21.0,0,-0.4943429351123747,21.252459170649335,20.75,21.25
1219.0,21.192706300486453,21.423279566393568,-5.25160740408663,21.0,1,-0.42327956639356756,20.712645879205496,20.75,21.25
1220.0,21.207417437745537,21.411650038076935,-5.250760585721208,21.0,0,-0.41165003807693523,21.295354754910612,20.75,21.25
1221.0,21.202125802140845,21.37845234107895,-5.249915099477695,21.0,0,-0.3784523410789511,21.04647537109911,20.75,21.25
1222.0,21.196835393960523,21.399471115585033,-5.249070945999964,21.0,0,-0.39947111558503323,21.609658860645855,20.75,21.25
1223.0,21.19154621269253,21.401498823760015,-5.248228125930876,21.0,0,-0.401498823760015,21.421775905509833,20.75,21.25
1224.0,21.186258257824804,21.42479446184752,-5.247386639912273,21.0,0,-0.4247944618475188,21.657750842722557,20.75,21.25
1225.0,21.180971528845255,21.3487785799115,-5.246546488584984,21.0,1,-0.3487785799114995,20.588619760551307,20.75,21.25
1226.0,21.19568602524177,21.47256842285562,-5.245707672588822,21.0,0,-0.47256842285561973,22.710466852296822,20.75,21.25
1227.0,21.190397746502203,21.510425332498635,-5.244870192562582,21.0,0,-0.5104253324986345,21.888994428928783,20.75,21.25
1228.0,21.18511069291439,21.500530909168255,-5.244034049144039,21.0,0,-0.5005309091682548,21.401586675864458,20.75,21.25
1229.0,21.179824863965976,21.502917150178824,-5.243199242969954,21.0,0,-0.5029171501788241,21.526779560284517,20.75,21.25
1230.0,21.17454025914459,21.589683850475588,-5.2423657746760695,21.0,0,-0.5896838504755877,22.457350853443224,20.75,21.25
1231.0,21.169256877937826,21.523302623968767,-5.241533644897106,21.0,0,-0.5233026239687675,20.859490358900565,20.75,21.25
1232.0,21.16397471983326,21.52183717719862,-5.240702854266767,21.0,0,-0.5218371771986199,21.507182709497144,20.75,21.25
1233.0,21.15869378431844,21.495007365913818,-5.239873403417736,21.0,0,-0.49500736591381767,21.226709253065795,20.75,21.25
1234.0,21.153414070880892,21.439929759617208,-5.239045292981676,21.0,0,-0.4399297596172076,20.889153696651107,20.75,21.25
1235.0,21.14813557900812,21.422775785446316,-5.238218523589229,21.0,0,-0.42277578544631567,21.251236043737396,20.75,21.25
1236.0,21.1428583081876,21.395262292049146,-5.237393095870016,21.0,0,-0.3952622920491464,21.120127358077454,20.75,21.25
1237.0,21.137582257906786,21.376077370422486,-5.2365690104526355,21.0,0,-0.376077370422486,21.184228154155882,20.75,21.25
1238.0,21.132307427653114,21.37638422344707,-5.2357462679646645,21.0,0,-0.3763842234470687,21.379452753692895,20.75,21.25
1239.0,21.12703381691399,21.39089117200025,-5.234924869032658,21.0,0,-0.3908911720002486,21.535960657532048,20.75,21.25
1240.0,21.1217614251768,21.302788093454186,-5.234104814282146,21.0,1,-0.3027880934541862,20.421757307993563,20.75,21.25
1241.0,21.136490251928908,21.27758233618417,-5.233286104337637,21.0,1,-0.27758233618417094,21.025524763484018,20.75,21.25
1242.0,21.151216296657655,21.26544249042974,-5.232468739822613,21.0,1,-0.26544249042974144,21.144044032885446,20.75,21.25
1243.0,21.165939559650358,21.30834318052616,-5.231652721359533,21.0,0,-0.3083431805261583,21.737350081490327,20.75,21.25
1244.0,21.160660041194156,21.36149156501417,-5.230838049569832,21.0,0,-0.3614915650141697,21.892975409894284,20.75,21.25
1245.0,21.155381741576004,21.33666661937719,-5.230024725073917,21.0,0,-0.33666661937719056,21.0884171630074,20.75,21.25
1246.0,21.150104660282675,21.31603330505692,-5.229212748491168,21.0,0,-0.3160333050569193,21.109700161854207,20.75,21.25
1247.0,21.14482879680092,21.343258359604018,-5.228402120439943,21.0,0,-0.3432583596040182,21.615508905075007,20.75,21.25
1248.0,21.13955415061747,21.318512470462494,-5.227592841537571,21.0,0,-0.318512470462494,21.071053579047252,20.75,21.25
1249.0,21.13428072121904,21.243879400802953,-5.22678491240035,21.0,1,-0.24387940080295323,20.497548704207546,20.75,21.25
1250.0,21.149008508092315,21.348243215077396,-5.225978333643557,21.0,0,-0.348243215077396,22.391881357821823,20.75,21.25
1251.0,21.14373351072397,21.394416428693212,-5.225173105881433,21.0,0,-0.39441642869321214,21.856148564851374,20.75,21.25
1252.0,21.138459729400648,21.421769204386738,-5.2243692297271975,21.0,0,-0.42176920438673804,21.695296961321997,20.75,21.25
1253.0,21.13318716360882,21.384923024672347,-5.223566705793035,21.0,0,-0.3849230246723465,21.01646122752843,20.75,21.25
1254.0,21.12791581283494,21.429469585832134,-5.222765534690103,21.0,0,-0.429469585832134,21.87493519743001,20.75,21.25
1255.0,21.122645676565433,21.33710832109408,-5.221965717028527,21.0,1,-0.33710832109408173,20.41349567371356,20.75,21.25
1256.0,21.137376754286713,21.286392760926244,-5.221167253417405,21.0,1,-0.286392760926244,20.779237159247867,20.75,21.25
1257.0,21.152105045485172,21.22065606031025,-5.2203701444648,21.0,1,-0.22065606031025098,20.56328905415032,20.75,21.25
1258.0,21.16683055044718,21.2840779794207,-5.219574390777747,21.0,0,-0.2840779794207009,21.9182971705252,20.75,21.25
1259.0,21.161553269458935,21.2821484146258,-5.218779992962245,21.0,0,-0.28214841462580154,21.262852766676808,20.75,21.25
1260.0,21.15627720280645,21.36631356472239,-5.217986951623264,21.0,0,-0.36631356472238963,22.20796506568827,20.75,21.25
1261.0,21.151002349975563,21.44169373779265,-5.2171952673647395,21.0,0,-0.44169373779265086,22.195495468495263,20.75,21.25
1262.0,21.145728710452094,21.47248237580289,-5.216404940789572,21.0,0,-0.47248237580289043,21.780368755905286,20.75,21.25
1263.0,21.140456283721846,21.460102435090597,-5.215615972499631,21.0,0,-0.46010243509059734,21.336303027967666,20.75,21.25
1264.0,21.1351850692706,21.479211319310668,-5.214828363095749,21.0,0,-0.47921131931066796,21.670300161511374,20.75,21.25
1265.0,21.12991506658413,21.408898287297244,-5.214042113177726,21.0,1,-0.4088982872972444,20.70576796716301,20.75,21.25
1266.0,21.144646275148176,21.398316230018526,-5.213257223344325,21.0,0,-0.39831623001852634,21.292495657231346,20.75,21.25
1267.0,21.139374694448477,21.405243005787312,-5.212473694193274,21.0,0,-0.4052430057873124,21.474510763475173,20.75,21.25
1268.0,21.13410432477075,21.34061243562063,-5.211691526321264,21.0,1,-0.34061243562063126,20.69430673395382,20.75,21.25
1269.0,21.14883516560053,21.32857719750553,-5.21091072032395,21.0,1,-0.32857719750553116,21.20822481635453,20.75,21.25
1270.0,21.163563216423345,21.410876274792255,-5.21013127679595,21.0,0,-0.41087627479225475,22.23386704765949,20.75,21.25
1271.0,21.1582884775247,21.424118370349127,-5.209353196330844,21.0,0,-0.42411837034912736,21.556539325917853,20.75,21.25
1272.0,21.153014949189927,21.46490868022571,-5.208576479521174,21.0,0,-0.46490868022571163,21.872811778991554,20.75,21.25
1273.0,21.147742630904187,21.505267010484296,-5.2078011269584445,21.0,0,-0.505267010484296,21.90885031307014,20.75,21.25
1274.0,21.142471522152615,21.554611305813815,-5.207027139233119,21.0,0,-0.5546113058138147,22.048054259109,20.75,21.25
1275.0,21.13720162242034,21.46738065867873,-5.2062545169346235,21.0,1,-0.46738065867873146,20.5950741873279,20.75,21.25
1276.0,21.151932931192466,21.455520603909786,-5.205483260651343,21.0,0,-0.4555206039097861,21.336920056220332,20.75,21.25
1277.0,21.1466614479541,21.386072609889233,-5.204713370970623,21.0,1,-0.38607260988923287,20.6915926696837,20.75,21.25
1278.0,21.161391172990314,21.400044843897,-5.203944848478769,21.0,0,-0.4000448438969997,21.539767183974668,20.75,21.25
1279.0,21.15611810578602,21.328085004668097,-5.2031776937610426,21.0,1,-0.32808500466809676,20.608486612379068,20.75,21.25
1280.0,21.170846246626112,21.34076515178679,-5.202411907401666,21.0,0,-0.34076515178679045,21.467566622973727,20.75,21.25
1281.0,21.165571594995306,21.371214259597814,-5.201647489983819,21.0,0,-0.3712142595978136,21.675705337708045,20.75,21.25
1282.0,21.16029815117831,21.39641420730742,-5.200884442089639,21.0,0,-0.3964142073074193,21.648413684403476,20.75,21.25
1283.0,21.155025914659657,21.442946062046264,-5.20012276430022,21.0,0,-0.4429460620462642,21.908264609434713,20.75,21.25
1284.0,21.149754884923865,21.54735269528059,-5.199362457195613,21.0,0,-0.5473526952805905,22.591419027623854,20.75,21.25
1285.0,21.14448506145544,21.636466190458233,-5.1986035213548245,21.0,0,-0.6364661904582327,22.527601142234655,20.75,21.25
1286.0,21.139216443738878,21.548991731040857,-5.197845957355817,21.0,1,-0.5489917310408572,20.674247136867102,20.75,21.25
1287.0,21.15394903125866,21.598008473305065,-5.197089765775509,21.0,0,-0.5980084733050646,22.08817589594714,20.75,21.25
1288.0,21.148678823499253,21.534302699108984,-5.196334947189772,21.0,0,-0.5343026991089843,20.89724495714818,20.75,21.25
1289.0,21.143409820745116,21.509369156489914,-5.195581502173436,21.0,0,-0.5093691564899139,21.26003373029921,20.75,21.25
1290.0,21.138142022480533,21.416497185138468,-5.194829431300279,21.0,1,-0.4164971851384678,20.487777471624007,20.75,21.25
1291.0,21.152875428189777,21.508399910203167,-5.194078735143037,21.0,0,-0.5083999102031669,22.427427160850158,20.75,21.25
1292.0,21.14760603735711,21.471504991943814,-5.193329414273398,21.0,0,-0.4715049919438137,21.10255580935028,20.75,21.25
1293.0,21.142337850266784,21.507184130140406,-5.192581469262003,21.0,0,-0.5071841301404056,21.863975512106325,20.75,21.25
1294.0,21.13707086640288,21.470729055730427,-5.191834900678444,21.0,0,-0.4707290557304269,21.10617831163064,20.75,21.25
1295.0,21.131805085249464,21.50587050518096,-5.191089709091264,21.0,0,-0.5058705051809618,21.85728499968631,20.75,21.25
1296.0,21.126540506290596,21.458198429992382,-5.190345895067961,21.0,0,-0.45819842999238247,20.98147767810659,20.75,21.25
1297.0,21.121277129010323,21.432092331911555,-5.189603459174981,21.0,0,-0.43209233191155505,21.17103135110328,20.75,21.25
1298.0,21.116014952892687,21.395735058842753,-5.188862401977721,21.0,0,-0.39573505884275306,21.032162328154733,20.75,21.25
1299.0,21.110753977421712,21.39162356699929,-5.188122724040529,21.0,0,-0.39162356699928935,21.350508648564652,20.75,21.25
1300.0,21.10549420208142,21.412571725857372,-5.1873844259267,21.0,0,-0.41257172585737223,21.6220533144382,20.75,21.25
1301.0,21.10023562635582,21.43013880245924,-5.186647508198482,21.0,0,-0.43013880245923986,21.605809568477916,20.75,21.25
1302.0,21.094978249728907,21.39825665931902,-5.18591197141707,21.0,0,-0.39825665931902066,21.07943522791683,20.75,21.25
1303.0,21.08972207168468,21.402050400332225,-5.185177816142606,21.0,0,-0.40205040033222517,21.43998781046427,20.75,21.25
1304.0,21.084467091707115,21.363993225059215,-5.184445042934183,21.0,0,-0.3639932250592146,20.98342147232911,20.75,21.25
1305.0,21.07921330928019,21.3259360497862,-5.183713652349837,21.0,0,-0.3259360497862005,20.94536429705606,20.75,21.25
1306.0,21.07396072388786,21.244248697361996,-5.182983644946557,21.0,1,-0.2442486973619964,20.427375173119955,20.75,21.25
1307.0,21.088709335014094,21.279140409411816,-5.182255021280272,21.0,0,-0.2791404094118164,21.628057529910016,20.75,21.25
1308.0,21.083455142142835,21.330503897466052,-5.181527781905863,21.0,0,-0.3305038974660519,21.844138778008407,20.75,21.25
1309.0,21.078202145558027,21.317963043275505,-5.1808019273771535,21.0,0,-0.31796304327550473,21.192554501370033,20.75,21.25
1310.0,21.07295034474344,21.274694048329433,-5.180077458246913,21.0,0,-0.2746940483294331,20.842004098868717,20.75,21.25
1311.0,21.067699739182842,21.270773892274853,-5.179354375066858,21.0,0,-0.27077389227485327,21.231572331729055,20.75,21.25
1312.0,21.062450328359994,21.294262565324836,-5.178632678387646,21.0,0,-0.29426256532483563,21.52914929582466,20.75,21.25
1313.0,21.057202111758645,21.22084402623856,-5.17791236875888,21.0,1,-0.22084402623855937,20.486658635375797,20.75,21.25
1314.0,21.07195508886254,21.266517687081045,-5.17719344672911,21.0,0,-0.26651768708104484,21.7232542955059,20.75,21.25
1315.0,21.066705259155423,21.301690771834576,-5.176475912845823,21.0,0,-0.3016907718345756,21.653421619369883,20.75,21.25
1316.0,21.06145662292102,21.344297819824384,-5.175759767655454,21.0,0,-0.34429781982438357,21.770368299722463,20.75,21.25
1317.0,21.056209179642906,21.35145121541707,-5.175045011703379,21.0,0,-0.3514512154170717,21.422985171343953,20.75,21.25
1318.0,21.050962928804637,21.34128166604048,-5.174331645533915,21.0,0,-0.34128166604048005,21.239586172274564,20.75,21.25
1319.0,21.04571786988977,21.33686720860209,-5.1736196696903205,21.0,0,-0.3368672086020901,21.29272263421819,20.75,21.25
1320.0,21.040474002381856,21.345643716534063,-5.1729090847147985,21.0,0,-0.3456437165340631,21.433408795853794,20.75,21.25
1321.0,21.035231325764435,21.35424689552669,-5.172199891148488,21.0,0,-0.3542468955266891,21.44027868545295,20.75,21.25
1322.0,21.029989839521054,21.286218094959803,-5.171492089531473,21.0,1,-0.28621809495980344,20.605930089290947,20.75,21.25
1323.0,21.044749543135243,21.331175855747286,-5.170785680402773,21.0,0,-0.33117585574728636,21.780753463622116,20.75,21.25
1324.0,21.039506436090534,21.257214862347716,-5.17008066430035,21.0,1,-0.2572148623477162,20.517604928352014,20.75,21.25
1325.0,21.054264518670454,21.284943391087673,-5.169377041761106,21.0,0,-0.28494339108767264,21.562228678487237,20.75,21.25
1326.0,21.04901979035837,21.34198895725492,-5.168674813320878,21.0,0,-0.3419889572549195,21.91244461892739,20.75,21.25
1327.0,21.04377625143763,21.344601873383738,-5.167973979514445,21.0,0,-0.3446018733837377,21.37073103467192,20.75,21.25
1328.0,21.03853390139144,21.398709298721037,-5.167274540875521,21.0,0,-0.39870929872103744,21.939783552094035,20.75,21.25
1329.0,21.033292739702986,21.494139680996916,-5.166576497936759,21.0,0,-0.4941396809969163,22.448443503755705,20.75,21.25
1330.0,21.02805276585546,21.45866449387021,-5.165879851229752,21.0,0,-0.45866449387020936,21.10391262260314,20.75,21.25
1331.0,21.022813979332042,21.400832688581477,-5.1651846012850235,21.0,0,-0.40083268858147747,20.82251463569416,20.75,21.25
1332.0,21.017576379615917,21.412864039260803,-5.164490748632038,21.0,0,-0.4128640392608034,21.533177546054063,20.75,21.25
1333.0,21.012339966190268,21.345155895510736,-5.163798293799194,21.0,1,-0.3451558955107359,20.66807445801006,20.75,21.25
1334.0,21.02710473853827,21.314283489299296,-5.163107237313826,21.0,1,-0.31428348929929584,21.005559427184895,20.75,21.25
1335.0,21.0418666961431,21.26410895574933,-5.162417579702204,21.0,1,-0.2641089557493288,20.76236362024966,20.75,21.25
1336.0,21.056625839287932,21.222539771249934,-5.161729321489531,21.0,1,-0.2225397712499344,20.80684792625599,20.75,21.25
1337.0,21.071382168255777,21.208319262240302,-5.161042463199948,21.0,1,-0.20831926224030184,21.066114172143976,20.75,21.25
1338.0,21.086135683329488,21.27207112257195,-5.160357005356525,21.0,0,-0.2720711225719512,21.909589725888445,20.75,21.25
1339.0,21.08088638479175,21.24771908570752,-5.159672948481269,21.0,0,-0.24771908570751933,21.0041987170632,20.75,21.25
1340.0,21.075638272925094,21.25104264297291,-5.158990293095119,21.0,0,-0.2510426429729087,21.284278215626802,20.75,21.25
1341.0,21.07039134721189,21.290888907410952,-5.158309039717947,21.0,0,-0.2908889074109524,21.68935155179139,20.75,21.25
1342.0,21.065145607134504,21.349608687057845,-5.157629188868558,21.0,0,-0.3496086870578452,21.936806483526773,20.75,21.25
1343.0,21.059901052175302,21.33823652786773,-5.156950741064685,21.0,0,-0.3382365278677284,21.22451493596656,20.75,21.25
1344.0,21.054657681816654,21.288819770456936,-5.156273696822999,21.0,0,-0.28881977045693574,20.79465219634901,20.75,21.25
1345.0,21.049415495540927,21.362388906928224,-5.155598056659096,21.0,0,-0.36238890692822423,22.09808027164111,20.75,21.25
1346.0,21.044174492830486,21.29192316858819,-5.1549238210875075,21.0,1,-0.2919231685881911,20.58726578518786,20.75,21.25
1347.0,21.058934673167702,21.31809134989743,-5.154250990621691,21.0,0,-0.31809134989742915,21.57977316298981,20.75,21.25
1348.0,21.053692036034946,21.258628491899895,-5.153579565774038,21.0,1,-0.2586284918998949,20.663999911924552,20.75,21.25
1349.0,21.068450581714583,21.29144073957565,-5.152909547055867,21.0,0,-0.2914407395756484,21.619563216333184,20.75,21.25
1350.0,21.06320630968883,21.30175029993434,-5.152240934977426,21.0,0,-0.30175029993434066,21.404845903521263,20.75,21.25
1351.0,21.0579632202399,21.41176498353618,-5.151573730047893,21.0,0,-0.4117649835361803,22.511911819554577,20.75,21.25
1352.0,21.05272131284984,21.345734513874504,-5.1509079327753735,21.0,1,-0.34573451387450405,20.68542981725774,20.75,21.25
1353.0,21.067480587000716,21.338037059165853,-5.150243543666901,21.0,0,-0.3380370591658526,21.261062512079338,20.75,21.25
1354.0,21.062237042174583,21.426093071493547,-5.149580563228436,21.0,0,-0.4260930714935469,22.30665319477049,20.75,21.25
1355.0,21.056994678653503,21.419573765672844,-5.148918991964868,21.0,0,-0.419573765672844,21.354380707465815,20.75,21.25
1356.0,21.051753495919378,21.383203250853768,-5.14825883038001,21.0,0,-0.38320325085376794,21.019498102663007,20.75,21.25
1357.0,21.046513493454118,21.393432377486704,-5.147600078976607,21.0,0,-0.3934323774867039,21.495723643816063,20.75,21.25
1358.0,21.041274670739632,21.356701386524424,-5.1469427382563255,21.0,0,-0.3567013865244242,20.989391476901627,20.75,21.25
1359.0,21.036037027257834,21.28180779820623,-5.146286808719759,21.0,1,-0.2818077982062306,20.532871915024295,20.75,21.25
1360.0,21.05080056249064,21.305755509373757,-5.145632290866425,21.0,0,-0.30575550937375695,21.54523262104902,20.75,21.25
1361.0,21.04556127591997,21.307093490109377,-5.14497918519477,21.0,0,-0.30709349010937714,21.32047329746558,20.75,21.25
1362.0,21.040323167827747,21.34207149824928,-5.1443274922021605,21.0,0,-0.34207149824927896,21.691851579648297,20.75,21.25
1363.0,21.03508623769574,21.43902880730368,-5.143677212384889,21.0,0,-0.43902880730367855,22.408601897847674,20.75,21.25
1364.0,21.029850485005724,21.4458449850427,-5.143028346238173,21.0,0,-0.44584498504270087,21.514006762432924,20.75,21.25
1365.0,21.024615909239476,21.358197637679154,-5.142380894256151,21.0,1,-0.35819763767915447,20.48172416404369,20.75,21.25
1366.0,21.039382509878777,21.392119672518483,-5.141734856931888,21.0,0,-0.3921196725184828,21.731340020911766,20.75,21.25
1367.0,21.034146286405417,21.366330652003438,-5.1410902347573675,21.0,0,-0.3663306520034375,21.108440446852985,20.75,21.25
1368.0,21.028911239101184,21.280514265422994,-5.140447028223497,21.0,1,-0.28051426542299396,20.42235039961856,20.75,21.25
1369.0,21.04367736744772,21.29721384596457,-5.139805237820108,21.0,0,-0.29721384596457057,21.464209651380337,20.75,21.25
1370.0,21.03844067092667,21.388598996524394,-5.139164864035951,21.0,0,-0.38859899652439367,22.302450502122625,20.75,21.25
1371.0,21.033205149819675,21.418548541482572,-5.138525907358698,21.0,0,-0.41854854148257203,21.718043991064356,20.75,21.25
1372.0,21.02797080360824,21.42577072365404,-5.137888368274943,21.0,0,-0.4257707236540398,21.497992545368717,20.75,21.25
1373.0,21.022737631773865,21.413416933778418,-5.1372522472702,21.0,0,-0.4134169337784179,21.2898790350222,20.75,21.25
1374.0,21.017505633798056,21.374549818552087,-5.136617544828902,21.0,0,-0.3745498185520866,20.985878666288773,20.75,21.25
1375.0,21.01227480916233,21.349820366568654,-5.135984261434404,21.0,0,-0.3498203665686539,21.102525846734327,20.75,21.25
1376.0,21.007045157348212,21.274692939681522,-5.135352397568976,21.0,1,-0.27469293968152186,20.5234186708102,20.75,21.25
1377.0,21.02181667783723,21.253463973766483,-5.134721953713812,21.0,1,-0.25346397376648255,21.04117431461609,20.75,21.25
1378.0,21.03658537011092,21.269042355972026,-5.134092930349022,21.0,0,-0.26904235597202586,21.42482617802746,20.75,21.25
1379.0,21.031351234450828,21.21150174081087,-5.133465327953635,21.0,1,-0.2115017408108706,20.636095589199318,20.75,21.25
1380.0,21.046118271138347,21.23594218859697,-5.132839147005597,21.0,0,-0.2359421885969688,21.48034666645795,20.75,21.25
1381.0,21.04088247965472,21.182397890712004,-5.132214387981771,21.0,1,-0.18239789071200363,20.646954911862352,20.75,21.25
1382.0,21.05564786028119,21.181253034472917,-5.131591051357941,21.0,1,-0.18125303447291685,21.16980447208205,20.75,21.25
1383.0,21.070410412498862,21.183957872488804,-5.130969137608803,21.0,1,-0.18395787248880424,21.211006252647678,20.75,21.25
1384.0,21.08517013658884,21.27377594142774,-5.130348647207971,21.0,0,-0.27377594142773987,22.171956630817096,20.75,21.25
1385.0,21.07992703283208,21.21294392162641,-5.129729580627977,21.0,1,-0.21294392162641174,20.60462372361313,20.75,21.25
1386.0,21.09468510150939,21.293870887385943,-5.129111938340266,21.0,0,-0.2938708873859426,22.10314054498125,20.75,21.25
1387.0,21.089440342101422,21.287728727567128,-5.128495720815199,21.0,0,-0.28772872756712786,21.22630712937898,20.75,21.25
1388.0,21.08419675488884,21.320128050045742,-5.127880928522053,21.0,0,-0.3201280500457422,21.644121274831885,20.75,21.25
1389.0,21.07895433935216,21.33715250885941,-5.1272675619290204,21.0,0,-0.33715250885941117,21.5073970969961,20.75,21.25
1390.0,21.073713094971904,21.372617429351074,-5.126655621503205,21.0,0,-0.3726174293510738,21.7272666342677,20.75,21.25
1391.0,21.06847302122861,21.38226289491796,-5.126045107710626,21.0,0,-0.38226289491796095,21.478717550586833,20.75,21.25
1392.0,21.06323411760282,21.340730148451634,-5.125436021016217,21.0,0,-0.34073014845163385,20.925402683788363,20.75,21.25
1393.0,21.057996383575098,21.3208932038515,-5.124828361883823,21.0,0,-0.3208932038515009,21.12252375785017,20.75,21.25
1394.0,21.052759818626008,21.293355379049878,-5.124222130776205,21.0,0,-0.29335537904987774,21.017977131033646,20.75,21.25
1395.0,21.047524422236126,21.32698978346916,-5.1236173281550315,21.0,0,-0.3269897834691591,21.663333827661972,20.75,21.25
1396.0,21.042290193886046,21.310135311801282,-5.123013954480888,21.0,0,-0.3101353118012824,21.141590595122516,20.75,21.25
1397.0,21.037057133056372,21.349492569660818,-5.122412010213269,21.0,0,-0.34949256966081776,21.74306514825617,20.75,21.25
1398.0,21.031825239227718,21.38763301079548,-5.121811495810582,21.0,0,-0.3876330107954793,21.769037422142095,20.75,21.25
1399.0,21.02659451188071,21.39320902860881,-5.121212411730143,21.0,0,-0.39320902860880835,21.4489692067421,20.75,21.25
1400.0,21.021364950495986,21.346938177521906,-5.120614758428183,21.0,0,-0.34693817752190625,20.884229666652885,20.75,21.25
1401.0,21.0161365545542,21.29830795675956,-5.12001853635984,21.0,0,-0.2983079567595617,20.812005749136116,20.75,21.25
1402.0,21.01090932353602,21.233281528174274,-5.119423745979162,21.0,1,-0.23328152817427394,20.583017242321397,20.75,21.25
1403.0,21.025683256922115,21.104209707127875,-5.118830387739109,21.0,1,-0.10420970712787536,19.81349149666389,20.75,21.25
1404.0,21.040454354193184,21.13529726110351,-5.118238462091549,21.0,0,-0.13529726110350992,21.446172800859856,20.75,21.25
1405.0,21.035222615629927,21.131925514092554,-5.117647969487258,21.0,0,-0.13192551409255415,21.098208043982996,20.75,21.25
1406.0,21.0299920415129,21.160712023720606,-5.117058910375924,21.0,0,-0.1607120237206061,21.448577120001126,20.75,21.25
1407.0,21.024762631322524,21.184015405812566,-5.116471285206139,21.0,0,-0.18401540581256626,21.417049226732168,20.75,21.25
1408.0,21.019534384539217,21.315899260657762,-5.115885094425407,21.0,0,-0.31589926065776197,22.63473780910972,20.75,21.25
1409.0,21.014307300643424,21.239205713448655,-5.115300338480136,21.0,1,-0.23920571344865493,20.472270241357585,20.75,21.25
1410.0,21.0290813791156,21.21554783264824,-5.114717017815643,21.0,1,-0.21554783264824096,20.9789690246441,20.75,21.25
1411.0,21.043852619436212,21.20268350050863,-5.114135132876154,21.0,1,-0.2026835005086305,21.074040179112526,20.75,21.25
1412.0,21.05862102188575,21.24338323580157,-5.113554684104798,21.0,0,-0.24338323580156995,21.650380588730965,20.75,21.25
1413.0,21.05338658674455,21.213104299372624,-5.112975671943612,21.0,0,-0.21310429937262398,20.910314935083164,20.75,21.25
1414.0,21.048153314292815,21.216473802977774,-5.112398096833541,21.0,0,-0.21647380297777374,21.25016883902927,20.75,21.25
1415.0,21.04292120401059,21.196351682646625,-5.111821959214431,21.0,0,-0.1963516826466254,20.995130479335142,20.75,21.25
1416.0,21.037690255377946,21.14405435732447,-5.111247259525038,21.0,1,-0.14405435732447103,20.621081104102927,20.75,21.25
1417.0,21.052460467874965,21.14609978550688,-5.110673998203019,21.0,1,-0.1460997855068804,21.166554067330974,20.75,21.25
1418.0,21.06722784098175,21.094885045751948,-5.110102175684938,21.0,1,-0.09488504575194767,20.58273764820262,20.75,21.25
1419.0,21.081992374978416,21.08338149208813,-5.109531792406264,21.0,1,-0.0833814920881295,20.968345955449948,20.75,21.25
1420.0,21.09675407014494,21.18525177269194,-5.108962848801367,21.0,0,-0.1852517726919416,22.203954578730063,20.75,21.25
1421.0,21.09151292676115,21.271406713291444,-5.1083953453035225,21.0,0,-0.2714067132914444,22.132956119286472,20.75,21.25
1422.0,21.08627294510674,21.363327493843396,-5.107829282344909,21.0,0,-0.36332749384339635,22.282535299362916,20.75,21.25
1423.0,21.081034124661247,21.514185562338838,-5.107264660356609,21.0,0,-0.514185562338838,23.022766247293255,20.75,21.25
1424.0,21.075796464904244,21.590072110148732,-5.106701479768607,21.0,0,-0.5900721101487321,22.348937588247672,20.75,21.25
1425.0,21.070559965315308,21.49716206543099,-5.106139741009789,21.0,1,-0.4971620654309916,20.568061618253587,20.75,21.25
1426.0,21.085324625374042,21.500337528469963,-5.105579444507942,21.0,0,-0.5003375284699629,21.532092158859676,20.75,21.25
1427.0,21.080086444560067,21.439074527842656,-5.105020590689758,21.0,0,-0.43907452784265644,20.82644452156959,20.75,21.25
1428.0,21.074849423153015,21.4398037185379,-5.104463179980828,21.0,0,-0.4398037185378989,21.447095625490324,20.75,21.25
1429.0,21.069613560632387,21.444120731478176,-5.1039072128056455,21.0,0,-0.44412073147817566,21.487290860880943,20.75,21.25
1430.0,21.0643788564777,21.485146593066275,-5.103352689587601,21.0,0,-0.4851465930662755,21.895405208947274,20.75,21.25
1431.0,21.059145310168486,21.451221588431075,-5.102799610748991,21.0,0,-0.45122158843107485,21.11197154207907,20.75,21.25
1432.0,21.053912921184303,21.429449443115665,-5.102247976711007,21.0,0,-0.429449443115665,21.211727989961567,20.75,21.25
1433.0,21.048681689004724,21.331142830821875,-5.101697787893743,21.0,1,-0.3311428308218751,20.348076707883976,20.75,21.25
1434.0,21.063451613109343,21.297598539094388,-5.101149044716193,21.0,1,-0.2975985390943876,20.962155621819512,20.75,21.25
1435.0,21.078218692977778,21.28633334448302,-5.1006017475962455,21.0,1,-0.28633334448301895,21.173681398369332,20.75,21.25
1436.0,21.092982928889665,21.275802639224526,-5.100055896950695,21.0,1,-0.2758026392245263,21.1704955866396,20.75,21.25
1437.0,21.107744321124496,21.298986469487794,-5.099511493195228,21.0,0,-0.2989864694877937,21.530824772120468,20.75,21.25
1438.0,21.102502869961633,21.280061739879137,-5.098968536744433,21.0,0,-0.2800617398791374,21.090814443792574,20.75,21.25
1439.0,21.09726257568029,21.316409867004364,-5.098427028011793,21.0,0,-0.3164098670043636,21.679891138256625,20.75,21.25
1440.0,21.09202343775955,21.26140827558639,-5.097886967409693,21.0,1,-0.26140827558639046,20.71139236140666,20.75,21.25
1441.0,21.106785455678516,21.233363850141483,-5.0973483553494106,21.0,1,-0.2333638501414832,20.95291959569241,20.75,21.25
1442.0,21.12154462891631,21.263914261368768,-5.096811192241123,21.0,0,-0.26391426136876817,21.569418373641618,20.75,21.25
1443.0,21.11630095775208,21.35264415742292,-5.096275478493904,21.0,0,-0.3526441574229189,22.239943117964426,20.75,21.25
1444.0,21.11105844246483,21.414627411987045,-5.095741214515723,21.0,0,-0.4146274119870448,22.034459957628304,20.75,21.25
1445.0,21.105817082533434,21.49884806073005,-5.095208400713443,21.0,0,-0.49884806073005095,22.341054548160113,20.75,21.25
1446.0,21.100576877436787,21.62434207460339,-5.094677037492827,21.0,0,-0.6243420746033905,22.879282213336786,20.75,21.25
1447.0,21.0953378266538,21.61540888891444,-5.094147125258531,21.0,0,-0.6154088889144411,21.526077032024947,20.75,21.25
1448.0,21.090099929663417,21.585183311607437,-5.093618664414106,21.0,0,-0.5851833116074374,21.2829275385374,20.75,21.25
1449.0,21.084863185944602,21.54144574443636,-5.093091655361997,21.0,0,-0.5414457444363592,21.104070072725577,20.75,21.25
1450.0,21.07962759497634,21.578631601724574,-5.092566098503546,21.0,0,-0.5786316017245738,21.95049017460672,20.75,21.25
1451.0,21.074393156237644,21.526919796872015,-5.092041994238986,21.0,0,-0.526919796872015,21.009801748346426,20.75,21.25
1452.0,21.06915986920755,21.50770969306339,-5.091519342967446,21.0,0,-0.50770969306339,21.31560865497714,20.75,21.25
1453.0,21.063927733365116,21.53047978531469,-5.090998145086948,21.0,0,-0.5304797853146894,21.758180707827684,20.75,21.25
1454.0,21.058696748189426,21.517800459234287,-5.090478400994405,21.0,0,-0.5178004592342873,21.391007198430266,20.75,21.25
1455.0,21.05346691315959,21.466678099594628,-5.089960111085627,21.0,0,-0.4666780995946276,20.95545450319803,20.75,21.25
1456.0,21.04823822775474,21.456163009467275,-5.089443275755313,21.0,0,-0.45616300946727506,21.35101210819375,20.75,21.25
1457.0,21.04301069145404,21.486817219767335,-5.088927895397056,21.0,0,-0.4868172197673353,21.793359322767937,20.75,21.25
1458.0,21.037784303736668,21.44641325441926,-5.08841397040334,21.0,0,-0.4464132544192587,21.042373600938493,20.75,21.25
1459.0,21.03255906408184,21.439052876869972,-5.0879015011655415,21.0,0,-0.4390528768699724,21.36544910137711,20.75,21.25
1460.0,21.02733497196879,21.435947798454496,-5.087390488073929,21.0,0,-0.43594779845449594,21.40489701429973,20.75,21.25
1461.0,21.022112026876783,21.413728930124936,-5.08688093151766,21.0,0,-0.41372893012493606,21.191540246829337,20.75,21.25
1462.0,21.016890228285103,21.27499763417564,-5.086372831884785,21.0,1,-0.2749976341756408,19.88768467468269,20.75,21.25
1463.0,21.031669575673067,21.218727520557177,-5.0858661895622435,21.0,1,-0.21872752055717726,20.65602638437254,20.75,21.25
1464.0,21.04644606852002,21.20731475160836,-5.085361004935866,21.0,1,-0.20731475160836155,21.093187062120204,20.75,21.25
1465.0,21.061219707105327,21.218192706284377,-5.084857278390372,21.0,0,-0.21819270628437692,21.32697225304453,20.75,21.25
1466.0,21.05599049170823,21.324998917222473,-5.08435501030937,21.0,0,-0.324998917222473,22.393061026603434,20.75,21.25
1467.0,21.050762422607825,21.439976457178282,-5.083854201075361,21.0,0,-0.4399764571782825,22.589751856736378,20.75,21.25
1468.0,21.045535499283087,21.47229066939624,-5.083354851069734,21.0,0,-0.47229066939624076,21.795432791575823,20.75,21.25
1469.0,21.040309721213017,21.373635985252644,-5.082856960672762,21.0,1,-0.3736359852526441,20.387089143816677,20.75,21.25
1470.0,21.05508508787664,21.326598626449393,-5.082360530263614,21.0,1,-0.3265986264493925,20.856225038416877,20.75,21.25
1471.0,21.069857598753014,21.225456691388917,-5.081865560220341,21.0,1,-0.2254566913889171,20.214037340784163,20.75,21.25
1472.0,21.08462725412122,21.177739408346422,-5.081372050919885,21.0,1,-0.17773940834642232,20.700566577921474,20.75,21.25
1473.0,21.099394054260213,21.211148076007326,-5.080880002738075,21.0,0,-0.21114807600732632,21.545234752616366,20.75,21.25
1474.0,21.094157999448814,21.266739021307625,-5.080389416049626,21.0,0,-0.2667390213076253,21.822648474310615,20.75,21.25
1475.0,21.088923089965714,21.270931462365333,-5.079900291228142,21.0,0,-0.2709314623653327,21.312855872942407,20.75,21.25
1476.0,21.083689325289477,21.254885102472866,-5.079412628646114,21.0,0,-0.25488510247286555,21.094421503548194,20.75,21.25
1477.0,21.078456704898688,21.286389412451506,-5.078926428674916,21.0,0,-0.2863894124515056,21.601432512237906,20.75,21.25
1478.0,21.073225228271973,21.31316378544561,-5.078441691684812,21.0,0,-0.3131637854456102,21.580907515386656,20.75,21.25
1479.0,21.06799489488798,21.39145130361564,-5.077958418044949,21.0,0,-0.3914513036156393,22.17432648531593,20.75,21.25
1480.0,21.062765704225395,21.383172714974542,-5.077476608123362,21.0,0,-0.38317271497454186,21.300386828563568,20.75,21.25
1481.0,21.057537655762925,21.425260341864025,-5.07699626228697,21.0,0,-0.42526034186402484,21.846136610758855,20.75,21.25
1482.0,21.052310748979316,21.475655800813563,-5.076517380901578,21.0,0,-0.47565580081356273,21.97961039030894,20.75,21.25
1483.0,21.04708498335334,21.463099806773556,-5.076039964331873,21.0,0,-0.4630998067735561,21.33753986637349,20.75,21.25
1484.0,21.041860358363802,21.39101088262233,-5.075564012941429,21.0,1,-0.39101088262232864,20.670121641110054,20.75,21.25
1485.0,21.05663687348954,21.496083936932216,-5.075089527092706,21.0,0,-0.49608393693221586,22.546814480031088,20.75,21.25
1486.0,21.051410528209423,21.54685659146794,-5.074616507147042,21.0,0,-0.5468565914679395,22.054583136825176,20.75,21.25
1487.0,21.04618532280235,21.508845672486093,-5.074144953464666,21.0,0,-0.5088456724860926,21.128736482667623,20.75,21.25
1488.0,21.0409612567471,21.456628563190126,-5.073674866404684,21.0,0,-0.4566285631901259,20.93445747023046,20.75,21.25
1489.0,21.03573832952247,21.48767665122258,-5.073206246325088,21.0,0,-0.4876766512225785,21.798157531547105,20.75,21.25
1490.0,21.0305165406073,21.36849896256074,-5.072739093582754,21.0,1,-0.36849896256073933,20.176722075942347,20.75,21.25
1491.0,21.045295889480464,21.337770587647476,-5.072273408533438,21.0,1,-0.33777058764747636,21.030486838514847,20.75,21.25
1492.0,21.060072375620862,21.338029684077544,-5.07180919153178,21.0,0,-0.33802968407754364,21.340620648378216,20.75,21.25
1493.0,21.05484599930743,21.439847106997696,-5.071346442931301,21.0,0,-0.43984710699769636,22.458021336199224,20.75,21.25
1494.0,21.049620760818986,21.424605996063498,-5.070885163084403,21.0,0,-0.424605996063498,21.272194886721515,20.75,21.25
1495.0,21.044396659634206,21.390955136804816,-5.070425352342374,21.0,0,-0.3909551368048163,21.054446544218,20.75,21.25
1496.0,21.03917369523181,21.399182497272875,-5.069967011055377,21.0,0,-0.399182497272875,21.481456101953462,20.75,21.25
1497.0,21.033951867090554,21.3875803226887,-5.0695101395724596,21.0,0,-0.3875803226886987,21.271558576846935,20.75,21.25
1498.0,21.02873117468922,21.35448237213483,-5.06905473824155,21.0,0,-0.3544823721348287,21.02350286659613,20.75,21.25
1499.0,21.023511617506635,21.319720008247273,-5.068600807409455,21.0,0,-0.3197200082472733,20.97209636937172,20.75,21.25
1500.0,21.018293195021652,21.35995076975492,-5.068148347421864,21.0,0,-0.3599507697549207,21.762258384831394,20.75,21.25
1501.0,21.013075906713162,21.36141814626847,-5.067697358623343,21.0,0,-0.3614181462684698,21.37609191140396,20.75,21.25
1502.0,21.007859752060096,21.3891644071009,-5.067247841357341,21.0,0,-0.3891644071008997,21.6666270154252,20.75,21.25
1503.0,21.002644730541412,21.335355508113345,-5.066799795966185,21.0,0,-0.335355508113345,20.797266518237798,20.75,21.25
1504.0,20.99743084163611,21.381947312225414,-5.066353222791081,21.0,0,-0.3819473122254138,21.8478653533461,20.75,21.25
1505.0,20.992218084823225,21.39526061876846,-5.065908122172114,21.0,0,-0.39526061876846086,21.52839368419893,20.75,21.25
1506.0,20.987006459581828,21.3266120560258,-5.065464494448246,21.0,1,-0.3266120560258017,20.64012642859921,20.75,21.25
1507.0,21.001795965391022,21.232200971961834,-5.065022339957321,21.0,1,-0.2322009719618343,20.28809013132216,20.75,21.25
1508.0,21.01658260172995,21.254342144441114,-5.064581659036058,21.0,0,-0.25434214444111447,21.475753869233916,20.75,21.25
1509.0,21.0113663688778,21.27172131308375,-5.064142452020054,21.0,0,-0.2717213130837486,21.44551299951009,20.75,21.25
1510.0,21.00615126711362,21.324628091718587,-5.063704719243784,21.0,0,-0.3246280917185871,21.853695878066972,20.75,21.25
1511.0,21.000937295916348,21.320717392595093,-5.063268461040603,21.0,0,-0.3207173925950926,21.281610401360147,20.75,21.25
1512.0,20.995724454764957,21.302499877811886,-5.062833677742738,21.0,0,-0.30249987781188636,21.120324729979824,20.75,21.25
1513.0,20.990512743138456,21.365530435135327,-5.0624003696812965,21.0,0,-0.36553043513532657,21.99583600836973,20.75,21.25
1514.0,20.985302160515893,21.330177703960373,-5.061968537186261,21.0,0,-0.3301777039603735,20.976650392210843,20.75,21.25
1515.0,20.980092706376354,21.259516093097893,-5.061538180586491,21.0,1,-0.2595160930978935,20.552899984473093,20.75,21.25
1516.0,20.99488438019896,21.326478045192324,-5.061109300209722,21.0,0,-0.3264780451923244,21.996097566136633,20.75,21.25
1517.0,20.98967318146288,21.436760198915458,-5.060681896382565,21.0,0,-0.4367601989154579,22.539581736146793,20.75,21.25
1518.0,20.98446311044731,21.33314175931825,-5.060255969430506,21.0,1,-0.33314175931824863,20.296957363346156,20.75,21.25
1519.0,20.999254166631335,21.307066313684306,-5.059831519677909,21.0,1,-0.3070663136843059,21.04631185734488,20.75,21.25
1520.0,21.014042349494073,21.33919382117846,-5.059408547448007,21.0,0,-0.3391938211784584,21.660468896119983,20.75,21.25
1521.0,21.008827659314683,21.28904298441939,-5.058987053062915,21.0,0,-0.2890429844193889,20.787534616828694,20.75,21.25
1522.0,21.003614096372207,21.253705286019052,-5.058567036843618,21.0,0,-0.25370528601905207,20.900328302015684,20.75,21.25
1523.0,20.998401660145564,21.317414519008867,-5.058148499109977,21.0,0,-0.3174145190088673,21.95450684890702,20.75,21.25
1524.0,20.993190350113714,21.341127023110705,-5.057731440180728,21.0,0,-0.34112702311070464,21.578252064129078,20.75,21.25
1525.0,20.987980165755655,21.27830424332654,-5.057315860373477,21.0,1,-0.27830424332654147,20.65007644548491,20.75,21.25
1526.0,21.00277110655043,21.314009191897668,-5.056901760004708,21.0,0,-0.31400919189766796,21.671058677608933,20.75,21.25
1527.0,20.99755917197712,21.30467892749255,-5.056489139389775,21.0,0,-0.30467892749254943,21.211376283441364,20.75,21.25
1528.0,20.992348362314846,21.215053019572036,-5.056077998842907,21.0,1,-0.2150530195720357,20.3187939403669,20.75,21.25
1529.0,21.007138677042615,21.19869979636112,-5.055668338677207,21.0,1,-0.19869979636111879,21.03516756425195,20.75,21.25
1530.0,21.02192611563947,21.332570680869942,-5.055260159204646,21.0,0,-0.33257068086994224,22.671279525958177,20.75,21.25
1531.0,21.016710678384502,21.37047093646658,-5.054853460736074,21.0,0,-0.3704709364665817,21.749473492432976,20.75,21.25
1532.0,21.011496365556678,21.39073934016364,-5.0544482435812075,21.0,0,-0.3907393401636412,21.593423377134236,20.75,21.25
1533.0,21.00628317663485,21.425466696940447,-5.054044508048636,21.0,0,-0.4254666969404468,21.772740264708503,20.75,21.25
1534.0,21.00107111109791,21.49991812923448,-5.0536422544458235,21.0,0,-0.4999181292344801,22.244432452174813,20.75,21.25
1535.0,20.9958601684248,21.406823637169015,-5.053241483079103,21.0,1,-0.4068236371690155,20.47587871651437,20.75,21.25
1536.0,21.0106503480945,21.391249132930195,-5.05284219425368,21.0,1,-0.39124913293019503,21.23550409054199,20.75,21.25
1537.0,21.02543764958603,21.321429486698378,-5.052444388273629,21.0,1,-0.3214294866983778,20.623233024380205,20.75,21.25
1538.0,21.04022207317846,21.34187564599194,-5.052048065441896,21.0,0,-0.34187564599194076,21.54633723892757,20.75,21.25
1539.0,21.035003619150736,21.29836112053233,-5.051653226060301,21.0,0,-0.29836112053233066,20.86321586593623,20.75,21.25
1540.0,21.029786287781693,21.405783113365324,-5.051259870429529,21.0,0,-0.4057831133653238,22.480003041695255,20.75,21.25
1541.0,21.024570078550052,21.385253104809134,-5.050867998849139,21.0,0,-0.38525310480913433,21.17995301924724,20.75,21.25
1542.0,21.019354990934573,21.38491939943973,-5.0504776116175565,21.0,0,-0.3849193994397311,21.3815823457457,20.75,21.25
1543.0,21.014141024414062,21.427782594652793,-5.05008870903208,21.0,0,-0.42778259465279334,21.856414546783416,20.75,21.25
1544.0,21.00892817846737,21.496615384782483,-5.049701291388874,21.0,0,-0.49661538478248346,22.184943286079385,20.75,21.25
1545.0,21.0037164525734,21.420157118172916,-5.049315358982975,21.0,1,-0.42015711817291646,20.655574452077246,20.75,21.25
1546.0,21.018505846211088,21.329230900849808,-5.048930912108287,21.0,1,-0.329230900849808,20.419968727618723,20.75,21.25
1547.0,21.033292358859423,21.374029703711166,-5.048547951057583,21.0,0,-0.37402970371116595,21.822017732324746,20.75,21.25
1548.0,21.02807599079744,21.333785574470646,-5.048166476122505,21.0,0,-0.33378557447064594,20.931344282065446,20.75,21.25
1549.0,21.022860742304054,21.25584226458063,-5.047786487593562,21.0,1,-0.25584226458062886,20.476409165680458,20.75,21.25
1550.0,21.037646612858076,21.25526187661142,-5.047407985760133,21.0,1,-0.25526187661142075,21.24945799691934,20.75,21.25
1551.0,21.052429601938353,21.33849925920851,-5.047030970910463,21.0,0,-0.3384992592085112,22.170873085179416,20.75,21.25
1552.0,21.047209709823782,21.337858421279307,-5.046655443331664,21.0,0,-0.3378584212793072,21.331450041987267,20.75,21.25
1553.0,21.04199093679315,21.292576212187008,-5.0462814033097185,21.0,0,-0.2925762121870079,20.839754121264015,20.75,21.25
1554.0,21.036773282325132,21.30798500621578,-5.045908851129473,21.0,0,-0.3079850062157803,21.462072946503504,20.75,21.25
1555.0,21.031556745898442,21.298918510107523,-5.045537787074642,21.0,0,-0.2989185101075229,21.20825354902495,20.75,21.25
1556.0,21.026341326991847,21.246566924469185,-5.045168211427808,21.0,1,-0.24656692446918527,20.72305106808581,20.75,21.25
1557.0,21.04112702508416,21.257179790120663,-5.044800124470418,21.0,0,-0.25717979012066294,21.36330844663544,20.75,21.25
1558.0,21.035909839654252,21.353002464634727,-5.044433526482788,21.0,0,-0.3530024646347272,22.31122920977537,20.75,21.25
1559.0,21.030693770981024,21.336746054104584,-5.0440684177440955,21.0,0,-0.3367460541045837,21.17418194880315,20.75,21.25
1560.0,21.02547881854328,21.312793616366065,-5.043704798532389,21.0,0,-0.31279361636606495,21.073269238980878,20.75,21.25
1561.0,21.020264981819867,21.393364731065226,-5.043342669124579,21.0,0,-0.3933647310652262,22.19907587805684,20.75,21.25
1562.0,21.01505226028968,21.384690594169257,-5.042982029796443,21.0,0,-0.3846905941692569,21.297949225209564,20.75,21.25
1563.0,21.009840653431663,21.30932819347718,-5.042622880822624,21.0,1,-0.30932819347718166,20.55570418655643,20.75,21.25
1564.0,21.02463016072481,21.356692835008733,-5.04226522247663,21.0,0,-0.35669283500873306,21.830339250324247,20.75,21.25
1565.0,21.01941678164817,21.47325616858003,-5.041909055030832,21.0,0,-0.47325616858002917,22.63888950429299,20.75,21.25
1566.0,21.014204516480834,21.407593285296038,-5.0415543787564685,21.0,0,-0.4075932852960378,20.750964452456124,20.75,21.25
1567.0,21.008993364701787,21.442806024404618,-5.04120119392364,21.0,0,-0.4428060244046179,21.79493341549042,20.75,21.25
1568.0,21.003783325790064,21.471607607725776,-5.040849500801312,21.0,0,-0.47160760772577603,21.759623440937357,20.75,21.25
1569.0,20.998574399224747,21.448663200853133,-5.040499299657315,21.0,0,-0.44866320085313305,21.219219132126703,20.75,21.25
1570.0,20.99336658448497,21.32907323718993,-5.040150590758341,21.0,1,-0.329073237189931,20.13317360055791,20.75,21.25
1571.0,21.008159881049924,21.369566046229163,-5.0398033743699475,21.0,0,-0.36956604622916345,21.774494136621488,20.75,21.25
1572.0,21.00295028839884,21.307039519901622,-5.039457650756557,21.0,1,-0.3070395199016218,20.681774256626205,20.75,21.25
1573.0,21.017741806811006,21.231284642270744,-5.039113420181449,21.0,1,-0.23128464227074375,20.473735865961963,20.75,21.25
1574.0,21.032530435765608,21.259458911770558,-5.038770682906774,21.0,0,-0.25945891177055813,21.541201606768702,20.75,21.25
1575.0,21.027316175541873,21.26958311849042,-5.038429439193539,21.0,0,-0.26958311849042005,21.37082518568904,20.75,21.25
1576.0,21.022103026418925,21.250253751158816,-5.038089689301617,21.0,0,-0.2502537511588159,21.056960077842774,20.75,21.25
1577.0,21.01689098787578,21.261891724414063,-5.037751433489742,21.0,0,-0.2618917244140633,21.378271456966537,20.75,21.25
1578.0,21.011680059391505,21.312500575426064,-5.03741467201551,21.0,0,-0.31250057542606413,21.818589085546073,20.75,21.25
1579.0,21.006470240445225,21.232546611131163,-5.03707940513538,21.0,1,-0.2325466111311627,20.43300696818215,20.75,21.25
1580.0,21.02126153051611,21.223303354523885,-5.0367456331046725,21.0,1,-0.2233033545238854,21.130870788451112,20.75,21.25
1581.0,21.036049929083386,21.25475862651871,-5.036413356177569,21.0,0,-0.2547586265187114,21.56931134646697,20.75,21.25
1582.0,21.030835436426333,21.25063169757461,-5.0360825746071125,21.0,0,-0.2506316975746117,21.209362408133615,20.75,21.25
1583.0,21.025622052824126,21.248771199406573,-5.035753288645209,21.0,0,-0.24877119940657266,21.230166217726183,20.75,21.25
1584.0,21.02040977775583,21.292228158921766,-5.035425498542622,21.0,0,-0.2922281589217661,21.7267977540737,20.75,21.25
1585.0,21.01519861070057,21.3479783006563,-5.035099204548981,21.0,0,-0.3479783006563011,21.90547971800165,20.75,21.25
1586.0,21.009988551137518,21.319198826261793,-5.03477440691277,21.0,0,-0.3191988262617933,21.031404082316715,20.75,21.25
1587.0,21.00477959854591,21.272495484495458,-5.034451105881337,21.0,0,-0.27249548449545813,20.805462066832106,20.75,21.25
1588.0,20.999571752405025,21.20385574406043,-5.034129301700892,21.0,1,-0.20385574406043006,20.51745833971015,20.75,21.25
1589.0,21.014365012194204,21.301032415468292,-5.0338089946165,21.0,0,-0.30103241546829196,22.27279912954691,20.75,21.25
1590.0,21.009155377392844,21.333434672975823,-5.033490184872091,21.0,0,-0.3334346729758231,21.657457248051134,20.75,21.25
1591.0,21.003946848280393,21.316175006196783,-5.033172872710451,21.0,0,-0.31617500619678296,21.143578338406382,20.75,21.25
1592.0,20.998739424336193,21.404938498814833,-5.032857058373228,21.0,0,-0.40493849881483257,22.29257342499533,20.75,21.25
1593.0,20.993533105039653,21.490407807153066,-5.032542742100929,21.0,0,-0.49040780715306553,22.345100890535395,20.75,21.25
1594.0,20.988327889870224,21.363511120118652,-5.032229924132917,21.0,1,-0.36351112011865183,20.094544249774515,20.75,21.25
1595.0,21.003123778307422,21.242028898062173,-5.0319186047074185,21.0,1,-0.24202889806217343,20.02720667749739,20.75,21.25
1596.0,21.01791676983082,21.26664603873536,-5.0316087840615165,21.0,0,-0.2666460387353595,21.51281744546722,20.75,21.25
1597.0,21.01270686472004,21.217801518591134,-5.031300462431152,21.0,1,-0.21780151859113417,20.72935631714888,20.75,21.25
1598.0,21.027498063254612,21.249097089504566,-5.030993640051127,21.0,0,-0.24909708950456633,21.562052798638888,20.75,21.25
1599.0,21.02228636491395,21.247995430947356,-5.030688317155098,21.0,0,-0.24799543094735554,21.236978845375248,20.75,21.25
1600.0,21.017075769977534,21.325020942898313,-5.030384493975584,21.0,0,-0.3250209428983126,22.095276062407883,20.75,21.25
1601.0,21.011866277924742,21.332428383569447,-5.030082170743958,21.0,0,-0.3324283835694466,21.406502790280786,20.75,21.25
1602.0,21.006657888235008,21.401158644008746,-5.029781347690452,21.0,0,-0.40115864400874557,22.088461248401735,20.75,21.25
1603.0,21.001450600387823,21.438349751521862,-5.029482025044157,21.0,0,-0.4383497515218622,21.81026082665303,20.75,21.25
1604.0,20.996244413862737,21.468739754873944,-5.02918420303302,21.0,0,-0.46873975487394404,21.772639788394763,20.75,21.25
1605.0,20.991039328139358,21.520483357845812,-5.028887881883844,21.0,0,-0.5204833578458121,22.037919387564493,20.75,21.25
1606.0,20.985835342697353,21.490636149202015,-5.028593061822293,21.0,0,-0.4906361492020146,21.19216406276404,20.75,21.25
1607.0,20.980632457016448,21.422625412192676,-5.028299743072883,21.0,1,-0.42262541219267646,20.742518042099295,20.75,21.25
1608.0,20.99543067057643,21.28476644508084,-5.02800792585899,21.0,1,-0.2847664450808409,19.906176773962486,20.75,21.25
1609.0,21.010225982857143,21.25279029955314,-5.027717610402846,21.0,1,-0.2527902995531406,20.933028844276137,20.75,21.25
1610.0,21.025018394138492,21.168303189496292,-5.027428796925538,21.0,1,-0.1683031894962923,20.32343208892781,20.75,21.25
1611.0,21.03980790470028,21.191417375560093,-5.027141485647009,21.0,0,-0.19141737556009275,21.422559236198097,20.75,21.25
1612.0,21.03459451482221,21.20899322033582,-5.026855676786061,21.0,0,-0.20899322033582024,21.384751668093095,20.75,21.25
1613.0,21.029382224783888,21.270152835459697,-5.026571370560349,21.0,0,-0.27015283545969737,21.88174898669847,20.75,21.25
1614.0,21.024171034064818,21.29336720966518,-5.026288567186386,21.0,0,-0.29336720966518115,21.52551095172002,20.75,21.25
1615.0,21.018960942144567,21.28045873514724,-5.026007266879536,21.0,0,-0.2804587351472385,21.151373989967812,20.75,21.25
1616.0,21.01375194850276,21.277946300029207,-5.025727469854024,21.0,0,-0.27794630002920684,21.25282194884889,20.75,21.25
1617.0,21.00854405261909,21.255109890095504,-5.025449176322927,21.0,0,-0.255109890095504,21.026745790758476,20.75,21.25
1618.0,21.003337253973303,21.26851995019708,-5.025172386498177,21.0,0,-0.2685199501970814,21.402620551212856,20.75,21.25
1619.0,20.99813155204521,21.200964600438887,-5.024897100590563,21.0,1,-0.20096460043888698,20.525411102856943,20.75,21.25
1620.0,21.012926946314682,21.229797129510736,-5.0246233188097245,21.0,0,-0.22979712951073594,21.518122420229226,20.75,21.25
1621.0,21.007719436261656,21.272282447093637,-5.024351041364161,21.0,0,-0.27228244709363736,21.69713562292265,20.75,21.25
1622.0,21.00251302216613,21.27092233091037,-5.024080268461222,21.0,0,-0.2709223309103699,21.257321169077695,20.75,21.25
1623.0,20.997307703508007,21.225354402478395,-5.023811000307113,21.0,0,-0.2253544024783949,20.769675118158645,20.75,21.25
1624.0,20.992103479767245,21.31316228333333,-5.023543237106894,21.0,0,-0.3131622833333303,22.191241091882684,20.75,21.25
1625.0,20.98690035042387,21.335973156236854,-5.0232769790644785,21.0,0,-0.33597315623685375,21.56408188527209,20.75,21.25
1626.0,20.98169831495797,21.301626875637282,-5.023012226382633,21.0,0,-0.3016268756372824,20.95816406964157,20.75,21.25
1627.0,20.976497372849703,21.383548348834644,-5.022748979262978,21.0,0,-0.38354834883464406,22.20276308080826,20.75,21.25
1628.0,20.97129752357928,21.473058012310315,-5.022487237905988,21.0,0,-0.4730580123103145,22.36815464706702,20.75,21.25
1629.0,20.966098766626985,21.431061817801698,-5.022227002510991,21.0,0,-0.43106181780169806,21.011099872715533,20.75,21.25
1630.0,20.96090110147316,21.38683629624795,-5.021968273276166,21.0,0,-0.38683629624794946,20.944581080710464,20.75,21.25
1631.0,20.955704527598208,21.310954721747745,-5.021711050398548,21.0,1,-0.31095472174774486,20.5521389767457,20.75,21.25
1632.0,20.970509044482608,21.189240316353615,-5.021455334074023,21.0,1,-0.18924031635361516,19.972096262412318,20.75,21.25
1633.0,20.985310651606895,21.083906749700628,-5.02120112449733,21.0,1,-0.08390674970062761,20.030571083170752,20.75,21.25
1634.0,21.000109349251673,21.142991758820266,-5.0209484218620615,21.0,0,-0.1429917588202656,21.733841850016645,20.75,21.25
1635.0,20.99490513769745,21.191011441041233,-5.020697226360659,21.0,0,-0.19101144104123335,21.67120826325091,20.75,21.25
1636.0,20.98970201722464,21.273206640171846,-5.020447538184422,21.0,0,-0.27320664017184626,22.095158631477975,20.75,21.25
1637.0,20.98449998731356,21.28087592187997,-5.020199357523497,21.0,0,-0.28087592187997146,21.357568738961223,20.75,21.25
1638.0,20.97929904744459,21.326037250489133,-5.019952684566885,21.0,0,-0.3260372504891329,21.777650536580747,20.75,21.25
1639.0,20.97409919709819,21.284909306057706,-5.019707519502438,21.0,0,-0.28490930605770615,20.87362986174344,20.75,21.25
1640.0,20.968900435754872,21.20336307161488,-5.01946386251686,21.0,1,-0.20336307161488065,20.387900727186626,20.75,21.25
1641.0,20.983702762895216,21.227277884248174,-5.019221713795705,21.0,0,-0.2272778842481742,21.46642601058111,20.75,21.25
1642.0,20.97850217799988,21.276076053207507,-5.018981073523382,21.0,0,-0.2760760532075075,21.76405774280084,20.75,21.25
1643.0,20.973302681349573,21.3500034834652,-5.018741941883149,21.0,0,-0.35000348346520127,22.08927778604214,20.75,21.25
1644.0,20.968104272424927,21.407609997214806,-5.018504319057113,21.0,0,-0.40760999721480573,21.98367513471085,20.75,21.25
1645.0,20.962906950706632,21.48525831492025,-5.018268205226235,21.0,0,-0.4852583149202516,22.26174149197471,20.75,21.25
1646.0,20.957710715675447,21.345037932380922,-5.018033600570328,21.0,1,-0.3450379323809223,19.94283410698763,20.75,21.25
1647.0,20.9725155668122,21.337004057655655,-5.017800505268051,21.0,0,-0.3370040576556548,21.25666531040298,20.75,21.25
1648.0,20.967317503597783,21.287818279864116,-5.017568919496917,21.0,0,-0.28781827986411557,20.795960501948723,20.75,21.25
1649.0,20.962120526313164,21.218482816065304,-5.017338843433288,21.0,1,-0.21848281606530406,20.52512817807719,20.75,21.25
1650.0,20.976924634439214,21.185311027796917,-5.017110277252379,21.0,1,-0.18531102779691722,20.85359314511305,20.75,21.25
1651.0,20.991725827456875,21.25201953488191,-5.016883221128252,21.0,0,-0.2520195348819101,21.91910460573184,20.75,21.25
1652.0,20.98652410564716,21.256119575953306,-5.0166576752338194,21.0,0,-0.25611957595330637,21.29711998666727,20.75,21.25
1653.0,20.981323469290984,21.148230926115357,-5.016433639740844,21.0,1,-0.1482309261153567,20.06934442773586,20.75,21.25
1654.0,20.996123917869177,21.12259338758763,-5.01621111481994,21.0,1,-0.1225933875876315,20.86621800231038,20.75,21.25
1655.0,21.01092145086264,21.210664258301527,-5.01599010064057,21.0,0,-0.21066425830152724,22.091372965440485,20.75,21.25
1656.0,21.00571606855234,21.276216141712233,-5.015770597371045,21.0,0,-0.27621614171223285,21.93173497581929,20.75,21.25
1657.0,21.000511771219156,21.330434187410393,-5.0155526051785255,21.0,0,-0.3304341874103933,21.872614644391998,20.75,21.25
1658.0,20.995308558343876,21.430495129863406,-5.015336124229023,21.0,0,-0.4304951298634059,22.43110455439353,20.75,21.25
1659.0,20.990106429407362,21.521891180433578,-5.015121154687397,21.0,0,-0.5218911804335775,22.435851686135294,20.75,21.25
1660.0,20.984905383890542,21.412064838942058,-5.014907696717356,21.0,1,-0.41206483894205803,20.313801424026863,20.75,21.25
1661.0,20.99970542127442,21.433947542471664,-5.014695750481458,21.0,0,-0.4339475424716639,21.652774577767723,20.75,21.25
1662.0,20.99450254104007,21.36195059737029,-5.0144853161411085,21.0,1,-0.36195059737028856,20.641981146356535,20.75,21.25
1663.0,21.009300743468636,21.288303349307206,-5.014276393856564,21.0,1,-0.28830334930720625,20.551830868676383,20.75,21.25
1664.0,21.02409602804117,21.268065031759768,-5.014068983786926,21.0,1,-0.26806503175976815,21.065681856285387,20.75,21.25
1665.0,21.038888395038807,21.326892807588266,-5.013863086090147,21.0,0,-0.32689280758826555,21.91517056587324,20.75,21.25
1666.0,21.03367784474258,21.298301797821495,-5.013658700923028,21.0,0,-0.2983017978214946,21.012391700153785,20.75,21.25
1667.0,21.028468377433448,21.29763906614427,-5.013455828441216,21.0,0,-0.2976390661442707,21.291011749372032,20.75,21.25
1668.0,21.023259992592273,21.325568820542735,-5.013254468799207,21.0,0,-0.3255688205427347,21.604866364527375,20.75,21.25
1669.0,21.018052689699996,21.31234130164252,-5.013054622150346,21.0,0,-0.31234130164251894,21.18006611264036,20.75,21.25
1670.0,21.012846468237626,21.287756946203736,-5.012856288646825,21.0,0,-0.2877569462037357,21.041913391815903,20.75,21.25
1671.0,21.007641327686247,21.26450790822837,-5.012659468439683,21.0,0,-0.2645079082283708,21.03201752847472,20.75,21.25
1672.0,21.00243726752702,21.299517348984235,-5.012464161678807,21.0,0,-0.2995173489842351,21.64961175654288,20.75,21.25
1673.0,20.99723428724118,21.29333395535106,-5.012270368512933,21.0,0,-0.2933339553510592,21.2315000190193,20.75,21.25
1674.0,20.99203238631003,21.29483000079595,-5.01207808908964,21.0,0,-0.294830000795951,21.30979045524487,20.75,21.25
1675.0,20.98683156421495,21.279831656332824,-5.011887323555361,21.0,0,-0.27983165633282425,21.129848211701557,20.75,21.25
1676.0,20.981631820437396,21.198691998752047,-5.011698072055369,21.0,1,-0.19869199875204657,20.38729542294427,20.75,21.25
1677.0,20.9964331544589,21.214476099452593,-5.0115103347337895,21.0,0,-0.21447609945259316,21.37231710645806,20.75,21.25
1678.0,20.99123156576106,21.271788359690962,-5.0113241117335905,21.0,0,-0.27178835969096227,21.844910962074653,20.75,21.25
1679.0,20.98603105462556,21.26936584083336,-5.011139403196591,21.0,0,-0.269365840833359,21.245140652257327,20.75,21.25
1680.0,20.980831620533994,21.314552830371063,-5.010956209263453,21.0,0,-0.3145528303710634,21.766422725748107,20.75,21.25
1681.0,20.975633262968035,21.43512881035266,-5.010774530073688,21.0,0,-0.4351288103526585,22.64088861016861,20.75,21.25
1682.0,20.970435981409427,21.451529245124593,-5.010594365765652,21.0,0,-0.45152924512459336,21.615533592843942,20.75,21.25
1683.0,20.96523977533999,21.430656488753254,-5.0104157164765475,21.0,0,-0.4306564887532538,21.221928925039858,20.75,21.25
1684.0,20.960044644241627,21.367794182494336,-5.010238582342423,21.0,1,-0.36779418249433604,20.73917111990516,20.75,21.25
1685.0,20.97485058759631,21.37992821660303,-5.010062963498177,21.0,0,-0.3799282166030302,21.501268557689972,20.75,21.25
1686.0,20.96965360488609,21.363401108210873,-5.009888860077547,21.0,0,-0.3634011082108728,21.1981300242893,20.75,21.25
1687.0,20.964457696393097,21.3934352935403,-5.009716272213123,21.0,0,-0.3934352935402998,21.69377714683457,20.75,21.25
1688.0,20.959262861599377,21.456010648821877,-5.009545200036338,21.0,0,-0.45601064882187714,22.08176420163765,20.75,21.25
1689.0,20.954069099987052,21.547195498353688,-5.009375643677469,21.0,0,-0.5471954983536875,22.45904399367179,20.75,21.25
1690.0,20.94887641103832,21.508757044379777,-5.009207603265643,21.0,0,-0.5087570443797773,21.124372504640675,20.75,21.25
1691.0,20.94368479423546,21.464404920163076,-5.009041078928828,21.0,0,-0.46440492016307644,21.020883677996068,20.75,21.25
1692.0,20.938494249060827,21.395284396409465,-5.00887607079384,21.0,1,-0.39528439640946544,20.704079158873355,20.75,21.25
1693.0,20.953304774996855,21.35035627074285,-5.008712578986341,21.0,1,-0.35035627074285003,20.901075014076696,20.75,21.25
1694.0,20.968112371526058,21.27086371273382,-5.008550603630836,21.0,1,-0.2708637127338207,20.475938132643527,20.75,21.25
1695.0,20.982917038931028,21.299179861795142,-5.008390144850677,21.0,0,-0.29917986179514244,21.58234135240836,20.75,21.25
1696.0,20.97771877749427,21.2982132651388,-5.0082312027680596,21.0,0,-0.29821326513879853,21.28854729857536,20.75,21.25
1697.0,20.972521587498218,21.32317615285502,-5.008073777504025,21.0,0,-0.32317615285501944,21.57280503001723,20.75,21.25
1698.0,20.967325468425216,21.31098220998691,-5.007917869178461,21.0,0,-0.3109822099869106,21.189042781305822,20.75,21.25
1699.0,20.962130419757695,21.37217854921356,-5.007763477910097,21.0,0,-0.37217854921356164,21.984141941480072,20.75,21.25
1700.0,20.95693644097816,21.374279608981205,-5.007610603816509,21.0,0,-0.3742796089812046,21.395290206657634,20.75,21.25
1701.0,20.951743531569203,21.36486494433935,-5.0074592470141175,21.0,0,-0.3648649443393488,21.27071829792079,20.75,21.25
1702.0,20.946551691013486,21.293179362850058,-5.007309407618187,21.0,1,-0.29317936285005786,20.57632354795715,20.75,21.25
1703.0,20.96136091879376,21.26466654156021,-5.007161085742827,21.0,1,-0.2646665415602101,20.979538328661732,20.75,21.25
1704.0,20.976167214392852,21.194457503560685,-5.007014281500991,21.0,1,-0.19445750356068459,20.49236712356543,20.75,21.25
1705.0,20.990970578093673,21.12523585869735,-5.006868995004477,21.0,1,-0.12523585869735143,20.43301941006402,20.75,21.25
1706.0,21.005771010179053,21.10257492848279,-5.006725226363927,21.0,1,-0.1025749284827917,20.875965626337194,20.75,21.25
1707.0,21.020568510931746,21.159526343305227,-5.0065829756888265,21.0,0,-0.1595263433052274,21.729040491529585,20.75,21.25
1708.0,21.015363080634422,21.254301708777927,-5.0064422430875055,21.0,0,-0.2543017087779269,22.202055363504922,20.75,21.25
1709.0,21.010158719569677,21.24707519226438,-5.006303028667139,21.0,0,-0.24707519226437924,21.174810027128903,20.75,21.25
1710.0,21.00495542722003,21.36276894454405,-5.006165332533744,21.0,0,-0.36276894454405095,22.519706467340768,20.75,21.25
1711.0,20.999753203068078,21.39145629663171,-5.0060291547921825,21.0,0,-0.3914562966317092,21.678329817508292,20.75,21.25
1712.0,20.994552046596507,21.413330161427588,-5.005894495546159,21.0,0,-0.41333016142758794,21.632068809386375,20.75,21.25
1713.0,20.98935195728808,21.35000655361537,-5.005761354898224,21.0,1,-0.35000655361536914,20.71677047549318,20.75,21.25
1714.0,21.00415293462564,21.43297773695264,-5.005629732949768,21.0,0,-0.4329777369526404,22.262689570325353,20.75,21.25
1715.0,20.998950978092125,21.29862699147056,-5.005499629801029,21.0,1,-0.2986269914705595,19.95511953664975,20.75,21.25
1716.0,21.013750087970546,21.36290852473574,-5.005371045551084,21.0,0,-0.3629085247357402,22.005723857387547,20.75,21.25
1717.0,21.008546263743842,21.34303290201904,-5.005243980297856,21.0,0,-0.3430329020190399,21.144276674852037,20.75,21.25
1718.0,21.00334350569503,21.378058419303816,-5.005118434138112,21.0,0,-0.3780584193038159,21.728313592151576,20.75,21.25
1719.0,20.998141813307065,21.331179806024828,-5.00499440716746,21.0,0,-0.3311798060248279,20.862393673234948,20.75,21.25
1720.0,20.99294118606297,21.411504881680685,-5.004871899480351,21.0,0,-0.4115048816806848,22.214755638239254,20.75,21.25
1721.0,20.987741623445864,21.345136694615967,-5.004750911170082,21.0,1,-0.34513669461596663,20.681454823968785,20.75,21.25
1722.0,21.002543124938942,21.405657983354118,-5.004631442328789,21.0,0,-0.40565798335411785,22.01087087073563,20.75,21.25
1723.0,20.99734169002549,21.33702007672378,-5.004513493047455,21.0,1,-0.3370200767237783,20.650641010420383,20.75,21.25
1724.0,21.012141318988874,21.334058783150574,-5.0043970634159,21.0,0,-0.33405878315057436,21.304445847418535,20.75,21.25
1725.0,21.006938011312393,21.254583631538043,-5.004282153522793,21.0,1,-0.2545836315380434,20.459832115412734,20.75,21.25
1726.0,21.021735767279427,21.186934497438646,-5.004168763455642,21.0,1,-0.18693449743864576,20.51044315644467,20.75,21.25
1727.0,21.03653058637328,21.10796449494483,-5.004056893300799,21.0,1,-0.10796449494483085,20.31826447000668,20.75,21.25
1728.0,21.05132246887735,21.11656207326642,-5.003946543143456,21.0,1,-0.11656207326641876,21.202537856482298,20.75,21.25
1729.0,21.066111415074943,21.146396963986895,-5.003837713067653,21.0,0,-0.14639696398689495,21.444745871191657,20.75,21.25
1730.0,21.060897425249316,21.2593782332791,-5.003730403156267,21.0,0,-0.2593782332791008,22.38919092620116,20.75,21.25
1731.0,21.055684499683636,21.353703041959058,-5.003624613491017,21.0,0,-0.3537030419590579,22.29695112875863,20.75,21.25
1732.0,21.050472637861002,21.37619902554099,-5.003520344152469,21.0,0,-0.37619902554099127,21.601158861360325,20.75,21.25
1733.0,21.0452618392646,21.396393604291895,-5.003417595220029,21.0,0,-0.3963936042918945,21.598339391800927,20.75,21.25
1734.0,21.040052103377704,21.386425937032392,-5.003316366771943,21.0,0,-0.38642593703239214,21.28674926443737,20.75,21.25
1735.0,21.034843429683676,21.367482016217206,-5.003216658885302,21.0,0,-0.3674820162172061,21.178042808065346,20.75,21.25
1736.0,21.029635817665962,21.406587485464705,-5.0031184716360375,21.0,0,-0.4065874854647049,21.797642177939693,20.75,21.25
1737.0,21.024429266808102,21.476651821776116,-5.003021805098924,21.0,0,-0.476651821776116,22.177295184890227,20.75,21.25
1738.0,21.01922377659372,21.507064426740232,-5.002926659347576,21.0,0,-0.5070644267402322,21.811190476381395,20.75,21.25
1739.0,21.01401934650653,21.433541213594232,-5.0028330344544525,21.0,1,-0.43354121359423203,20.69830908213423,20.75,21.25
1740.0,21.028815976030337,21.406115655066312,-5.0027409304908526,21.0,1,-0.4061156550663121,21.131860069787113,20.75,21.25
1741.0,21.043609664649033,21.34590521373935,-5.002650347526917,21.0,1,-0.3459052137393499,20.743800800469728,20.75,21.25
1742.0,21.0584004126466,21.260258493558922,-5.002561285631628,21.0,1,-0.26025849355892205,20.403791291754644,20.75,21.25
1743.0,21.073188220306942,21.257932956865158,-5.002473744872811,21.0,1,-0.25793295686515805,21.234677589927518,20.75,21.25
1744.0,21.087973087913905,21.350702275134392,-5.002387725317132,21.0,0,-0.3507022751343918,22.27839545782673,20.75,21.25
1745.0,21.08275501575126,21.323884007134446,-5.002303227030099,21.0,0,-0.32388400713444554,21.055701327134983,20.75,21.25
1746.0,21.077538004102703,21.328059892705827,-5.00222025007606,21.0,0,-0.32805989270582714,21.369818748419643,20.75,21.25
1747.0,21.072322052451867,21.334701129818622,-5.002138794518206,21.0,0,-0.33470112981862243,21.401113500946575,20.75,21.25
1748.0,21.06710716028247,21.25799171008162,-5.002058860418571,21.0,1,-0.2579917100816189,20.490897512711584,20.75,21.25
1749.0,21.081893327078333,21.266984571306512,-5.001980447838025,21.0,0,-0.2669845713065122,21.356913183555445,20.75,21.25
1750.0,21.07667655232335,21.28327213082317,-5.001903556836284,21.0,0,-0.28327213082317115,21.44614772598976,20.75,21.25
1751.0,21.071460836301515,21.259176822464855,-5.001828187471904,21.0,0,-0.2591768224648554,21.018223738881698,20.75,21.25
1752.0,21.066246178496762,21.31162083421639,-5.001754339802283,21.0,0,-0.31162083421639153,21.836060951731753,20.75,21.25
1753.0,21.061032578393103,21.43659980019526,-5.0016820138836575,21.0,0,-0.43659980019526046,22.68638945998395,20.75,21.25
1754.0,21.055820035474646,21.41463492791916,-5.001611209771108,21.0,0,-0.4146349279191597,21.194986205158152,20.75,21.25
1755.0,21.050608549225597,21.46489967415807,-5.001541927518554,21.0,0,-0.4648996741580689,21.96754713654716,20.75,21.25
1756.0,21.045398119130247,21.54696828078384,-5.001474167178758,21.0,0,-0.5469682807838403,22.367654347041555,20.75,21.25
1757.0,21.040188744672985,21.491518921772617,-5.001407928803321,21.0,0,-0.4915189217726166,20.93702533166038,20.75,21.25
1758.0,21.03498042533829,21.409372886882856,-5.001343212442688,21.0,1,-0.40937288688285633,20.587912537985254,20.75,21.25
1759.0,21.049773160610734,21.37226448120192,-5.001280018146142,21.0,1,-0.37226448120192046,21.00118042439256,20.75,21.25
1760.0,21.06456294997498,21.307273655061124,-5.001218345961808,21.0,1,-0.3072736550611239,20.65736539365316,20.75,21.25
1761.0,21.079349793715792,21.218480049124487,-5.001158195936654,21.0,1,-0.21848004912448715,20.33054398975812,20.75,21.25
1762.0,21.09413369211786,21.252416493467024,-5.001099568116485,21.0,0,-0.2524164934670239,21.59178093689239,20.75,21.25
1763.0,21.088914645465813,21.30440908246559,-5.00104246254595,21.0,0,-0.3044090824655896,21.824334972451247,20.75,21.25
1764.0,21.08369665404421,21.344495979769242,-5.000986879268536,21.0,0,-0.34449597976924196,21.745364952805765,20.75,21.25
1765.0,21.078479717337547,21.40000726667156,-5.000932818326574,21.0,0,-0.4000072666715617,21.95512013569476,20.75,21.25
1766.0,21.073263834830414,21.45073083170643,-5.0008802797612315,21.0,0,-0.45073083170643,21.957966482055113,20.75,21.25
1767.0,21.068049006007495,21.449936924229977,-5.000829263612521,21.0,0,-0.4499369242299771,21.441997849465448,20.75,21.25
1768.0,21.06283523035357,21.333381515364746,-5.0007797699192915,21.0,1,-0.3333815153647457,20.16782742671243,20.75,21.25
1769.0,21.077622507353517,21.30640855510912,-5.000731798719236,21.0,1,-0.3064085551091189,21.03667895255285,20.75,21.25
1770.0,21.0924068364923,21.3137581399726,-5.000685350048886,21.0,0,-0.3137581399725988,21.387253988607398,20.75,21.25
1771.0,21.087188218054994,21.283291628302624,-5.000640423943613,21.0,0,-0.28329162830262433,20.97862651160288,20.75,21.25
1772.0,21.081970652326593,21.256078669064202,-5.000597020437634,21.0,0,-0.25607866906420185,20.983949076679977,20.75,21.25
1773.0,21.07675413879204,21.34624495616061,-5.000555139563999,21.0,0,-0.3462449561606107,22.2479078271247,20.75,21.25
1774.0,21.07153867693637,21.35494990213696,-5.000514781354603,21.0,0,-0.35494990213695843,21.441999361900436,20.75,21.25
1775.0,21.066324266244713,21.33034124838671,-5.000475945840182,21.0,0,-0.3303412483867092,21.084254710884217,20.75,21.25
1776.0,21.061110906202295,21.354967316761677,-5.000438633050309,21.0,0,-0.3549673167616767,21.60122800051135,20.75,21.25
1777.0,21.055898596294444,21.381150038047018,-5.000402843013401,21.0,0,-0.38115003804701786,21.64297725090043,20.75,21.25
1778.0,21.050687336006582,21.373499904021408,-5.000368575756712,21.0,0,-0.37349990402140776,21.296998563765307,20.75,21.25
1779.0,21.04547712482423,21.37092014730779,-5.000335831306338,21.0,0,-0.370920147307789,21.3451225801716,20.75,21.25
1780.0,21.040267962233006,21.477190430983065,-5.000304609687218,21.0,0,-0.4771904309830646,22.53989326773582,20.75,21.25
1781.0,21.03505984771862,21.48588762216749,-5.0002749109231255,21.0,0,-0.48588762216748904,21.572859534011734,20.75,21.25
1782.0,21.02985278076689,21.46002762257834,-5.000246735036679,21.0,0,-0.46002762257834107,21.20142762668686,20.75,21.25
1783.0,21.02464676086373,21.407694159766884,-5.000220082049335,21.0,0,-0.4076941597668835,20.884359531652308,20.75,21.25
1784.0,21.01944178749515,21.390011939099573,-5.000194951981392,21.0,0,-0.39001193909957266,21.213189732426464,20.75,21.25
1785.0,21.014237860147254,21.313100579703622,-5.000171344851986,21.0,1,-0.3131005797036224,20.54398698574412,20.75,21.25
1786.0,21.029034978306253,21.302214776820932,-5.0001492606790965,21.0,1,-0.30221477682093223,21.19335674799403,20.75,21.25
1787.0,21.043829141458456,21.288359656749815,-5.00012869947954,21.0,1,-0.28835965674981523,21.149808456038645,20.75,21.25
1788.0,21.05862034989027,21.373139485273217,-5.000109661268976,21.0,0,-0.3731394852732173,22.220937770507238,20.75,21.25
1789.0,21.053408603888037,21.38981765199363,-5.0000921460619026,21.0,0,-0.3898176519936314,21.556599319197773,20.75,21.25
1790.0,21.048197903738046,21.325384871432767,-5.000076153871658,21.0,1,-0.3253848714327674,20.681057065824128,20.75,21.25
1791.0,21.062988248926523,21.337916521521123,-5.0000616847104205,21.0,0,-0.33791652152112306,21.46323302240468,20.75,21.25
1792.0,21.057775638939795,21.378597514279264,-5.000048738589211,21.0,0,-0.3785975142792637,21.78540744186067,20.75,21.25
1793.0,21.05256407406429,21.380654510871786,-5.000037315517886,21.0,0,-0.3806545108717856,21.401224476797005,20.75,21.25
1794.0,21.047353553786373,21.449874928826944,-5.000027415505146,21.0,0,-0.4498749288269437,22.142079108378525,20.75,21.25
1795.0,21.042144077592514,21.575174161356596,-5.000019038558531,21.0,0,-0.5751741613565962,22.82816648665312,20.75,21.25
1796.0,21.036935644969283,21.563739756903818,-5.000012184684419,21.0,0,-0.5637397569038178,21.449395712376035,20.75,21.25
1797.0,21.03172825540335,21.51033052455234,-5.0000068538880305,21.0,0,-0.5103305245523408,20.97623820103757,20.75,21.25
1798.0,21.026521908381493,21.420184556151955,-5.000003046173425,21.0,1,-0.4201845561519555,20.518724872148102,20.75,21.25
1799.0,21.041316603390584,21.398187190203704,-5.000000761543501,21.0,1,-0.3981871902037035,21.178213530721184,20.75,21.25
1800.0,21.056108339917596,21.2938839262559,7.0,21.0,1,-0.29388392625590143,20.25085128677788,20.75,21.25
1801.0,21.073297118249613,21.301340548968305,6.999999238456499,21.0,0,-0.3013405489683052,21.375906776092343,20.75,21.25
1802.0,21.070482458673656,21.316224852075635,6.999996953826575,21.0,0,-0.316224852075635,21.465067883148933,20.75,21.25
1803.0,21.067668361572686,21.370480773840704,6.9999931461119695,21.0,0,-0.3704807738407041,21.913039991491395,20.75,21.25
1804.0,21.064854826529594,21.22398002973295,6.999987815315581,21.0,1,-0.2239800297329495,19.758972588655404,20.75,21.25
1805.0,21.08204185312735,21.308976697169168,6.999980961441469,21.0,0,-0.3089766971691681,22.158943371531354,20.75,21.25
1806.0,21.079225440949013,21.261258938555848,6.999972584494854,21.0,0,-0.2612589385558479,20.784081352422646,20.75,21.25
1807.0,21.07640959037772,21.257093608739833,6.999962684482114,21.0,0,-0.257093608739833,21.215440310579684,20.75,21.25
1808.0,21.073594300996543,21.207279231223367,6.999951261410789,21.0,1,-0.20727923122336733,20.70913545605871,20.75,21.25
1809.0,21.090779572388627,21.331586348391063,6.9999383152895795,21.0,0,-0.33158634839106327,22.574657520068023,20.75,21.25
1810.0,21.087961404137207,21.204430691783053,6.999923846128342,21.0,1,-0.2044306917830525,19.932874125702945,20.75,21.25
1811.0,21.105143796625605,21.278005189914676,6.9999078539380974,21.0,0,-0.27800518991467627,22.013750171230914,20.75,21.25
1812.0,21.102322749437068,21.28230978199254,6.999890338731024,21.0,0,-0.28230978199254153,21.325355702771194,20.75,21.25
1813.0,21.09950226295493,21.305616432402402,6.999871300520461,21.0,0,-0.30561643240240244,21.53868293650101,20.75,21.25
1814.0,21.09668233676244,21.315267523891777,6.9998507393209035,21.0,0,-0.3152675238917766,21.411778438785518,20.75,21.25
1815.0,21.093862970442952,21.379251761248486,6.999828655148014,21.0,0,-0.3792517612484865,22.019094134815585,20.75,21.25
1816.0,21.091044163579895,21.320195295922083,6.999805048018608,21.0,1,-0.3201952959220833,20.72963064265805,20.75,21.25
1817.0,21.108225915756783,21.36016337819717,6.999779917950665,21.0,0,-0.36016337819717137,21.759844200948052,20.75,21.25
1818.0,21.105404226557223,21.376375997891007,6.999753264963321,21.0,0,-0.3763759978910066,21.53850219482936,20.75,21.25
1819.0,21.102583096364903,21.364077361918422,6.9997250890768745,21.0,0,-0.3640773619184223,21.24109100219258,20.75,21.25
1820.0,21.099762524763445,21.40916196602923,6.999695390312782,21.0,0,-0.40916196602923094,21.860008007137317,20.75,21.25
1821.0,21.096942511336554,21.489156957267255,6.999664168693662,21.0,0,-0.48915695726725517,22.289106869647497,20.75,21.25
1822.0,21.094123055668025,21.444932625541327,6.999631424243288,21.0,0,-0.44493262554132684,21.002689308282044,20.75,21.25
1823.0,21.09130415734174,21.482990061329275,6.999597156986599,21.0,0,-0.482990061329275,21.863564419208757,20.75,21.25
1824.0,21.088485815941667,21.512784903069978,6.999561366949691,21.0,0,-0.5127849030699778,21.810733320477006,20.75,21.25
1825.0,21.085668031051867,21.526270354789155,6.999524054159818,21.0,0,-0.5262703547891547,21.661124871980924,20.75,21.25
1826.0,21.082850802256488,21.514050276572153,6.999485218645397,21.0,0,-0.5140502765721529,21.391849494402134,20.75,21.25
1827.0,21.080034129139765,21.482788007870333,6.999444860436001,21.0,0,-0.48278800787033305,21.170165320852135,20.75,21.25
1828.0,21.077218011286025,21.393903672648836,6.999402979562366,21.0,1,-0.3939036726488361,20.505060320433866,20.75,21.25
1829.0,21.09440244827968,21.3837875178022,6.999359576056387,21.0,0,-0.383787517802201,21.28262596933585,20.75,21.25
1830.0,21.091583439705236,21.33654218643827,6.999314649951114,21.0,0,-0.33654218643826894,20.86408887279895,20.75,21.25
1831.0,21.088764985947286,21.253057561086543,6.999268201280764,21.0,1,-0.25305756108654265,20.41821130756928,20.75,21.25
1832.0,21.10594708659035,21.365088073785106,6.9992202300807085,21.0,0,-0.3650880737851061,22.48539320077074,20.75,21.25
1833.0,21.10312574121905,21.382601498773774,6.999170736387479,21.0,0,-0.3826014987737736,21.55773574866045,20.75,21.25
1834.0,21.10030495021808,21.376843390388405,6.9991197202387685,21.0,0,-0.3768433903884052,21.31926230653472,20.75,21.25
1835.0,21.097484713172086,21.349561090147454,6.999067181673426,21.0,0,-0.3495610901474535,21.076738087737937,20.75,21.25
1836.0,21.094665029665787,21.417099121930182,6.999013120731464,21.0,0,-0.41709912193018184,22.092479439757465,20.75,21.25
1837.0,21.091845899284,21.344953605326854,6.99895753745405,21.0,1,-0.3449536053268538,20.623498439293574,20.75,21.25
1838.0,21.109027321611634,21.415935229904676,6.998900431883515,21.0,0,-0.4159352299046759,22.125751475682897,20.75,21.25
1839.0,21.10620529623369,21.40235572851883,6.998841804063346,21.0,0,-0.40235572851883106,21.266560714660383,20.75,21.25
1840.0,21.103383823535257,21.350417861267395,6.998781654038192,21.0,0,-0.3504178612673954,20.83103918875304,20.75,21.25
1841.0,21.10056290310136,21.295503513223714,6.998719981853858,21.0,1,-0.29550351322371426,20.746360032786903,20.75,21.25
1842.0,21.11774253451711,21.271099001721314,6.998656787557312,21.0,1,-0.2710990017213142,21.027053886697313,20.75,21.25
1843.0,21.134918717367718,21.210978883155285,6.998592071196679,21.0,1,-0.2109788831552848,20.60977769749499,20.75,21.25
1844.0,21.152091452038484,21.308677111261904,6.998525832821242,21.0,0,-0.308677111261904,22.285659392328096,20.75,21.25
1845.0,21.14926073891464,21.443572943243996,6.998458072481446,21.0,0,-0.4435729432439963,22.79253126306492,20.75,21.25
1846.0,21.146430578381356,21.491924148414817,6.998388790228892,21.0,0,-0.49192414841481735,21.975436200123028,20.75,21.25
1847.0,21.143600970023726,21.567721276353968,6.9983179861163425,21.0,0,-0.5677212763539679,22.325692555745473,20.75,21.25
1848.0,21.140771913426946,21.583536048970647,6.998245660197717,21.0,0,-0.5835360489706467,21.741683775137435,20.75,21.25
1849.0,21.137943408176298,21.476894322179966,6.998171812528096,21.0,1,-0.47689432217996597,20.41047705427316,20.75,21.25
1850.0,21.155115453857167,21.409416210676284,6.998096443163716,21.0,1,-0.40941621067628375,20.73463509563946,20.75,21.25
1851.0,21.17228405005503,21.370663956948498,6.998019552161975,21.0,1,-0.37066395694849774,20.983141419670638,20.75,21.25
1852.0,21.18944919715545,21.398817776369484,6.99794113958143,21.0,0,-0.39881777636948357,21.680355970579342,20.75,21.25
1853.0,21.186610895543936,21.39824798612006,6.997861205481794,21.0,0,-0.3982479861200616,21.392550083625842,20.75,21.25
1854.0,21.183773145605922,21.406272653151035,6.99777974992394,21.0,0,-0.406272653151035,21.48651932346077,20.75,21.25
1855.0,21.180935946926787,21.318876052629598,6.997696772969901,21.0,1,-0.31887605262959795,20.444910047415227,20.75,21.25
1856.0,21.198099299091997,21.431223941813283,6.997612274682869,21.0,0,-0.4312239418132826,22.55470283365013,20.75,21.25
1857.0,21.195259201687115,21.45479859207262,6.997526255127189,21.0,0,-0.4547985920726205,21.690545094666,20.75,21.25
1858.0,21.192419655097805,21.482431390279295,6.997438714368372,21.0,0,-0.48243139027929516,21.75875937234604,20.75,21.25
1859.0,21.18958065890966,21.53074585455459,6.997349652473083,21.0,0,-0.5307458545545884,22.01389049730752,20.75,21.25
1860.0,21.18674221270837,21.676257746204236,6.9972590695091474,21.0,0,-0.6762577462042358,23.13137666270071,20.75,21.25
1861.0,21.18390431607973,21.60016647918614,6.9971669655455475,21.0,0,-0.6001664791861394,20.839253809005175,20.75,21.25
1862.0,21.181066968609624,21.497892193634005,6.997073340652424,21.0,1,-0.49789219363400505,20.47514933811266,20.75,21.25
1863.0,21.19823016988403,21.472824948385647,6.996978194901076,21.0,1,-0.4728249483856466,21.222152495902062,20.75,21.25
1864.0,21.215389919489034,21.49900643429109,6.9968815283639625,21.0,0,-0.4990064342910898,21.760821293345522,20.75,21.25
1865.0,21.21254621781081,21.368090526832596,6.996783341114698,21.0,1,-0.3680905268325958,20.058931452247656,20.75,21.25
1866.0,21.229703065235473,21.348637077805783,6.996683633228057,21.0,1,-0.34863707780578324,21.154102587537658,20.75,21.25
1867.0,21.246856461349072,21.42429069651948,6.996582404779971,21.0,0,-0.42429069651948126,22.18082688365646,20.75,21.25
1868.0,21.244006406537757,21.503610135208095,6.996479655847531,21.0,0,-0.5036101352080955,22.296804522094238,20.75,21.25
1869.0,21.24115690118762,21.51536827686401,6.9963753865089835,21.0,0,-0.5153682768640095,21.63294969342315,20.75,21.25
1870.0,21.23830794488468,21.558230152750802,6.996269596843734,21.0,0,-0.5582301527508022,21.98684891161873,20.75,21.25
1871.0,21.235459537215075,21.613637023724596,6.996162286932347,21.0,0,-0.6136370237245963,22.167705733462537,20.75,21.25
1872.0,21.232611677765018,21.623032857486432,6.996053456856544,21.0,0,-0.6230328574864323,21.716991195104793,20.75,21.25
1873.0,21.229764366120836,21.668983181453505,6.995943106699201,21.0,0,-0.6689831814535054,22.128486421124236,20.75,21.25
1874.0,21.22691760186895,21.5890336315607,6.995831236544358,21.0,0,-0.5890336315606994,20.78953813263264,20.75,21.25
1875.0,21.224071384595888,21.63472553055511,6.995717846477207,21.0,0,-0.6347255305551087,22.0916445204992,20.75,21.25
1876.0,21.221225713888263,21.634565386952804,6.9956029365841,21.0,0,-0.6345653869528043,21.63296395092976,20.75,21.25
1877.0,21.218380589332803,21.610086555181134,6.995486506952545,21.0,0,-0.6100865551811339,21.36529823746443,20.75,21.25
1878.0,21.215536010516328,21.461958740886192,6.995368557671211,21.0,1,-0.4619587408861925,19.98068059793678,20.75,21.25
1879.0,21.23269197702576,21.472162721096076,6.995249088829918,21.0,0,-0.47216272109607615,21.574202523194913,20.75,21.25
1880.0,21.22984448844812,21.486724322083106,6.995128100519649,21.0,0,-0.4867243220831057,21.6323403319534,20.75,21.25
1881.0,21.226997545170533,21.47076166068421,6.99500559283254,21.0,0,-0.4707616606842109,21.311135046695263,20.75,21.25
1882.0,21.224151146780066,21.392518524093987,6.994881565861888,21.0,1,-0.3925185240939868,20.610087158191746,20.75,21.25
1883.0,21.24130529286388,21.49572096428374,6.994756019702144,21.0,0,-0.49572096428374124,22.527745366181286,20.75,21.25
1884.0,21.23845598300925,21.498321922971744,6.994628954448916,21.0,0,-0.49832192297174416,21.524331509851773,20.75,21.25
1885.0,21.235607217603537,21.441412523772165,6.994500370198971,21.0,0,-0.4414125237721649,20.872318531776372,20.75,21.25
1886.0,21.232758996234057,21.409851577116722,6.994370267050232,21.0,0,-0.40985157711672215,21.094242110562295,20.75,21.25
1887.0,21.22991131848822,21.49394954894081,6.994238645101776,21.0,0,-0.49394954894081167,22.334929267181707,20.75,21.25
1888.0,21.227064183953544,21.461312251859173,6.994105504453841,21.0,0,-0.461312251859173,21.134939281042787,20.75,21.25
1889.0,21.224217592217645,21.46561809234119,6.9939708452078175,21.0,0,-0.46561809234119167,21.508676497161378,20.75,21.25
1890.0,21.221371542868244,21.41655713092947,6.993834667466256,21.0,0,-0.4165571309294691,20.925947516812244,20.75,21.25
1891.0,21.218526035493163,21.422069483682446,6.993696971332861,21.0,0,-0.4220694836824457,21.47719301121221,20.75,21.25
1892.0,21.21568106968033,21.382899110641695,6.9935577569124945,21.0,0,-0.382899110641695,20.99119538023419,20.75,21.25
1893.0,21.212836645017777,21.36141787673886,6.9934170243111735,21.0,0,-0.3614178767388587,21.146605537710496,20.75,21.25
1894.0,21.209992761093638,21.353780796525122,6.993274773636073,21.0,0,-0.35378079652512184,21.277409994387753,20.75,21.25
1895.0,21.207149417496147,21.463118994455904,6.993131004995523,21.0,0,-0.463118994455904,22.556500973763725,20.75,21.25
1896.0,21.204306613813646,21.519650728546004,6.992985718499009,21.0,0,-0.5196507285460044,22.084968069447008,20.75,21.25
1897.0,21.201464349634584,21.544827077905584,6.992838914257173,21.0,0,-0.5448270779055839,21.79659057150138,20.75,21.25
1898.0,21.198622624547507,21.51800759708416,6.992690592381813,21.0,0,-0.5180075970841607,21.249812788869928,20.75,21.25
1899.0,21.195781438141076,21.576946694907214,6.9925407529858825,21.0,0,-0.576946694907214,22.166337673137747,20.75,21.25
1900.0,21.192940790004045,21.50085590660145,6.992389396183491,21.0,1,-0.5008559066014513,20.739948023543825,20.75,21.25
1901.0,21.21010067972528,21.4435078975518,6.992236522089903,21.0,1,-0.4435078975518003,20.87002780705529,20.75,21.25
1902.0,21.227257106893752,21.424503417388603,6.992082130821539,21.0,1,-0.4245034173886033,21.234458615756633,20.75,21.25
1903.0,21.24441007189854,21.476357822820297,6.991926222495975,21.0,0,-0.47635782282029737,21.994901877137238,20.75,21.25
1904.0,21.241559575128658,21.40620346169887,6.9917687972319404,21.0,1,-0.406203461698869,20.704659850484585,20.75,21.25
1905.0,21.25870961697308,21.48578768517008,6.991609855149323,21.0,0,-0.48578768517008086,22.2816299198822,20.75,21.25
1906.0,21.255856197020712,21.51338280168731,6.991449396369164,21.0,0,-0.5133828016873103,21.789333966859605,20.75,21.25
1907.0,21.25300331566058,21.535106065359507,6.991287421013659,21.0,0,-0.535106065359507,21.752338702081474,20.75,21.25
1908.0,21.250150972481652,21.565680811030326,6.99112392920616,21.0,0,-0.565680811030326,21.871428267738516,20.75,21.25
1909.0,21.247299167072995,21.579459032564927,6.990958921071172,21.0,0,-0.5794590325649267,21.717241247910934,20.75,21.25
1910.0,21.244447899023793,21.51029221266979,6.990792396734358,21.0,0,-0.5102922126697891,20.818624013718413,20.75,21.25
1911.0,21.241597167923334,21.547057273393836,6.990624356322531,21.0,0,-0.5470572733938361,21.914707880634307,20.75,21.25
1912.0,21.238746973361014,21.556210667901766,6.990454799963662,21.0,0,-0.556210667901766,21.647744612981064,20.75,21.25
1913.0,21.235897314926333,21.597104681980518,6.990283727786877,21.0,0,-0.5971046819805181,22.00604482276804,20.75,21.25
1914.0,21.233048192208905,21.653493878786325,6.990111139922453,21.0,0,-0.6534938787863247,22.21738584684439,20.75,21.25
1915.0,21.230199604798447,21.74088160348797,6.989937036501823,21.0,0,-0.7408816034879706,22.61475885050443,20.75,21.25
1916.0,21.227351552284787,21.79119671593539,6.989761417657577,21.0,0,-0.7911967159353885,22.294347840409568,20.75,21.25
1917.0,21.224504034257862,21.75436195683016,6.9895842835234525,21.0,0,-0.7543619568301594,21.386014365777868,20.75,21.25
1918.0,21.221657050307716,21.776237010613407,6.989405634234348,21.0,0,-0.7762370106134071,21.994987548445884,20.75,21.25
1919.0,21.2188106000245,21.766148381442225,6.989225469926312,21.0,0,-0.7661483814422247,21.6652620897304,20.75,21.25
1920.0,21.215964682998482,21.754853843428247,6.989043790736547,21.0,0,-0.754853843428247,21.64190846328847,20.75,21.25
1921.0,21.21311929882003,21.652740700900768,6.988860596803409,21.0,1,-0.6527407009007682,20.63160927562598,20.75,21.25
1922.0,21.230274447079626,21.648033839327915,6.9886758882664095,21.0,0,-0.6480338393279155,21.60096522359939,20.75,21.25
1923.0,21.227426127367863,21.49939175404083,6.988489665266211,21.0,1,-0.49939175404082903,20.012970901169965,20.75,21.25
1924.0,21.244578340075442,21.517393711425502,6.988301927944631,21.0,0,-0.5173937114255018,21.69741328527223,20.75,21.25
1925.0,21.241727084793016,21.495692378163717,6.988112676444639,21.0,0,-0.49569237816371725,21.27867904554587,20.75,21.25
1926.0,21.238876361911345,21.51961136666251,6.98792191091036,21.0,0,-0.5196113666625095,21.758801251650432,20.75,21.25
1927.0,21.236026171021145,21.46087068729391,6.987729631487068,21.0,0,-0.4608706872939088,20.8734638936079,20.75,21.25
1928.0,21.23317651171324,21.48132357303902,6.987535838321193,21.0,0,-0.4813235730390204,21.685852430490137,20.75,21.25
1929.0,21.23032738357856,21.427379536807738,6.987340531560317,21.0,0,-0.427379536807738,20.887939174494914,20.75,21.25
1930.0,21.22747878620816,21.405767458516397,6.987143711353175,21.0,0,-0.4057674585163973,21.18964667560299,20.75,21.25
1931.0,21.22463071919319,21.375495319823568,6.986945377849654,21.0,0,-0.37549531982356754,21.07277393289527,20.75,21.25
1932.0,21.22178318212492,21.499313978264432,6.986745531200793,21.0,0,-0.499313978264432,22.737500562673077,20.75,21.25
1933.0,21.218936174594734,21.51225956859141,6.986544171558784,21.0,0,-0.5122595685914106,21.641715471861197,20.75,21.25
1934.0,21.21608969619413,21.502104320503154,6.986341299076972,21.0,0,-0.5021043205031539,21.400551839620586,20.75,21.25
1935.0,21.213243746514706,21.594025262956826,6.986136913909853,21.0,0,-0.5940252629568263,22.51323468749355,20.75,21.25
1936.0,21.210398325148187,21.634479187835957,6.985931016213074,21.0,0,-0.6344791878359572,22.039018436627266,20.75,21.25
1937.0,21.2075534316864,21.635311855144145,6.985723606143436,21.0,0,-0.6353118551441455,21.643638528226028,20.75,21.25
1938.0,21.20470906572129,21.681123974061958,6.9855146838588915,21.0,0,-0.6811239740619577,22.13924516324008,20.75,21.25
1939.0,21.201865226844916,21.582546566272992,6.985304249518542,21.0,1,-0.5825465662729918,20.596772488383333,20.75,21.25
1940.0,21.21902191464945,21.523878231901396,6.985092303282644,21.0,1,-0.5238782319013957,20.937194888185434,20.75,21.25
1941.0,21.236175128727176,21.483739088648935,6.984878845312603,21.0,1,-0.4837390886489352,21.08234765612433,20.75,21.25
1942.0,21.253324869470493,21.419794262506215,6.984663875770977,21.0,1,-0.41979426250621543,20.780346001079018,20.75,21.25
1943.0,21.270471137271752,21.47590331272398,6.9844473948214745,21.0,0,-0.4759033127239789,22.036993814901614,20.75,21.25
1944.0,21.26761393252326,21.604896965818075,6.984229402628956,21.0,0,-0.6048969658180745,22.89483349675903,20.75,21.25
1945.0,21.264757255617283,21.555926777930825,6.98400989935943,21.0,0,-0.555926777930825,21.06622489905833,20.75,21.25
1946.0,21.26190110614603,21.5672258041317,6.98378888518006,21.0,0,-0.5672258041316987,21.680216066140435,20.75,21.25
1947.0,21.259045483701836,21.61138318130886,6.983566360259156,21.0,0,-0.6113831813088595,22.052956953080468,20.75,21.25
1948.0,21.256190387877147,21.463845236269474,6.9833423247661806,21.0,1,-0.46384523626947427,19.988465785875622,20.75,21.25
1949.0,21.273335818264524,21.418668991528893,6.983116778871748,21.0,1,-0.41866899152889303,20.96690654412308,20.75,21.25
1950.0,21.290477774456644,21.488504423979876,6.982889722747621,21.0,0,-0.4885044239798759,22.186858748489705,20.75,21.25
1951.0,21.287616256846302,21.572887984120072,6.982661156566712,21.0,0,-0.5728879841200722,22.416723585522035,20.75,21.25
1952.0,21.284755265826245,21.56373854364785,6.982431080503083,21.0,0,-0.563738543647851,21.47224413892564,20.75,21.25
1953.0,21.281894800989182,21.64226105259781,6.982199494731949,21.0,0,-0.6422610525978101,22.4274861420974,20.75,21.25
1954.0,21.27903486192793,21.675861492777226,6.981966399429672,21.0,0,-0.6758614927772264,22.01186589457139,20.75,21.25
1955.0,21.27617544823543,21.658840249908632,6.981731794773765,21.0,0,-0.6588402499086321,21.48862782122269,20.75,21.25
1956.0,21.27331655950474,21.573840181892685,6.981495680942887,21.0,1,-0.5738401818926846,20.72383950173321,20.75,21.25
1957.0,21.290458195329027,21.600475369969466,6.981258058116851,21.0,0,-0.600475369969466,21.86682725073728,20.75,21.25
1958.0,21.287596355301584,21.571850661641044,6.981018926476618,21.0,0,-0.5718506616410437,21.28560357835682,20.75,21.25
1959.0,21.284735039815818,21.589918832832755,6.980778286204295,21.0,0,-0.5899188328327547,21.770600544749865,20.75,21.25
1960.0,21.281874248465094,21.535721872361304,6.98053613748314,21.0,0,-0.5357218723613038,20.993752267646794,20.75,21.25
1961.0,21.279013980842898,21.595487564746232,6.980292480497562,21.0,0,-0.5954875647462323,22.193144488595518,20.75,21.25
1962.0,21.27615423654283,21.499644744540937,6.980047315433115,21.0,1,-0.4996447445409373,20.541216542487987,20.75,21.25
1963.0,21.29329501515861,21.520988276347474,6.979800642476503,21.0,0,-0.5209882763474738,21.73442359441284,20.75,21.25
1964.0,21.290432316284072,21.497001366007453,6.979552461815578,21.0,0,-0.4970013660074528,21.257132262607243,20.75,21.25
1965.0,21.28757014031318,21.544198764112732,6.979302773639341,21.0,0,-0.5441987641127319,22.016172745165523,20.75,21.25
1966.0,21.284708486839843,21.52116057637715,6.979051578137939,21.0,0,-0.5211605763771487,21.290778699021317,20.75,21.25
1967.0,21.2818473554581,21.560489054708327,6.97879887550267,21.0,0,-0.5604890547083272,21.953773838020112,20.75,21.25
1968.0,21.27898674576211,21.64477870959669,6.978544665925977,21.0,0,-0.6447787095966895,22.487675258480312,20.75,21.25
1969.0,21.276126657346143,21.73077420741219,6.978288949601452,21.0,0,-0.730774207412189,22.590729185567184,20.75,21.25
1970.0,21.273267089804595,21.69907389696912,6.978031726723834,21.0,0,-0.6990738969691215,21.382070792538446,20.75,21.25
1971.0,21.27040804273198,21.657075479689265,6.9777729974890095,21.0,0,-0.657075479689265,21.2370913068907,20.75,21.25
1972.0,21.26754951572293,21.63607069283511,6.977512762094012,21.0,0,-0.6360706928351085,21.426022824293543,20.75,21.25
1973.0,21.264691508372206,21.484260504833248,6.977251020737022,21.0,1,-0.484260504833248,19.966158624814643,20.75,21.25
1974.0,21.28183402027468,21.407507217329417,6.976987773617367,21.0,1,-0.4075072173294174,20.63997434229111,20.75,21.25
1975.0,21.29897305102535,21.446689529163173,6.9767230209355215,21.0,0,-0.44668952916317295,21.83851264750073,20.75,21.25
1976.0,21.29610860101933,21.425863712713276,6.976456762893106,21.0,0,-0.4258637127132765,21.217605548214312,20.75,21.25
1977.0,21.293244670651706,21.48696933825921,6.976188999692887,21.0,0,-0.48696933825921107,22.098025593718557,20.75,21.25
1978.0,21.290381259517513,21.53263835598539,6.975919731538778,21.0,0,-0.5326383559853909,21.98932853324719,20.75,21.25
1979.0,21.287518367211916,21.522194389077015,6.975648958635839,21.0,0,-0.5221943890770149,21.417754719993255,20.75,21.25
1980.0,21.2846559933302,21.511267259576623,6.9753766811902755,21.0,0,-0.5112672595766234,21.40199596457271,20.75,21.25
1981.0,21.281794137467774,21.543720953957056,6.975102899409437,21.0,0,-0.543720953957056,21.86825789776138,20.75,21.25
1982.0,21.27893279922016,21.54954684416537,6.974827613501823,21.0,0,-0.5495468441653699,21.60780574624851,20.75,21.25
1983.0,21.27607197818302,21.509386422903376,6.974550823677073,21.0,0,-0.5093864229033755,21.107782210283432,20.75,21.25
1984.0,21.27321167395212,21.517087415942065,6.974272530145976,21.0,0,-0.5170874159420649,21.594097346328958,20.75,21.25
1985.0,21.270351886123358,21.46736706522975,6.973992733120464,21.0,0,-0.4673670652297517,20.97016355810662,20.75,21.25
1986.0,21.267492614292756,21.49619232519383,6.973711432813614,21.0,0,-0.4961923251938316,21.78444492483463,20.75,21.25
1987.0,21.26463385805646,21.519845977635462,6.973428629439651,21.0,0,-0.5198459776354625,21.75638250205177,20.75,21.25
1988.0,21.261775617010738,21.633783725681134,6.973144323213939,21.0,0,-0.6337837256811341,22.77316120613785,20.75,21.25
1989.0,21.258917890751977,21.658534896541397,6.972858514352991,21.0,0,-0.6585348965413971,21.906046605144027,20.75,21.25
1990.0,21.256060678876697,21.734397053230726,6.972571203074462,21.0,0,-0.734397053230726,22.493018620124015,20.75,21.25
1991.0,21.253203980981535,21.700239523425047,6.972282389597154,21.0,0,-0.7002395234250471,21.35866422536826,20.75,21.25
1992.0,21.25034779666326,21.666573926498266,6.97199207414101,21.0,0,-0.6665739264982662,21.329917957230457,20.75,21.25
1993.0,21.247492125518754,21.514142120766177,6.971700256927117,21.0,1,-0.5141421207661772,19.989824063445287,20.75,21.25
1994.0,21.264636967145037,21.555332217831754,6.971406938177707,21.0,0,-0.5553322178317543,21.967233188487526,20.75,21.25
1995.0,21.261778321139243,21.528607228996037,6.971112118116156,21.0,0,-0.5286072289960373,21.261357340638867,20.75,21.25
1996.0,21.25892018789864,21.496886711943144,6.97081579696698,21.0,0,-0.4968867119431444,21.179681541414215,20.75,21.25
1997.0,21.256062567020454,21.513310144357213,6.970517974955843,21.0,0,-0.513310144357213,21.6775444684979,20.75,21.25
1998.0,21.25320545810204,21.60749937512659,6.970218652309548,21.0,0,-0.60749937512659,22.54939168282036,20.75,21.25
1999.0,21.250348860740882,21.52424055737656,6.969917829256042,21.0,1,-0.5242405573765616,20.691652379876277,20.75,21.25
2000.0,21.267492774534585,21.476345612015873,6.969615506024416,21.0,1,-0.4763456120158729,20.997396158408986,20.75,21.25
2001.0,21.284633199080883,21.556765861975038,6.969311682844902,21.0,0,-0.5567658619750375,22.360968361566684,20.75,21.25
2002.0,21.281770134777634,21.600472231453203,6.969006359948873,21.0,0,-0.6004722314532032,22.03753592623486,20.75,21.25
2003.0,21.27890758202267,21.64680295696846,6.968699537568848,21.0,0,-0.646802956968461,22.11011021212104,20.75,21.25
2004.0,21.27604554041378,21.633957583325987,6.9683912159384835,21.0,0,-0.6339575833259872,21.50550384690125,20.75,21.25
2005.0,21.273184009548885,21.667275443738344,6.9680813952925815,21.0,0,-0.6672754437383439,22.00045404786191,20.75,21.25
2006.0,21.270322989026035,21.622031252857457,6.967770075867083,21.0,0,-0.6220312528574574,21.169589344048592,20.75,21.25
2007.0,21.267462478443402,21.57751227484447,6.967457257899071,21.0,0,-0.5775122748444694,21.13232249471459,20.75,21.25
2008.0,21.264602477399293,21.55020113258223,6.967142941626772,21.0,0,-0.5502011325822309,21.277089709959846,20.75,21.25
2009.0,21.261742985492138,21.542653057280727,6.966827127289549,21.0,0,-0.5426530572807273,21.46717230426569,20.75,21.25
2010.0,21.258884002320496,21.53649412610974,6.9665098151279095,21.0,0,-0.5364941261097407,21.474904814399874,20.75,21.25
2011.0,21.256025527483057,21.532946452265573,6.9661910053835,21.0,0,-0.5329464522655734,21.4974697138239,20.75,21.25
2012.0,21.25316756057864,21.507128193986247,6.965870698299108,21.0,0,-0.5071281939862473,21.248945611192987,20.75,21.25
2013.0,21.250310101206182,21.579430841286932,6.965548894118663,21.0,0,-0.579430841286932,22.30245731429378,20.75,21.25
2014.0,21.247453148964766,21.558999918877497,6.96522559308723,21.0,0,-0.5589999188774968,21.354690694783145,20.75,21.25
2015.0,21.244596703453592,21.51216230003248,6.964900795451019,21.0,0,-0.5121623000324789,21.0437861115823,20.75,21.25
2016.0,21.24174076427199,21.55067402115755,6.964574501457378,21.0,0,-0.5506740211575512,21.935791232408274,20.75,21.25
2017.0,21.23888533101943,21.564329709146794,6.964246711354791,21.0,0,-0.5643297091467936,21.700886589039218,20.75,21.25
2018.0,21.236030403295494,21.539376759894065,6.9639174253928875,21.0,0,-0.5393767598940649,21.289847267366778,20.75,21.25
2019.0,21.233175980699915,21.654793534004654,6.963586643822431,21.0,0,-0.6547935340046536,22.80896127511054,20.75,21.25
2020.0,21.23032206283254,21.722055703497155,6.9632543668953275,21.0,0,-0.7220557034971549,22.394677398422168,20.75,21.25
2021.0,21.22746864929335,21.672626739069,6.96292059486462,21.0,0,-0.6726267390689991,21.17833709478744,20.75,21.25
2022.0,21.224615739682463,21.57656576331086,6.96258532798449,21.0,1,-0.5765657633108603,20.615956005729473,20.75,21.25
2023.0,21.241763333600122,21.501777174309957,6.962248566510258,21.0,1,-0.5017771743099573,20.753891284300927,20.75,21.25
2024.0,21.258907430646705,21.392390506300423,6.961910310698383,21.0,1,-0.3923905063004227,20.298523826205077,20.75,21.25
2025.0,21.276048031222714,21.406057363135073,6.961570560806461,21.0,0,-0.4060573631350728,21.542725931481574,20.75,21.25
2026.0,21.27318513572863,21.431777594296666,6.961229317093226,21.0,0,-0.4317775942966655,21.688979905912593,20.75,21.25
2027.0,21.270322744564904,21.592543694958454,6.960886579818551,21.0,0,-0.5925436949584544,23.200204701576343,20.75,21.25
2028.0,21.267460857331955,21.645642684402382,6.960542349243443,21.0,0,-0.6456426844023824,22.176632578841662,20.75,21.25
2029.0,21.264599473630337,21.69607223790647,6.9601966256300525,21.0,0,-0.6960722379064705,22.200367772947352,20.75,21.25
2030.0,21.261738593060738,21.68205377171109,6.959849409241659,21.0,0,-0.6820537717110895,21.54186910975728,20.75,21.25
2031.0,21.258878215223973,21.637081468125054,6.959500700342685,21.0,0,-0.6370814681250536,21.187358432264695,20.75,21.25
2032.0,21.256018339720995,21.520081412579543,6.959150499198688,21.0,1,-0.5200814125795432,20.35008085712444,20.75,21.25
2033.0,21.27315896615289,21.52267536620696,6.95879880607636,21.0,0,-0.5226753662069612,21.54861490248114,20.75,21.25
2034.0,21.270296094120877,21.57960201764929,6.9584456212435315,21.0,0,-0.5796020176492895,22.148868532072573,20.75,21.25
2035.0,21.2674337240263,21.592025688576058,6.958090944969168,21.0,0,-0.592025688576058,21.716262397843742,20.75,21.25
2036.0,21.26457185547049,21.642579556890684,6.95773477752337,21.0,0,-0.6425795568906842,22.148118240036947,20.75,21.25
2037.0,21.2617104880549,21.76513302407553,6.957377119177376,21.0,0,-0.7651330240755314,22.990667695924003,20.75,21.25
2038.0,21.258849621381124,21.719344897214686,6.957017970203557,21.0,0,-0.7193448972146861,21.261463628606233,20.75,21.25
2039.0,21.25598925505089,21.677634884485048,6.956657330875421,21.0,0,-0.6776348844850482,21.26053475718867,20.75,21.25
2040.0,21.253129388666054,21.62186355410662,6.956295201467611,21.0,0,-0.6218635541066213,21.064150250322353,20.75,21.25
2041.0,21.250270021828612,21.574552561882353,6.9559315822559045,21.0,0,-0.5745525618823528,21.101442639639668,20.75,21.25
2042.0,21.247411154140696,21.419297317909432,6.955566473517212,21.0,1,-0.41929731790943237,19.866744878180228,20.75,21.25
2043.0,21.26455278520457,21.372940255107775,6.955199875529582,21.0,1,-0.37294025510777473,20.9093696270912,20.75,21.25
2044.0,21.281690914622637,21.368495275883614,6.954831788572192,21.0,0,-0.36849527588361397,21.324045483642006,20.75,21.25
2045.0,21.278825542797428,21.40745371657705,6.954462212925358,21.0,0,-0.40745371657704865,21.797038123511395,20.75,21.25
2046.0,21.275960670131454,21.465313344375623,6.9540911488705275,21.0,0,-0.4653133443756232,22.04390962236137,20.75,21.25
2047.0,21.2730962962272,21.495471553093687,6.9537185966902815,21.0,0,-0.4954715530936866,21.79705364027432,20.75,21.25
2048.0,21.270232420687293,21.518054392570132,6.953344556668336,21.0,0,-0.5180543925701322,21.743882787334588,20.75,21.25
2049.0,21.26736904311449,21.507548603148983,6.952969029089537,21.0,0,-0.5075486031489831,21.402490708937492,20.75,21.25
2050.0,21.264506163111683,21.544607080541287,6.952592014239867,21.0,0,-0.5446070805412866,21.91519185446432,20.75,21.25
2051.0,21.261643780281908,21.521485154789964,6.952213512406438,21.0,0,-0.5214851547899642,21.29026589727674,20.75,21.25
2052.0,21.25878189422833,21.578394811768245,6.951833523877495,21.0,0,-0.5783948117682449,22.147491381551053,20.75,21.25
2053.0,21.25592050455426,21.590822997216144,6.951452048942417,21.0,0,-0.5908229972161436,21.71510485169513,20.75,21.25
2054.0,21.25305961086314,21.625330026312916,6.951069087891713,21.0,0,-0.6253300263129162,21.970400317280642,20.75,21.25
2055.0,21.250199212758545,21.568001627138067,6.950684641017025,21.0,0,-0.5680016271380666,20.99471763538957,20.75,21.25
2056.0,21.247339309844197,21.609189767777515,6.950298708611126,21.0,0,-0.6091897677775151,22.021071174172,20.75,21.25
2057.0,21.24447990172395,21.568428471019566,6.949911290967921,21.0,0,-0.5684284710195655,21.16081550344007,20.75,21.25
2058.0,21.2416209880018,21.549004997589,6.9495223883824435,21.0,0,-0.5490049975890017,21.354770263283363,20.75,21.25
2059.0,21.238762568281874,21.487209476570612,6.949132001150861,21.0,0,-0.4872094765706123,20.86925426638672,20.75,21.25
2060.0,21.23590464216845,21.46689217316675,6.948740129570471,21.0,0,-0.4668921731667517,21.263719139128145,20.75,21.25
2061.0,21.23304720926593,21.478140014883394,6.948346773939699,21.0,0,-0.47814001488339386,21.590618432049816,20.75,21.25
2062.0,21.230190269178866,21.49626129764375,6.947951934558104,21.0,0,-0.4962612976437484,21.677474125247294,20.75,21.25
2063.0,21.22733382151194,21.548302574117475,6.947555611726371,21.0,0,-0.548302574117475,22.06871533885474,20.75,21.25
2064.0,21.224477865869982,21.500889669698264,6.94715780574632,21.0,0,-0.5008896696982639,21.026760625506153,20.75,21.25
2065.0,21.221622401857957,21.507540493105253,6.946758516920897,21.0,0,-0.5075404931052532,21.574048727175146,20.75,21.25
2066.0,21.21876742908097,21.454829126787377,6.9463577455541765,21.0,0,-0.4548291267873772,20.927715463608617,20.75,21.25
2067.0,21.215912947144265,21.496177189631506,6.945955491951364,21.0,0,-0.49617718963150637,21.909657818072798,20.75,21.25
2068.0,21.213058955653228,21.51975170431868,6.945551756418793,21.0,0,-0.5197517043186792,21.755496851190408,20.75,21.25
2069.0,21.21020545421338,21.564864182078725,6.945146539263926,21.0,0,-0.5648641820787255,22.015988959679188,20.75,21.25
2070.0,21.20735244243039,21.60808991846796,6.944739840795354,21.0,0,-0.6080899184679609,22.040347282360315,20.75,21.25
2071.0,21.204499919910063,21.60547578871948,6.944331661322793,21.0,0,-0.605475788719481,21.579334491234683,20.75,21.25
2072.0,21.201647886258346,21.607529624320023,6.943922001157093,21.0,0,-0.6075296243200228,21.62806798032544,20.75,21.25
2073.0,21.198796341081326,21.520971657422194,6.943510860610225,21.0,1,-0.5209716574221943,20.65539198844391,20.75,21.25
2074.0,21.21594528398523,21.559792064424652,6.943098239995292,21.0,0,-0.5597920644246521,21.94799613444923,20.75,21.25
2075.0,21.213090714576435,21.521980855444845,6.942684139626523,21.0,0,-0.5219808554448448,21.143868765646772,20.75,21.25
2076.0,21.210236633261445,21.544327531481745,6.942268559819272,21.0,0,-0.5443275314817448,21.767794291850745,20.75,21.25
2077.0,21.207383039646757,21.571995268032293,6.941851500890023,21.0,0,-0.5719952680322926,21.84867263353777,20.75,21.25
2078.0,21.204529933339007,21.62495622357533,6.941432963156382,21.0,0,-0.6249562235753316,22.154565779005722,20.75,21.25
2079.0,21.20167731394497,21.5476362821413,6.941012946937085,21.0,0,-0.5476362821413012,20.774436867800997,20.75,21.25
2080.0,21.19882518107157,21.49860704630745,6.940591452551993,21.0,0,-0.49860704630744834,21.00831468796892,20.75,21.25
2081.0,21.195973534325866,21.47227537946557,6.940168480322092,21.0,0,-0.47227537946557163,21.208958711046805,20.75,21.25
2082.0,21.193122373315067,21.41674908281048,6.939744030569494,21.0,0,-0.4167490828104796,20.86148611625956,20.75,21.25
2083.0,21.19027169764652,21.380799791569675,6.939318103617435,21.0,0,-0.38079979156967525,21.02130687916163,20.75,21.25
2084.0,21.187421506927713,21.46281074527795,6.938890699790278,21.0,0,-0.46281074527794885,22.282920282360685,20.75,21.25
2085.0,21.184571800766285,21.528225061367188,6.938461819413509,21.0,0,-0.5282250613671877,22.182368222259576,20.75,21.25
2086.0,21.181722578770014,21.55604203958578,6.938031462813739,21.0,0,-0.5560420395857797,21.8342118217717,20.75,21.25
2087.0,21.17887384054682,21.574041975701117,6.9375996303187035,21.0,0,-0.5740419757011175,21.754041336854495,20.75,21.25
2088.0,21.176025585704775,21.599105398181198,6.937166322257262,21.0,0,-0.599105398181198,21.849739622982003,20.75,21.25
2089.0,21.173177813852085,21.60043819441585,6.936731538959397,21.0,0,-0.600438194415851,21.61376615676238,20.75,21.25
2090.0,21.170330524597105,21.635824618723564,6.936295280756216,21.0,0,-0.6358246187235643,21.989688861800698,20.75,21.25
2091.0,21.167483717548336,21.618240035201588,6.935857547979946,21.0,0,-0.6182400352015875,21.44239419998182,20.75,21.25
2092.0,21.16463739231442,21.55652257310914,6.935418340963943,21.0,0,-0.5565225731091417,20.939347952184683,20.75,21.25
2093.0,21.16179154850415,21.472846060915735,6.934977660042679,21.0,1,-0.4728460609157352,20.63608093898167,20.75,21.25
2094.0,21.17894618572646,21.476733307017074,6.934535505551754,21.0,0,-0.4767333070170743,21.515605768030465,20.75,21.25
2095.0,21.176097303590424,21.457414604394433,6.934091877827886,21.0,0,-0.45741460439443316,21.264227578168022,20.75,21.25
2096.0,21.17324890250527,21.427279496227335,6.933646777208919,21.0,0,-0.4272794962273352,21.125928414556356,20.75,21.25
2097.0,21.170400982080213,21.44978724465173,6.933200204033815,21.0,0,-0.4497872446517306,21.674864728895685,20.75,21.25
2098.0,21.167553541924605,21.48055142080618,6.932752158642659,21.0,0,-0.4805514208061794,21.788193182350668,20.75,21.25
2099.0,21.16470658164795,21.44171462994866,6.932302641376657,21.0,0,-0.4417146299486596,21.05334672137346,20.75,21.25
2100.0,21.161860100859894,21.386691410485415,6.931851652578136,21.0,0,-0.38669141048541533,20.836459215852972,20.75,21.25
2101.0,21.159014099170236,21.418949316136754,6.931399192590545,21.0,0,-0.4189493161367537,21.741528372650137,20.75,21.25
2102.0,21.156168576188918,21.34745943721908,6.93094526175845,21.0,1,-0.34745943721907935,20.632560648042336,20.75,21.25
2103.0,21.17332353152603,21.348085360861376,6.9304898604275404,21.0,0,-0.34808536086137565,21.35434459728434,20.75,21.25
2104.0,21.17047496479181,21.339808718970197,6.930032988944623,21.0,0,-0.3398087189701968,21.25704230005841,20.75,21.25
2105.0,21.167626876396643,21.32628407204181,6.929574647657626,21.0,0,-0.3262840720418083,21.191037602757923,20.75,21.25
2106.0,21.164779265950894,21.33684241954584,6.929114836915597,21.0,0,-0.3368424195458388,21.442425894586144,20.75,21.25
2107.0,21.161932133065086,21.43385795345304,6.928653557068699,21.0,0,-0.4338579534530389,22.40401329252504,20.75,21.25
2108.0,21.159085477349887,21.502412344123293,6.92819080846822,21.0,0,-0.502412344123293,22.187956250825835,20.75,21.25
2109.0,21.15623929841611,21.541321707111415,6.927726591466562,21.0,0,-0.5413217071114147,21.93041533699263,20.75,21.25
2110.0,21.15339359587472,21.552771281339616,6.927260906417246,21.0,0,-0.5527712813396164,21.667267023621633,20.75,21.25
2111.0,21.15054836933683,21.514133029075918,6.926793753674912,21.0,0,-0.5141330290759178,21.127750506438932,20.75,21.25
2112.0,21.147703618413697,21.517834923556222,6.926325133595316,21.0,0,-0.5178349235562223,21.554853868359267,20.75,21.25
2113.0,21.14485934271673,21.437328423572797,6.925855046535334,21.0,1,-0.4373284235727972,20.632263423738546,20.75,21.25
2114.0,21.162015541857496,21.352788881402642,6.925383492852958,21.0,1,-0.35278888140264186,20.50739345970109,20.75,21.25
2115.0,21.179168215447696,21.40194298849062,6.924910472907294,21.0,0,-0.40194298849062093,21.89348405937041,20.75,21.25
2116.0,21.176317363899187,21.374879947437847,6.924435987058571,21.0,0,-0.37487994743784725,21.10424953691011,20.75,21.25
2117.0,21.17346698762382,21.300250055386424,6.923960035668127,21.0,1,-0.30025005538642446,20.553951134872197,20.75,21.25
2118.0,21.190617086233427,21.394955259404203,6.923482619098422,21.0,0,-0.3949552594042025,22.342007299581983,20.75,21.25
2119.0,21.18776365934,21.465729396253508,6.92300373771303,21.0,0,-0.46572939625350784,22.17347076474656,20.75,21.25
2120.0,21.184910707355673,21.556431236540753,6.922523391876638,21.0,0,-0.5564312365407531,22.463449639413206,20.75,21.25
2121.0,21.182058229892576,21.63028439365792,6.922041581955051,21.0,0,-0.6302843936579201,22.36881596482959,20.75,21.25
2122.0,21.17920622656299,21.707538415975918,6.921558308315188,21.0,0,-0.7075384159759182,22.4800786391559,20.75,21.25
2123.0,21.176354696979338,21.69697144720698,6.921073571325084,21.0,0,-0.6969714472069803,21.591301759517602,20.75,21.25
2124.0,21.17350364075421,21.633273382037505,6.920587371353886,21.0,0,-0.6332733820375047,20.99629273034275,20.75,21.25
2125.0,21.170653057500328,21.538286922161053,6.920099708771858,21.0,1,-0.5382869221610527,20.588422323396532,20.75,21.25
2126.0,21.187802946830583,21.545077486687298,6.919610583950374,21.0,0,-0.5450774866872976,21.612983131949747,20.75,21.25
2127.0,21.184949308358007,21.566417323289954,6.919119997261925,21.0,0,-0.5664173232899543,21.77981568931652,20.75,21.25
2128.0,21.182096142495787,21.551557876025026,6.918627949080115,21.0,0,-0.5515578760250257,21.40296340337574,20.75,21.25
2129.0,21.179243448857104,21.552763809489093,6.918134439779659,21.0,0,-0.5527638094890932,21.564823144129768,20.75,21.25
2130.0,21.176391227055287,21.521237445939033,6.917639469736386,21.0,0,-0.5212374459390325,21.205973810438426,20.75,21.25
2131.0,21.173539476703823,21.494500345377674,6.917143039327238,21.0,0,-0.4945003453776735,21.227129339764083,20.75,21.25
2132.0,21.170688197416347,21.437230872524612,6.916645148930266,21.0,0,-0.4372308725246121,20.864536143994,20.75,21.25
2133.0,21.16783738880665,21.340061161759024,6.916145798924639,21.0,1,-0.34006116175902434,20.368364054103147,20.75,21.25
2134.0,21.184987050488672,21.427928949893506,6.91564498969063,21.0,0,-0.4279289498935057,22.30660683123832,20.75,21.25
2135.0,21.182133182076512,21.487912969710482,6.915142721609629,21.0,0,-0.48791296971048226,22.087753167880248,20.75,21.25
2136.0,21.17927978398442,21.483401639851188,6.914638995064134,21.0,0,-0.4834016398511878,21.438288341258243,20.75,21.25
2137.0,21.176426855826637,21.469438601414573,6.9141338104377565,21.0,0,-0.4694386014145735,21.32980821704843,20.75,21.25
2138.0,21.17357439721756,21.57161134364781,6.913627168115215,21.0,0,-0.5716113436478096,22.59333876598017,20.75,21.25
2139.0,21.17072240777174,21.5578240618247,6.91311906848234,21.0,0,-0.5578240618247001,21.419951243593605,20.75,21.25
2140.0,21.167870887103884,21.517748509239112,6.912609511926071,21.0,0,-0.5177485092391123,21.116992983383234,20.75,21.25
2141.0,21.16501983482885,21.531554276260728,6.9120984988344585,21.0,0,-0.5315542762607279,21.669611946476884,20.75,21.25
2142.0,21.16216925056165,21.517397374215005,6.91158602959666,21.0,0,-0.5173973742150046,21.375828353757772,20.75,21.25
2143.0,21.159319133917457,21.442186061005593,6.911072104602945,21.0,1,-0.442186061005593,20.690072928911476,20.75,21.25
2144.0,21.176469484511593,21.407356603738183,6.910556724244687,21.0,1,-0.40735660373818305,21.059062031064084,20.75,21.25
2145.0,21.19361630195954,21.36537940864488,6.9100398889143735,21.0,1,-0.3653794086448805,20.945607457711855,20.75,21.25
2146.0,21.210759586676932,21.410871905716718,6.909521599005595,21.0,0,-0.41087190571671783,21.86579687643509,20.75,21.25
2147.0,21.207899339079397,21.35959002812222,6.909001854913052,21.0,0,-0.35959002812221996,20.84677125217724,20.75,21.25
2148.0,21.205039559582563,21.466419446142865,6.908480657032554,21.0,0,-0.466419446142865,22.534713626349316,20.75,21.25
2149.0,21.20218024780205,21.49310190887048,6.907958005761014,21.0,0,-0.49310190887047867,21.759926536146615,20.75,21.25
2150.0,21.199321403353643,21.545720190653544,6.907433901496454,21.0,0,-0.5457201906535438,22.071903008484195,20.75,21.25
2151.0,21.196463025853273,21.505141360035072,6.906908344638002,21.0,0,-0.505141360035072,21.099353053850354,20.75,21.25
2152.0,21.19360511491703,21.571129544791283,6.906381335585894,21.0,0,-0.5711295447912832,22.231011392353395,20.75,21.25
2153.0,21.190747670161166,21.498727882074842,6.905852874741469,21.0,0,-0.4987278820748422,20.774711254910432,20.75,21.25
2154.0,21.18789069120208,21.54329520381794,6.905322962507173,21.0,0,-0.5432952038179408,21.988968421248927,20.75,21.25
2155.0,21.18503417765634,21.465970148772506,6.904791599286557,21.0,1,-0.46597014877250587,20.692719598318156,20.75,21.25
2156.0,21.202178129140666,21.421998384129807,6.904258785484277,21.0,1,-0.4219983841298074,20.982280737702823,20.75,21.25
2157.0,21.219318545271936,21.44482581000582,6.903724521506096,21.0,0,-0.44482581000582044,21.67310006876595,20.75,21.25
2158.0,21.21645542646718,21.42944954416681,6.903188807758877,21.0,0,-0.42944954416681114,21.275686885776718,20.75,21.25
2159.0,21.21359277314344,21.393601785062952,6.9026516446505894,21.0,0,-0.39360178506295185,21.03512419402436,20.75,21.25
2160.0,21.21073058491774,21.516770140290983,6.902113032590307,21.0,0,-0.5167701402909834,22.7484536925713,20.75,21.25
2161.0,21.207868861407274,21.553220421262736,6.901572971988207,21.0,0,-0.5532204212627363,21.917723230980265,20.75,21.25
2162.0,21.20500760222939,21.538997543939182,6.901031463255567,21.0,0,-0.5389975439391819,21.396768770703638,20.75,21.25
2163.0,21.202146807001597,21.574048589716107,6.900488506804772,21.0,0,-0.5740485897161065,21.924559047485353,20.75,21.25
2164.0,21.19928647534156,21.551868974980074,6.899944103049306,21.0,0,-0.5518689749800743,21.33007282761975,20.75,21.25
2165.0,21.1964266068671,21.54374307466025,6.8993982524037545,21.0,0,-0.5437430746602487,21.462484071461994,20.75,21.25
2166.0,21.193567201196206,21.543707176421606,6.898850955283808,21.0,0,-0.5437071764216057,21.543348194035175,20.75,21.25
2167.0,21.190708257947023,21.560603378098488,6.898302212106257,21.0,0,-0.560603378098488,21.72956539486731,20.75,21.25
2168.0,21.187849776737856,21.5987371683923,6.8977520232889935,21.0,0,-0.5987371683923008,21.98007507133043,20.75,21.25
2169.0,21.184991757187166,21.608845810173552,6.89720038925101,21.0,0,-0.6088458101735519,21.709932227986062,20.75,21.25
2170.0,21.18213419891358,21.55710701407806,6.896647310412399,21.0,0,-0.5571070140780598,21.03971905312314,20.75,21.25
2171.0,21.17927710153588,21.55180490795173,6.896092787194355,21.0,0,-0.5518049079517304,21.498783846688436,20.75,21.25
2172.0,21.17642046467301,21.49075123830931,6.895536820019172,21.0,0,-0.49075123830931133,20.88021454188512,20.75,21.25
2173.0,21.17356428794408,21.477576619297206,6.894979409310242,21.0,0,-0.4775766192972064,21.345830429176157,20.75,21.25
2174.0,21.170708570968355,21.539864076627982,6.894420555492058,21.0,0,-0.5398640766279819,22.162738649935736,20.75,21.25
2175.0,21.16785331336526,21.56488005104523,6.893860258990212,21.0,0,-0.564880051045229,21.8150397952177,20.75,21.25
2176.0,21.164998514754384,21.584299757974662,6.893298520231393,21.0,0,-0.5842997579746623,21.778496827268995,20.75,21.25
2177.0,21.16214417475548,21.57716485429823,6.892735339643391,21.0,0,-0.5771648542982284,21.50581581753389,20.75,21.25
2178.0,21.159290292988455,21.599059997899396,6.892170717655091,21.0,0,-0.5990599978993956,21.818011433911067,20.75,21.25
2179.0,21.15643686907339,21.53627229967823,6.8916046546964775,21.0,0,-0.536272299678231,20.908395317466585,20.75,21.25
2180.0,21.153583902630512,21.437651104497387,6.891037151198634,21.0,1,-0.4376511044973874,20.451439152688952,20.75,21.25
2181.0,21.170731393280224,21.373956467683893,6.890468207593736,21.0,1,-0.3739564676838931,20.73701009954895,20.75,21.25
2182.0,21.187875340643085,21.51153875517008,6.889897824315062,21.0,0,-0.5115387551700792,22.88736163003194,20.75,21.25
2183.0,21.185015745139818,21.509663052870092,6.889326001796981,21.0,0,-0.5096630528700921,21.49090602987022,20.75,21.25
2184.0,21.18215660719115,21.54320057388047,6.888752740474962,21.0,0,-0.543200573880469,21.87857578398424,20.75,21.25
2185.0,21.179297926417807,21.6342403849545,6.888178040785569,21.0,0,-0.6342403849544986,22.544638495694794,20.75,21.25
2186.0,21.17643970244068,21.64842456003316,6.887601903166459,21.0,0,-0.6484245600331597,21.79026631081977,20.75,21.25
2187.0,21.173581934880822,21.58395008294966,6.887024328056388,21.0,0,-0.5839500829496593,20.939205312114655,20.75,21.25
2188.0,21.170724623359458,21.521198947093275,6.886445315895202,21.0,0,-0.521198947093275,20.89368758852943,20.75,21.25
2189.0,21.167867767497967,21.478507599421157,6.885864867123846,21.0,0,-0.4785075994211567,21.051594122699974,20.75,21.25
2190.0,21.16501136691789,21.429635966769478,6.885282982184357,21.0,0,-0.429635966769478,20.94091964025269,20.75,21.25
2191.0,21.162155421240946,21.554548861940056,6.884699661519864,21.0,0,-0.5545488619400558,22.803677813645834,20.75,21.25
2192.0,21.159299930089002,21.529317880432977,6.884114905574593,21.0,0,-0.529317880432977,21.27700806536219,20.75,21.25
2193.0,21.1564448930841,21.551149870197673,6.883528714793861,21.0,0,-0.5511498701976727,21.76946976784463,20.75,21.25
2194.0,21.153590309848443,21.534942894527344,6.882941089624076,21.0,0,-0.5349428945273438,21.372873137824055,20.75,21.25
2195.0,21.150736180004397,21.614750829763665,6.882352030512742,21.0,0,-0.6147508297636648,22.412830182126875,20.75,21.25
2196.0,21.1478825031745,21.491173547702637,6.881761537908451,21.0,1,-0.4911735477026369,20.255400727092358,20.75,21.25
2197.0,21.165029278981446,21.41958483662849,6.881169612260891,21.0,1,-0.41958483662849133,20.703697725887036,20.75,21.25
2198.0,21.1821725070481,21.42660072042838,6.880576254020838,21.0,0,-0.4266007204283788,21.496759558427254,20.75,21.25
2199.0,21.179312187797496,21.433081725634864,6.87998146364016,21.0,0,-0.4330817256348638,21.497891777699714,20.75,21.25
2200.0,21.176452321652665,21.412506039693127,6.879385241571817,21.0,0,-0.4125060396931275,21.206749180275764,20.75,21.25
2201.0,21.17359290823665,21.35107179633963,6.878787588269857,21.0,1,-0.3510717963396317,20.736729362804674,20.75,21.25
2202.0,21.190733947172657,21.437366060984925,6.878188504189419,21.0,0,-0.4373660609849246,22.300308707437853,20.75,21.25
2203.0,21.18787143808406,21.44258718129085,6.877587989786731,21.0,0,-0.4425871812908504,21.49479838435011,20.75,21.25
2204.0,21.1850093813944,21.380326738122665,6.8769860455191125,21.0,0,-0.3803267381226654,20.757722306440815,20.75,21.25
2205.0,21.182147776727227,21.320526087782792,6.8763826718449685,21.0,1,-0.3205260877827918,20.722519584384056,20.75,21.25
2206.0,21.19928662370625,21.444809771619667,6.875777869223795,21.0,0,-0.44480977161966706,22.68764660998842,20.75,21.25
2207.0,21.196421921955352,21.46530653848547,6.875171638116177,21.0,0,-0.4653065384854713,21.670274207143514,20.75,21.25
2208.0,21.193557671898585,21.471637316951863,6.874563978983783,21.0,0,-0.4716373169518633,21.534945101615783,20.75,21.25
2209.0,21.19069387316,21.629021466163408,6.873954892289374,21.0,0,-0.6290214661634081,23.202862958278857,20.75,21.25
2210.0,21.187830525363825,21.597529524516244,6.873344378496795,21.0,0,-0.5975295245162435,21.282610108044597,20.75,21.25
2211.0,21.18496762813445,21.525341235845108,6.8727324380709796,21.0,0,-0.525341235845108,20.803458349133752,20.75,21.25
2212.0,21.18210518109644,21.47942710788795,6.872119071477947,21.0,0,-0.4794271078879504,21.020285828316375,20.75,21.25
2213.0,21.179243183874515,21.50669424914907,6.871504279184801,21.0,0,-0.5066942491490707,21.779365661760274,20.75,21.25
2214.0,21.176381636093577,21.37934113212147,6.870888061659734,21.0,1,-0.37934113212147125,20.105809961845477,20.75,21.25
2215.0,21.19352053737869,21.43560971992425,6.870270419372023,21.0,0,-0.43560971992425124,21.99829559795205,20.75,21.25
2216.0,21.19065588735509,21.529714544661967,6.869651352792029,21.0,0,-0.5297145446619673,22.470762792039128,20.75,21.25
2217.0,21.187791686448175,21.555181580969403,6.869030862391197,21.0,0,-0.5551815809694034,21.809851944043764,20.75,21.25
2218.0,21.184927934283365,21.49147070066235,6.86840894864206,21.0,0,-0.4914707006623509,20.854361897591826,20.75,21.25
2219.0,21.182064630486238,21.536237806328486,6.867785612018229,21.0,0,-0.5362378063284865,21.983908862989843,20.75,21.25
2220.0,21.179201774682543,21.622887626090055,6.867160852994403,21.0,0,-0.6228876260900549,22.48938582370574,20.75,21.25
2221.0,21.176339366498205,21.61627257767409,6.866534672046365,21.0,0,-0.6162725776740885,21.550122093514425,20.75,21.25
2222.0,21.173477405559314,21.619657026153366,6.865907069650978,21.0,0,-0.6196570261533658,21.65350151094614,20.75,21.25
2223.0,21.170615891492133,21.5737389292472,6.865278046286188,21.0,0,-0.5737389292471988,21.11455796018553,20.75,21.25
2224.0,21.167754823923094,21.592040020243978,6.864647602431024,21.0,0,-0.592040020243978,21.77505093021177,20.75,21.25
2225.0,21.164894202478795,21.4929449020272,6.864015738565597,21.0,1,-0.492944902027201,20.50199371985943,20.75,21.25
2226.0,21.182034026786013,21.45167092991416,6.863382455171098,21.0,1,-0.4516709299141617,21.03893120878377,20.75,21.25
2227.0,21.19917029647169,21.41180223216729,6.8627477527298,21.0,1,-0.4118022321672896,21.01311525469857,20.75,21.25
2228.0,21.21630301196294,21.43110343867381,6.862111631725057,21.0,0,-0.4311034386738086,21.624115503739,20.75,21.25
2229.0,21.21343217368689,21.436999438094638,6.861474092641302,21.0,0,-0.43699943809463804,21.495959432302932,20.75,21.25
2230.0,21.21056178207068,21.432047334630916,6.860835135964049,21.0,0,-0.4320473346309157,21.382526299993692,20.75,21.25
2231.0,21.20769183674146,21.357516268136056,6.860194762179892,21.0,1,-0.35751626813605597,20.61220560318746,20.75,21.25
2232.0,21.224822337326547,21.398766371349847,6.859552971776503,21.0,0,-0.39876637134984705,21.811267403487758,20.75,21.25
2233.0,21.221949283453437,21.384570249549792,6.8589097652426325,21.0,0,-0.38457024954979246,21.242609031549247,20.75,21.25
2234.0,21.219076675549793,21.33518031863934,6.858265143068112,21.0,0,-0.3351803186393383,20.841281009534796,20.75,21.25
2235.0,21.216204513243298,21.42188046617462,6.857619105743849,21.0,0,-0.4218804661746205,22.288881941527443,20.75,21.25
2236.0,21.213332796161797,21.491059203772075,6.856971653761827,21.0,0,-0.4910592037720747,22.182846579746617,20.75,21.25
2237.0,21.21046152393332,21.540213590110163,6.856322787615111,21.0,0,-0.540213590110163,22.031757453491046,20.75,21.25
2238.0,21.207590696186056,21.59096471440763,6.8556725077978395,21.0,0,-0.5909647144076295,22.098475957382295,20.75,21.25
2239.0,21.20472031254838,21.584266701856208,6.85502081480523,21.0,0,-0.5842667018562082,21.517286576341995,20.75,21.25
2240.0,21.20185037264883,21.49700276243808,6.854367709133575,21.0,1,-0.49700276243807906,20.624363368256788,20.75,21.25
2241.0,21.218980876116127,21.452420796503382,6.853713191280241,21.0,1,-0.4524207965033824,21.006601137156416,20.75,21.25
2242.0,21.23610782257916,21.39761782484183,6.8530572617436745,21.0,1,-0.3976178248418307,20.849588108226314,20.75,21.25
2243.0,21.253231212466993,21.469112270768456,6.852399921023393,21.0,0,-0.46911227076845563,22.184056730034705,20.75,21.25
2244.0,21.250351046208703,21.527018887825943,6.85174116961999,21.0,0,-0.5270188878259425,22.10608505840081,20.75,21.25
2245.0,21.247471324233384,21.49337214255529,6.851081008035133,21.0,0,-0.49337214255529105,21.156904689848776,20.75,21.25
2246.0,21.244592046170144,21.501827346172316,6.850419436771564,21.0,0,-0.5018273461723162,21.586379382342567,20.75,21.25
2247.0,21.241713211648264,21.45306643707729,6.8497564563330995,21.0,0,-0.45306643707728966,20.965457346127025,20.75,21.25
2248.0,21.2388348202972,21.31994566547344,6.8490920672246265,21.0,1,-0.3199456654734405,19.98873794943495,20.75,21.25
2249.0,21.255956871746584,21.355060238368246,6.848426269952107,21.0,0,-0.35506023836824596,21.7062059673163,20.75,21.25
2250.0,21.253075365626223,21.428500322061524,6.847759065022574,21.0,0,-0.4285003220615238,22.162901158994302,20.75,21.25
2251.0,21.250194302366104,21.381596399005105,6.847090452944133,21.0,0,-0.38159639900510456,20.912557168440912,20.75,21.25
2252.0,21.24731368159622,21.506864471468987,6.846420434225962,21.0,0,-0.5068644714689867,22.75954519610781,20.75,21.25
2253.0,21.244433502946748,21.598145941275533,6.845749009378308,21.0,0,-0.5981459412755328,22.510960639340993,20.75,21.25
2254.0,21.241553766048035,21.558759546119656,6.8450761789124925,21.0,0,-0.5587595461196564,21.164895594560893,20.75,21.25
2255.0,21.238674470530608,21.620593317364058,6.844401943340904,21.0,0,-0.6205933173640581,22.238931029808075,20.75,21.25
2256.0,21.235795616025168,21.731053598797324,6.843726303177001,21.0,0,-0.7310535987973239,22.835656413129982,20.75,21.25
2257.0,21.2329172021626,21.71434015482323,6.843049258935315,21.0,0,-0.7143401548232298,21.54720571508229,20.75,21.25
2258.0,21.230039228573954,21.701959393262676,6.842370811131443,21.0,0,-0.7019593932626762,21.57815177765714,20.75,21.25
2259.0,21.227161694890466,21.704264732452437,6.841690960282053,21.0,0,-0.7042647324524367,21.72731812435004,20.75,21.25
2260.0,21.224284600743545,21.625964622131914,6.841009706904881,21.0,0,-0.6259646221319137,20.842963518926684,20.75,21.25
2261.0,21.221407945764778,21.58127076464831,6.840327051518731,21.0,0,-0.5812707646483091,21.134332189812262,20.75,21.25
2262.0,21.21853172958593,21.493090299790545,6.839642994643476,21.0,1,-0.49309029979054486,20.611285651212903,20.75,21.25
2263.0,21.235655951838943,21.490786669265038,6.838957536800052,21.0,0,-0.490786669265038,21.46775036400997,20.75,21.25
2264.0,21.232776612155934,21.37960714018441,6.838270678510469,21.0,1,-0.37960714018441166,20.26781184937815,20.75,21.25
2265.0,21.249897710969204,21.359896261489382,6.837582420297797,21.0,1,-0.35989626148938214,21.162787474539087,20.75,21.25
2266.0,21.26701524791107,21.36748450912417,6.836892762686174,21.0,0,-0.3674845091241714,21.443366985472064,20.75,21.25
2267.0,21.264129223414024,21.3523705401441,6.836201706200806,21.0,0,-0.35237054014410063,21.201230850343393,20.75,21.25
2268.0,21.26124363791058,21.3369549086811,6.835509251367963,21.0,0,-0.33695490868110056,21.1827985940511,20.75,21.25
2269.0,21.258358491033274,21.490386484705095,6.8348153987149765,21.0,0,-0.4903864847050947,23.024702244945036,20.75,21.25
2270.0,21.25547378241481,21.5325433662346,6.834120148770248,21.0,0,-0.5325433662345986,21.954112181529638,20.75,21.25
2271.0,21.252589511688083,21.562631652083745,6.833423502063241,21.0,0,-0.5626316520837449,21.863514510575207,20.75,21.25
2272.0,21.24970567848616,21.65116739269984,6.832725459124479,21.0,0,-0.6511673926998398,22.53652479886079,20.75,21.25
2273.0,21.246822282442285,21.690202975323533,6.832026020485555,21.0,0,-0.6902029753235333,22.080558801560468,20.75,21.25
2274.0,21.243939323189892,21.568434385054438,6.8313251866791225,21.0,1,-0.568434385054438,20.350748482363485,20.75,21.25
2275.0,21.26105680036259,21.491273972060597,6.830622958238894,21.0,1,-0.491273972060597,20.719669842122187,20.75,21.25
2276.0,21.278170713594164,21.456526666947184,6.82991933569965,21.0,1,-0.4565266669471839,21.109053615813053,20.75,21.25
2277.0,21.295281063318587,21.479320969941988,6.829214319597227,21.0,0,-0.4793209699419876,21.707263999890024,20.75,21.25
2278.0,21.292387849969842,21.420528469201937,6.828507910468527,21.0,0,-0.42052846920193687,20.83260346180143,20.75,21.25
2279.0,21.289495073981943,21.466141399038285,6.827800108851512,21.0,0,-0.46614139903828544,21.92227069740177,20.75,21.25
2280.0,21.286602734988918,21.538799207652225,6.8270909152852015,21.0,0,-0.5387992076522252,22.265377293791623,20.75,21.25
2281.0,21.283710832624976,21.548952097787883,6.8263803303096795,21.0,0,-0.5489520977878826,21.650480999144456,20.75,21.25
2282.0,21.280819366524515,21.519803720248042,6.825668354466085,21.0,0,-0.5198037202480421,21.228319944849638,20.75,21.25
2283.0,21.277928336322102,21.5625728025164,6.824954988296621,21.0,0,-0.5625728025163994,21.990263625199972,20.75,21.25
2284.0,21.275037741652497,21.580068017454145,6.824240232344546,21.0,0,-0.5800680174541455,21.755020166831606,20.75,21.25
2285.0,21.272147582150634,21.57692848214697,6.823524087154177,21.0,0,-0.5769284821469682,21.545533129075196,20.75,21.25
2286.0,21.269257857451635,21.56723657933088,6.82280655327089,21.0,0,-0.5672365793308813,21.470317551170012,20.75,21.25
2287.0,21.2663685671908,21.57653376216136,6.82208763124112,21.0,0,-0.5765337621613611,21.66950559046616,20.75,21.25
2288.0,21.26347971100361,21.543097962882864,6.821367321612354,21.0,0,-0.5430979628828645,21.2087399700979,20.75,21.25
2289.0,21.26059128852573,21.48796335363433,6.820645624933142,21.0,0,-0.4879633536343313,20.936617261149,20.75,21.25
2290.0,21.25770329939301,21.486077771182455,6.819922541753087,21.0,0,-0.48607777118245465,21.467221946663688,20.75,21.25
2291.0,21.254815743241483,21.473014222184382,6.8191980726228465,21.0,0,-0.47301422218438205,21.342378732203656,20.75,21.25
2292.0,21.25192861970736,21.44940873870225,6.818472218094137,21.0,0,-0.4494087387022496,21.213353903880925,20.75,21.25
2293.0,21.249041928427037,21.45902891941995,6.817744978719729,21.0,0,-0.45902891941994994,21.555230726596953,20.75,21.25
2294.0,21.246155669037094,21.54723146526275,6.817016355053443,21.0,0,-0.547231465262751,22.42925692369076,20.75,21.25
2295.0,21.243269841174296,21.572588282896234,6.816286347650163,21.0,0,-0.5725882828962341,21.826156459231065,20.75,21.25
2296.0,21.24038444447559,21.66378507203692,6.815554957065817,21.0,0,-0.6637850720369194,22.575752963443772,20.75,21.25
2297.0,21.23749947857811,21.61178007888705,6.814822183857394,21.0,0,-0.6117800788870511,21.09173014738837,20.75,21.25
2298.0,21.234614943119166,21.579890028216816,6.81408802858293,21.0,0,-0.5798900282168162,21.260989521514468,20.75,21.25
2299.0,21.231730837736258,21.557377645151924,6.813352491801518,21.0,0,-0.5573776451519237,21.332253814502998,20.75,21.25
2300.0,21.228847162067073,21.574801288725048,6.8126155740733,21.0,0,-0.5748012887250482,21.749037724456294,20.75,21.25
2301.0,21.225963915749475,21.510371098146933,6.811877275959472,21.0,0,-0.5103710981469334,20.866069192365785,20.75,21.25
2302.0,21.223081098421517,21.519637723487186,6.811137598022279,21.0,0,-0.5196377234871861,21.612303976889713,20.75,21.25
2303.0,21.220198709721437,21.54925459586251,6.810396540825019,21.0,0,-0.5492545958625108,21.845423319615758,20.75,21.25
2304.0,21.217316749287658,21.52328474219022,6.809654104932039,21.0,0,-0.5232847421902207,21.26358620546732,20.75,21.25
2305.0,21.214435216758787,21.47127716001004,6.808910290908736,21.0,0,-0.4712771600100396,20.95120133820823,20.75,21.25
2306.0,21.211554111773616,21.44724793476869,6.808165099321557,21.0,0,-0.44724793476868996,21.206955682355193,20.75,21.25
2307.0,21.208673433971125,21.462056520317184,6.807418530737998,21.0,0,-0.4620565203171836,21.61014237580212,20.75,21.25
2308.0,21.20579318299048,21.47976195032836,6.806670585726602,21.0,0,-0.4797619503283599,21.656816250440123,20.75,21.25
2309.0,21.202913358471026,21.449115019393464,6.805921264856963,21.0,0,-0.44911501939346365,21.1426457100445,20.75,21.25
2310.0,21.200033960052302,21.41274507617666,6.8051705686997215,21.0,0,-0.4127450761766589,21.04904564400861,20.75,21.25
2311.0,21.19715498737403,21.404129816786345,6.804418497826565,21.0,0,-0.4041298167863445,21.3179772228832,20.75,21.25
2312.0,21.19427644007612,21.436104628143493,6.803665052810228,21.0,0,-0.43610462814349304,21.75585274171498,20.75,21.25
2313.0,21.191398317798665,21.402166347121902,6.802910234224491,21.0,0,-0.40216634712190213,21.062783536905993,20.75,21.25
2314.0,21.18852062018195,21.43095432330678,6.802154042644183,21.0,0,-0.4309543233067785,21.718834085155542,20.75,21.25
2315.0,21.185643346866442,21.458196679139018,6.8013964786451755,21.0,0,-0.45819667913901796,21.730620237461412,20.75,21.25
2316.0,21.182766497492796,21.552966602253367,6.800637542804387,21.0,0,-0.5529666022533668,22.500665833396855,20.75,21.25
2317.0,21.17989007170186,21.53419421037929,6.79987723569978,21.0,0,-0.5341942103792903,21.346470291638525,20.75,21.25
2318.0,21.177014069134657,21.61645199912693,6.799115557910361,21.0,0,-0.6164519991269302,22.43902988660333,20.75,21.25
2319.0,21.174138489432412,21.678842850388058,6.798352510016181,21.0,0,-0.6788428503880581,22.302751362999338,20.75,21.25
2320.0,21.171263332236528,21.73209821549251,6.7975880925983345,21.0,0,-0.7320982154925098,22.264651866537026,20.75,21.25
2321.0,21.1683885971886,21.668043943476015,6.7968223062389574,21.0,0,-0.6680439434760146,21.027501223311063,20.75,21.25
2322.0,21.16551428393041,21.67480595461092,6.796055151521231,21.0,0,-0.6748059546109211,21.742426065959986,20.75,21.25
2323.0,21.162640392103928,21.59258273332555,6.795286629029377,21.0,0,-0.5925827333255498,20.770350520471837,20.75,21.25
2324.0,21.159766921351313,21.5790363314254,6.794516739348657,21.0,0,-0.5790363314253995,21.443572312423896,20.75,21.25
2325.0,21.156893871314914,21.5632266693735,6.7937454830653765,21.0,0,-0.5632266693734991,21.405130048854495,20.75,21.25
2326.0,21.154021241637263,21.552141097270944,6.792972860766881,21.0,0,-0.552141097270944,21.441285376245393,20.75,21.25
2327.0,21.15114903196109,21.50615657910227,6.7921988730415555,21.0,0,-0.5061565791022709,21.04631139741554,20.75,21.25
2328.0,21.148277241929307,21.543308472497237,6.791423520478826,21.0,0,-0.5433084724972375,21.914827406446904,20.75,21.25
2329.0,21.145405871185016,21.48982518821513,6.790646803669156,21.0,0,-0.48982518821512855,20.95499234539404,20.75,21.25
2330.0,21.142534919371514,21.470265488304214,6.78986872320405,21.0,0,-0.47026548830421433,21.274668489195072,20.75,21.25
2331.0,21.13966438613228,21.44311755455987,6.78908927967605,21.0,0,-0.4431175545598691,21.171638217116417,20.75,21.25
2332.0,21.13679427111099,21.461243641115075,6.788308473678736,21.0,0,-0.4612436411150753,21.642504506667137,20.75,21.25
2333.0,21.133924573951504,21.448365800427034,6.787526305806726,21.0,0,-0.4483658004270339,21.31958739354662,20.75,21.25
2334.0,21.131055294297873,21.43703214692003,6.786742776655675,21.0,0,-0.43703214692002845,21.323695611849974,20.75,21.25
2335.0,21.128186431794344,21.40929868815337,6.785957886822274,21.0,0,-0.40929868815337045,21.13196410048679,20.75,21.25
2336.0,21.12531798608535,21.44031392625662,6.785171636904251,21.0,0,-0.44031392625662136,21.75046630728913,20.75,21.25
2337.0,21.12244995681551,21.435060829884797,6.784384027500369,21.0,0,-0.43506082988479733,21.382529866166557,20.75,21.25
2338.0,21.11958234362965,21.449032150765426,6.783595059210429,21.0,0,-0.4490321507654258,21.58874535957171,20.75,21.25
2339.0,21.116715146172766,21.376895096198353,6.782804732635261,21.0,1,-0.3768950961983535,20.65552455052763,20.75,21.25
2340.0,21.133848364090056,21.420492802823677,6.782013048376736,21.0,0,-0.4204928028236772,21.856469869076914,20.75,21.25
2341.0,21.130977997026914,21.366133997353813,6.781220007037755,21.0,0,-0.36613399735381336,20.822545942655175,20.75,21.25
2342.0,21.128108045428917,21.39854384460767,6.780425609222253,21.0,0,-0.39854384460766923,21.722642317146228,20.75,21.25
2343.0,21.125238508941674,21.38918025753215,6.7796298555352,21.0,0,-0.3891802575321499,21.295544386776957,20.75,21.25
2344.0,21.12236938721099,21.425964978481034,6.778832746582595,21.0,0,-0.42596497848103354,21.79381218796987,20.75,21.25
2345.0,21.119500679882865,21.479511270960323,6.778034282971473,21.0,0,-0.4795112709603231,22.01497419575322,20.75,21.25
2346.0,21.116632386603484,21.442297431426407,6.777234465309897,21.0,0,-0.44229743142640743,21.07015903608725,20.75,21.25
2347.0,21.113764507019226,21.341980240754733,6.776433294206965,21.0,1,-0.341980240754733,20.33880833403799,20.75,21.25
2348.0,21.130897040776663,21.312702836799577,6.7756307702728025,21.0,1,-0.312702836799577,21.019928797248017,20.75,21.25
2349.0,21.148025987522562,21.30721319243664,6.774826894118567,21.0,0,-0.3072131924366417,21.25231674880729,20.75,21.25
2350.0,21.14515134770388,21.212576930805106,6.774021666356443,21.0,1,-0.2125769308051062,20.26621431448975,20.75,21.25
2351.0,21.162277121767612,21.28178259018032,6.77321508759965,21.0,0,-0.28178259018032037,21.973839183932462,20.75,21.25
2352.0,21.15939930936078,21.364555505506516,6.772407158462429,21.0,0,-0.36455550550651594,22.19228465876847,20.75,21.25
2353.0,21.1565219109306,21.437666345000473,6.771597879560057,21.0,0,-0.43766634500047275,22.16877473994004,20.75,21.25
2354.0,21.153644926124326,21.512340458751662,6.770787251508832,21.0,0,-0.5123404587516625,22.25908159626356,20.75,21.25
2355.0,21.150768354589403,21.56537915204173,6.769975274926084,21.0,0,-0.5653791520417286,22.09576608494239,20.75,21.25
2356.0,21.14789219597347,21.547163529413613,6.769161950430168,21.0,0,-0.5471635294136128,21.365007303132455,20.75,21.25
2357.0,21.14501644992436,21.503548098887006,6.768347278640467,21.0,0,-0.5035480988870056,21.067393793620933,20.75,21.25
2358.0,21.1421411160901,21.422185624062983,6.767531260177387,21.0,1,-0.4221856240629833,20.60856087582276,20.75,21.25
2359.0,21.15926619411892,21.387563902256236,6.766713895662363,21.0,1,-0.38756390225623605,21.041346684188763,20.75,21.25
2360.0,21.17638768365923,21.337377465185135,6.765895185717854,21.0,1,-0.3373774651851349,20.835513094474123,20.75,21.25
2361.0,21.19350558515964,21.39047679959968,6.765075130967342,21.0,0,-0.3904767995996785,21.921470143745115,20.75,21.25
2362.0,21.190619899068803,21.463120884055037,6.7642537320353355,21.0,0,-0.46312088405503715,22.189561728608624,20.75,21.25
2363.0,21.187734625835397,21.497019989606763,6.7634309895473645,21.0,0,-0.49701998960676264,21.836011045124017,20.75,21.25
2364.0,21.18484976510814,21.4463910258226,6.762606904129985,21.0,0,-0.4463910258225994,20.940101387980967,20.75,21.25
2365.0,21.181965316535944,21.456129181288038,6.761781476410771,21.0,0,-0.4561291812880377,21.55351073594242,20.75,21.25
2366.0,21.179081279767917,21.40023022258753,6.760954707018324,21.0,0,-0.40023022258753116,20.841240635582466,20.75,21.25
2367.0,21.176197654453368,21.369047125954257,6.760126596582264,21.0,0,-0.3690471259542569,21.057216159621515,20.75,21.25
2368.0,21.173314440241793,21.350582198799547,6.759297145733233,21.0,0,-0.3505821987995468,21.165932927252445,20.75,21.25
2369.0,21.17043163678289,21.382571990058743,6.758466355102895,21.0,0,-0.382571990058743,21.702469902650705,20.75,21.25
2370.0,21.167549243726555,21.413925252843978,6.7576342253239305,21.0,0,-0.41392525284397763,21.727457880696324,20.75,21.25
2371.0,21.164667260722876,21.432042985249417,6.756800757030046,21.0,0,-0.4320429852494172,21.613220309303813,20.75,21.25
2372.0,21.16178568742214,21.384261148951236,6.755965950855961,21.0,0,-0.38426114895123575,20.90644278596942,20.75,21.25
2373.0,21.158904523474824,21.412211630899215,6.755129807437418,21.0,0,-0.41221163089921475,21.691716450379005,20.75,21.25
2374.0,21.156023768531618,21.431341183713197,6.754292327411178,21.0,0,-0.4313411837131973,21.622636711853023,20.75,21.25
2375.0,21.153143422243396,21.331395899222024,6.753453511415016,21.0,1,-0.3313958992220236,20.331943054310287,20.75,21.25
2376.0,21.17026348426123,21.288502573848195,6.752613360087727,21.0,1,-0.288502573848195,20.85956932010991,20.75,21.25
2377.0,21.187379954236395,21.27513711820057,6.751771874069124,21.0,1,-0.2751371182005684,21.141482561724303,20.75,21.25
2378.0,21.20449283262036,21.27503323517033,6.750929054000036,21.0,0,-0.27503323517032996,21.273994404867945,20.75,21.25
2379.0,21.201602119864635,21.366866630730964,6.750084900522305,21.0,0,-0.36686663073096426,22.285200586337307,20.75,21.25
2380.0,21.198711816420765,21.445984339403033,6.749239414278792,21.0,0,-0.44598433940303295,22.23716142612372,20.75,21.25
2381.0,21.195821921940336,21.492815486785485,6.748392595913371,21.0,0,-0.49281548678548504,21.961126960610006,20.75,21.25
2382.0,21.192932436075132,21.577285432279577,6.747544446070931,21.0,0,-0.5772854322795773,22.4219848872205,20.75,21.25
2383.0,21.19004335847713,21.593963671414716,6.746694965397375,21.0,0,-0.5939636714147163,21.760746062766106,20.75,21.25
2384.0,21.187154688798515,21.50925828304152,6.74584415453962,21.0,1,-0.5092582830415218,20.662204399309577,20.75,21.25
2385.0,21.204266426691664,21.488218988495447,6.744992014145594,21.0,0,-0.4882189884954471,21.2778260430347,20.75,21.25
2386.0,21.201374571809154,21.5090340618331,6.744138544864241,21.0,0,-0.5090340618330984,21.71718479520961,20.75,21.25
2387.0,21.198483124603765,21.485438293963092,6.743283747345514,21.0,0,-0.48543829396309235,21.249480615263032,20.75,21.25
2388.0,21.195592084728315,21.452908501982797,6.742427622240379,21.0,0,-0.4529085019827974,21.127610582179848,20.75,21.25
2389.0,21.192701451835816,21.498922845772608,6.741570170200812,21.0,0,-0.4989228457726078,21.959066283670712,20.75,21.25
2390.0,21.18981122557949,21.57322462854209,6.740711391879799,21.0,0,-0.5732246285420892,22.316242456236903,20.75,21.25
2391.0,21.18692140561275,21.624531230466893,6.739851287931339,21.0,0,-0.6245312304668929,22.13759724971493,20.75,21.25
2392.0,21.184031991589215,21.580863807938186,6.738989859010438,21.0,0,-0.5808638079381865,21.144189582651123,20.75,21.25
2393.0,21.1811429831627,21.606106104388154,6.738127105773111,21.0,0,-0.6061061043881537,21.858529068887826,20.75,21.25
2394.0,21.178254379987223,21.568872949435615,6.737263028876383,21.0,0,-0.5688729494356153,21.19654139991023,20.75,21.25
2395.0,21.175366181717,21.558520932450357,6.736397628978285,21.0,0,-0.5585209324503566,21.45500076259777,20.75,21.25
2396.0,21.17247838800645,21.443922438775463,6.735530906737857,21.0,1,-0.4439224387754628,20.297937502026524,20.75,21.25
2397.0,21.189590998510198,21.458111450199986,6.734662862815146,21.0,0,-0.45811145019998634,21.600001564445222,20.75,21.25
2398.0,21.18670001288306,21.50938039590724,6.733793497871206,21.0,0,-0.5093803959072396,22.022069852979772,20.75,21.25
2399.0,21.183809431580055,21.512790708551684,6.732922812568095,21.0,0,-0.5127907085516838,21.546893834996126,20.75,21.25
2400.0,21.180919254256253,21.447948655938795,6.732050807568878,21.0,0,-0.44794865593879507,20.799528129809907,20.75,21.25
2401.0,21.178029480566916,21.524734914355257,6.731177483537624,21.0,0,-0.5247349143552569,22.292597498519875,20.75,21.25
2402.0,21.17514011016751,21.490820213531276,6.730302841139409,21.0,0,-0.4908202135312756,21.151673205291463,20.75,21.25
2403.0,21.172251142713705,21.393058992046587,6.72942688104031,21.0,1,-0.393058992046587,20.4154467771997,20.75,21.25
2404.0,21.18936257786137,21.420284686933776,6.7285496039074095,21.0,0,-0.4202846869337762,21.692541635805668,20.75,21.25
2405.0,21.18647041526658,21.457755667767998,6.727671010408791,21.0,0,-0.4577556677679979,21.832465476110215,20.75,21.25
2406.0,21.18357865538561,21.47255875489674,6.726791101213544,21.0,0,-0.47255875489673826,21.62058962618414,20.75,21.25
2407.0,21.180687297874776,21.598810419425583,6.7259098769917545,21.0,0,-0.5988104194255826,22.861327064714025,20.75,21.25
2408.0,21.1777963423906,21.57745635847035,6.725027338414515,21.0,0,-0.57745635847035,21.363915748918025,20.75,21.25
2409.0,21.174905788589804,21.554824229604037,6.724143486153917,21.0,0,-0.5548242296040371,21.328502940940908,20.75,21.25
2410.0,21.172015636129316,21.572571700679845,6.723258320883052,21.0,0,-0.5725717006798448,21.75004641143792,20.75,21.25
2411.0,21.16912588466627,21.523739664528257,6.722371843276012,21.0,0,-0.5237396645282573,21.035419303012382,20.75,21.25
2412.0,21.16623653385799,21.47029376108454,6.721484054007887,21.0,0,-0.470293761084541,20.93583472664738,20.75,21.25
2413.0,21.16334758336202,21.52119973225406,6.72059495375477,21.0,0,-0.5211997322540611,22.030259443949262,20.75,21.25
2414.0,21.1604590328361,21.494149095746142,6.719704543193747,21.0,0,-0.49414909574614185,21.22364273066695,20.75,21.25
2415.0,21.157570881938174,21.45644019114171,6.718812823002906,21.0,0,-0.4564401911417093,21.079351145097384,20.75,21.25
2416.0,21.154683130326386,21.46610450109673,6.717919793861329,21.0,0,-0.46610450109672996,21.562747600646937,20.75,21.25
2417.0,21.151795777659093,21.475966102202506,6.7170254564490985,21.0,0,-0.4759661022025057,21.574582113260263,20.75,21.25
2418.0,21.14890882359485,21.445654924019912,6.7161298114472885,21.0,0,-0.44565492401991236,21.14254314219398,20.75,21.25
2419.0,21.14602226779242,21.465196278443052,6.715232859537975,21.0,0,-0.46519627844305234,21.660609822674452,20.75,21.25
2420.0,21.14313610991077,21.46793708642287,6.714334601404225,21.0,0,-0.4679370864228716,21.495345166221064,20.75,21.25
2421.0,21.14025034960907,21.384951602914562,6.7134350377300995,21.0,1,-0.3849516029145619,20.555096767831465,20.75,21.25
2422.0,21.157364986546693,21.348306623453787,6.712534169200657,21.0,1,-0.34830662345378727,20.98185682884604,20.75,21.25
2423.0,21.174476020383224,21.452056329263268,6.711631996501946,21.0,0,-0.452056329263268,22.489553387358075,20.75,21.25
2424.0,21.17158345157845,21.496140359696106,6.710728520321013,21.0,0,-0.49614035969610626,21.93698066402449,20.75,21.25
2425.0,21.1686912805922,21.43124894864452,6.709823741345893,21.0,0,-0.43124894864451946,20.78233483812865,20.75,21.25
2426.0,21.16579950708435,21.45657618111477,6.708917660265614,21.0,0,-0.4565761811147695,21.70984850581727,20.75,21.25
2427.0,21.16290813071499,21.564524529115157,6.708010277770199,21.0,0,-0.5645245291151575,22.644008009119037,20.75,21.25
2428.0,21.160017151144398,21.470894023755864,6.707101594550655,21.0,1,-0.4708940237558643,20.534588970162932,20.75,21.25
2429.0,21.177126568033078,21.43573488932966,6.706191611298986,21.0,1,-0.43573488932965887,21.084143545067604,20.75,21.25
2430.0,21.19423238104173,21.434062136952377,6.705280328708184,21.0,0,-0.4340621369523774,21.417334613179563,20.75,21.25
2431.0,21.191334590631264,21.491821462208513,6.704367747472231,21.0,0,-0.4918214622085131,22.06941471476987,20.75,21.25
2432.0,21.188437197262633,21.485749170108907,6.703453868286095,21.0,0,-0.4857491701089067,21.425026249112843,20.75,21.25
2433.0,21.185540200596837,21.464589972067024,6.702538691845737,21.0,0,-0.46458997206702435,21.2529979916482,20.75,21.25
2434.0,21.182643600295087,21.395567016784575,6.701622218848103,21.0,1,-0.3955670167845753,20.705337463960085,20.75,21.25
2435.0,21.199747396018797,21.39681984338312,6.700704449991126,21.0,0,-0.3968198433831205,21.409348109368572,20.75,21.25
2436.0,21.19684758742959,21.37332796497413,6.699785385973728,21.0,0,-0.37332796497413057,21.13840918088423,20.75,21.25
2437.0,21.1939481749893,21.263954759106152,6.698865027495816,21.0,1,-0.2639547591061522,20.17022270042637,20.75,21.25
2438.0,21.2110491583598,21.346844782863045,6.6979433752582835,21.0,0,-0.34684478286304454,22.175745020431968,20.75,21.25
2439.0,21.208146537203177,21.40942580072929,6.697020429963008,21.0,0,-0.40942580072929147,22.03523597939176,20.75,21.25
2440.0,21.20524431198173,21.425596372614827,6.696096192312853,21.0,0,-0.42559637261482663,21.58730209147018,20.75,21.25
2441.0,21.202342482357796,21.42110440192078,6.695170663011664,21.0,0,-0.421104401920779,21.376184694980303,20.75,21.25
2442.0,21.199441047993925,21.460901918072572,6.6942438427642745,21.0,0,-0.4609019180725724,21.858877079590506,20.75,21.25
2443.0,21.19654000855288,21.3891330061684,6.6933157322764965,21.0,1,-0.3891330061684002,20.671443887126678,20.75,21.25
2444.0,21.213639363697624,21.331300588561003,6.692386332255128,21.0,1,-0.3313005885610032,20.752976412487033,20.75,21.25
2445.0,21.230735113091335,21.431791975740715,6.691455643407947,21.0,0,-0.4317919757407154,22.436705847537837,20.75,21.25
2446.0,21.227827257197397,21.47432265972485,6.690523666443712,21.0,0,-0.47432265972485155,21.899629499566213,20.75,21.25
2447.0,21.224919796479245,21.510650884801603,6.689590402072167,21.0,0,-0.5106508848016027,21.873933135569114,20.75,21.25
2448.0,21.222012730600365,21.56351137133621,6.688655851004031,21.0,0,-0.5635113713362117,22.0921162366823,20.75,21.25
2449.0,21.219106059224448,21.65545897837506,6.687720013951005,21.0,0,-0.6554589783750586,22.57493504876353,20.75,21.25
2450.0,21.216199782015394,21.620333587762506,6.686782891625771,21.0,0,-0.6203335877625058,21.269079681636978,20.75,21.25
2451.0,21.213293898637318,21.647104837569636,6.685844484741988,21.0,0,-0.6471048375696355,21.914817335640933,20.75,21.25
2452.0,21.21038840875454,21.624756783131552,6.684904794014295,21.0,0,-0.6247567831315521,21.401276238750718,20.75,21.25
2453.0,21.20748331203159,21.639832259071504,6.683963820158305,21.0,0,-0.639832259071504,21.790587018471022,20.75,21.25
2454.0,21.204578608133218,21.654829939814626,6.6830215638906125,21.0,0,-0.6548299398146256,21.80480674724584,20.75,21.25
2455.0,21.20167429672437,21.688037195130207,6.682078025928785,21.0,0,-0.6880371951302067,22.020109748286018,20.75,21.25
2456.0,21.19877037747021,21.595871641070794,6.681133206991369,21.0,1,-0.5958716410707936,20.674216100476663,20.75,21.25
2457.0,21.215866850036114,21.544301228361252,6.6801871077978845,21.0,1,-0.5443012283612525,21.02859710126584,20.75,21.25
2458.0,21.232959714087666,21.554729475219112,6.679239729068827,21.0,0,-0.5547294752191121,21.659011943797708,20.75,21.25
2459.0,21.230048970090664,21.555498581369495,6.678291071525666,21.0,0,-0.5554985813694948,21.563189642873322,20.75,21.25
2460.0,21.22713861851095,21.5535247464736,6.677341135890849,21.0,0,-0.5535247464735988,21.53378639751464,20.75,21.25
2461.0,21.224228659014425,21.651742970380603,6.676389922887788,21.0,0,-0.651742970380603,22.633925209450645,20.75,21.25
2462.0,21.2213190912672,21.620493675587134,6.6754374332408775,21.0,0,-0.6204936755871344,21.30800072765245,20.75,21.25
2463.0,21.218409914935595,21.561030087245953,6.674483667675478,21.0,0,-0.5610300872459533,20.96639420383414,20.75,21.25
2464.0,21.215501129686142,21.45216066744918,6.673528626917923,21.0,1,-0.4521606674491814,20.363466469481462,20.75,21.25
2465.0,21.232592735185587,21.441936522670893,6.672572311695519,21.0,0,-0.44193652267089334,21.339695074888013,20.75,21.25
2466.0,21.22968073110089,21.385509807974728,6.671614722736541,21.0,0,-0.3855098079747279,20.821242661013073,20.75,21.25
2467.0,21.226769117899217,21.5531539855386,6.670655860770234,21.0,0,-0.5531539855386001,23.229595761177322,20.75,21.25
2468.0,21.22385789524779,21.572073451140533,6.669695726526814,21.0,0,-0.5720734511405325,21.761268107159857,20.75,21.25
2469.0,21.220947062814044,21.62529061119617,6.668734320737463,21.0,0,-0.6252906111961707,22.157462211752552,20.75,21.25
2470.0,21.21803662026563,21.572125022250358,6.667771644134336,21.0,0,-0.5721250222503578,21.04046913279223,20.75,21.25
2471.0,21.215126567270403,21.61237064121022,6.666807697450553,21.0,0,-0.6123706412102194,22.014826830808836,20.75,21.25
2472.0,21.21221690349644,21.468328917665996,6.665842481420199,21.0,1,-0.46832891766599616,20.027911682223763,20.75,21.25
2473.0,21.229307628612023,21.518867403414703,6.6648759967783295,21.0,0,-0.5188674034147027,22.02425226090177,20.75,21.25
2474.0,21.226394742285656,21.487951869006196,6.663908244260965,21.0,0,-0.4879518690061957,21.178796524921125,20.75,21.25
2475.0,21.22348224498605,21.52030113061509,6.66293922460509,21.0,0,-0.5203011306150884,21.843793746704016,20.75,21.25
2476.0,21.220570136381976,21.515189707651576,6.6619689385486565,21.0,0,-0.5151897076515759,21.46407547801645,20.75,21.25
2477.0,21.21765841614241,21.610746711269748,6.660997386830578,21.0,0,-0.6107467112697478,22.566316747451467,20.75,21.25
2478.0,21.214747083936548,21.59257657070226,6.6600245701907355,21.0,0,-0.5925765707022599,21.41087516502738,20.75,21.25
2479.0,21.2118361394338,21.654033951292632,6.659050489369968,21.0,0,-0.6540339512926323,22.268607757196357,20.75,21.25
2480.0,21.208925582303788,21.740413935230066,6.658075145110083,21.0,0,-0.740413935230066,22.604213774604403,20.75,21.25
2481.0,21.20601541221635,21.74963292305248,6.657098538153847,21.0,0,-0.7496329230524807,21.841822801276628,20.75,21.25
2482.0,21.203105628841538,21.715475022559673,6.656120669244989,21.0,0,-0.7154750225596729,21.373896017631594,20.75,21.25
2483.0,21.200196231849617,21.671476567914652,6.655141539128198,21.0,0,-0.6714765679146524,21.231492021464447,20.75,21.25
2484.0,21.197287220911072,21.672099666960342,6.654161148549123,21.0,0,-0.6720996669603423,21.67833065741724,20.75,21.25
2485.0,21.194378595696598,21.588804079986023,6.653179498254377,21.0,0,-0.5888040799860228,20.755848210242828,20.75,21.25
2486.0,21.191470355877108,21.512838679211775,6.6521965889915275,21.0,0,-0.5128386792117752,20.7531846714693,20.75,21.25
2487.0,21.18856250112373,21.488242389254403,6.651212421509103,21.0,0,-0.48824238925440255,21.242279489680676,20.75,21.25
2488.0,21.185655031107807,21.518247241919653,6.65022699655659,21.0,0,-0.5182472419196529,21.818295768572156,20.75,21.25
2489.0,21.182747945500896,21.453417699516823,6.649240314884433,21.0,0,-0.4534176995168231,20.805122275488525,20.75,21.25
2490.0,21.179841243974774,21.412478446870274,6.648252377244032,21.0,0,-0.41247844687027424,21.003085920404786,20.75,21.25
2491.0,21.17693492620143,21.42693883841209,6.647263184387744,21.0,0,-0.42693883841209157,21.571542753830265,20.75,21.25
2492.0,21.174028991853067,21.399526054389575,6.646272737068884,21.0,0,-0.39952605438957534,21.125398214164413,20.75,21.25
2493.0,21.17112344060211,21.348269645898075,6.64528103604172,21.0,0,-0.34826964589807474,20.83570556098307,20.75,21.25
2494.0,21.168218272121198,21.399445390133263,6.644288082061475,21.0,0,-0.39944539013326263,21.91120283248514,20.75,21.25
2495.0,21.165313486083186,21.433496913905376,6.643293875884328,21.0,0,-0.43349691390537615,21.77401215162651,20.75,21.25
2496.0,21.162409082161147,21.436042834036357,6.6422984182674085,21.0,0,-0.4360428340363569,21.461502035346165,20.75,21.25
2497.0,21.15950506002837,21.489901897905316,6.641301709968801,21.0,0,-0.489901897905316,22.028492536594907,20.75,21.25
2498.0,21.156601419358356,21.54053615963175,6.640303751747544,21.0,0,-0.5405361596317491,22.04687877689608,20.75,21.25
2499.0,21.153698159824835,21.52628540908078,6.639304544363625,21.0,0,-0.5262854090807814,21.383777903571104,20.75,21.25
2500.0,21.150795281101743,21.512043663128228,6.638304088577984,21.0,0,-0.5120436631282281,21.369626203602696,20.75,21.25
2501.0,21.147892782863238,21.4892442846992,6.637302385152511,21.0,0,-0.48924428469920045,21.261250500408924,20.75,21.25
2502.0,21.144990664783695,21.433347026119314,6.636299434850047,21.0,0,-0.4333470261193142,20.87437444032045,20.75,21.25
2503.0,21.142088926537706,21.370340263726895,6.635295238434383,21.0,1,-0.3703402637268951,20.740272639802704,20.75,21.25
2504.0,21.159187567800085,21.395517266661365,6.634289796670258,21.0,0,-0.3955172666613649,21.647287296006063,20.75,21.25
2505.0,21.15628258824586,21.403703274036737,6.633283110323358,21.0,0,-0.40370327403673656,21.485563347790453,20.75,21.25
2506.0,21.153377988350275,21.52692951786404,6.63227518016032,21.0,0,-0.5269295178640405,22.75919195613708,20.75,21.25
2507.0,21.150473767788636,21.54106696172191,6.631266006948728,21.0,0,-0.5410669617219099,21.682441400300604,20.75,21.25
2508.0,21.147569926236468,21.510182581371755,6.630255591457108,21.0,0,-0.5101825813717547,21.201338777870202,20.75,21.25
2509.0,21.14466646336951,21.512096412842347,6.629243934454938,21.0,0,-0.5120964128423466,21.531234727548267,20.75,21.25
2510.0,21.14176337886373,21.5502943867174,6.628231036712639,21.0,0,-0.5502943867174004,21.932274125467938,20.75,21.25
2511.0,21.1388606723953,21.472934934801444,6.627216899001574,21.0,1,-0.4729349348014438,20.699340415641878,20.75,21.25
2512.0,21.15595834364062,21.46463463795591,6.626201522094055,21.0,0,-0.46463463795591053,21.381631669500578,20.75,21.25
2513.0,21.15305239227631,21.522543395617472,6.6251849067633355,21.0,0,-0.5225433956174719,22.101630972233085,20.75,21.25
2514.0,21.15014681877921,21.4841914586285,6.624167053783612,21.0,0,-0.48419145862850144,21.100672088738797,20.75,21.25
2515.0,21.14724162282621,21.479081000460347,6.623147963930025,21.0,0,-0.4790810004603472,21.427976418778805,20.75,21.25
2516.0,21.144336804094433,21.522353848494706,6.622127637978653,21.0,0,-0.5223538484947063,21.955082328838298,20.75,21.25
2517.0,21.14143236226121,21.526624013779593,6.621106076706521,21.0,0,-0.5266240137795926,21.569325666628455,20.75,21.25
2518.0,21.138528297004097,21.614132648195785,6.620083280891592,21.0,0,-0.6141326481957847,22.489218992357706,20.75,21.25
2519.0,21.135624608000875,21.632271401931348,6.619059251312769,21.0,0,-0.632271401931348,21.81365893928698,20.75,21.25
2520.0,21.13272129492954,21.602681664966546,6.618033988749895,21.0,0,-0.6026816649665463,21.30678429531853,20.75,21.25
2521.0,21.129818357468302,21.515917262547422,6.617007493983753,21.0,1,-0.515917262547422,20.64827323835618,20.75,21.25
2522.0,21.146915795295605,21.543277688399645,6.615979767796061,21.0,0,-0.5432776883996446,21.81688194692187,20.75,21.25
2523.0,21.144009608090105,21.487629586749332,6.61495081096948,21.0,0,-0.4876295867493319,20.931148570246204,20.75,21.25
2524.0,21.141103796330682,21.506178538497842,6.613920624287604,21.0,0,-0.5061785384978421,21.691668055982944,20.75,21.25
2525.0,21.138198359696275,21.522476011896437,6.612889208534965,21.0,0,-0.5224760118964369,21.685450745882385,20.75,21.25
2526.0,21.135293297866042,21.513757118576248,6.611856564497032,21.0,0,-0.5137571185762475,21.426568185374354,20.75,21.25
2527.0,21.132388610519367,21.49088211216378,6.610822692960206,21.0,0,-0.4908821121637814,21.26213204803912,20.75,21.25
2528.0,21.129484297335857,21.45697570894848,6.609787594711828,21.0,0,-0.4569757089484803,21.11791167679547,20.75,21.25
2529.0,21.126580357995334,21.34197400089101,6.60875127054017,21.0,1,-0.3419740008910104,20.19195692031631,20.75,21.25
2530.0,21.143676792177843,21.21205305802372,6.607713721234434,21.0,1,-0.2120530580237201,19.912843629350817,20.75,21.25
2531.0,21.160769599563654,21.246662305753155,6.606674947584764,21.0,0,-0.24666230575315495,21.592754783047504,20.75,21.25
2532.0,21.15785878063326,21.158076923480596,6.605634950382229,21.0,1,-0.15807692348059632,20.27222310075501,20.75,21.25
2533.0,21.174948335867207,21.17971366188832,6.6045937304188325,21.0,0,-0.1797136618883215,21.396081045965573,20.75,21.25
2534.0,21.172034264946117,21.251797132773422,6.603551288487509,21.0,0,-0.2517971327734223,21.97263184162443,20.75,21.25
2535.0,21.169120568350824,21.341403643577557,6.602507625382121,21.0,0,-0.34140364357755715,22.237468751618906,20.75,21.25
2536.0,21.16620724576223,21.372892198712055,6.601462741897468,21.0,0,-0.37289219871205503,21.687777750057034,20.75,21.25
2537.0,21.16329429686146,21.411642263946995,6.6004166388292695,21.0,0,-0.41164226394699455,21.79914291629639,20.75,21.25
2538.0,21.160381721329852,21.395778279504675,6.599369316974181,21.0,0,-0.39577827950467537,21.237138435081484,20.75,21.25
2539.0,21.15746951884898,21.412883610017694,6.598320777129784,21.0,0,-0.412883610017694,21.58393691514788,20.75,21.25
2540.0,21.15455768910064,21.36478855429336,6.5972710200945865,21.0,0,-0.36478855429335866,20.883837997050005,20.75,21.25
2541.0,21.151646231766836,21.344840031498173,6.596220046668023,21.0,0,-0.34484003149817255,21.14535480354631,20.75,21.25
2542.0,21.148735146529816,21.471213989797,6.595167857650457,21.0,0,-0.47121398979700047,22.73495357278528,20.75,21.25
2543.0,21.14582443307204,21.481470895987723,6.594114453843176,21.0,0,-0.48147089598772297,21.584039957894948,20.75,21.25
2544.0,21.142914091076193,21.460147671749723,6.5930598360483925,21.0,0,-0.4601476717497235,21.24691542936973,20.75,21.25
2545.0,21.14000412022519,21.4854875506929,6.592004005069244,21.0,0,-0.4854875506928984,21.738886340124647,20.75,21.25
2546.0,21.137094520202158,21.544182976613236,6.5909469617097916,21.0,0,-0.5441829766132358,22.13113723581661,20.75,21.25
2547.0,21.13418529069046,21.46609697087931,6.589888706775021,21.0,1,-0.4660969708793097,20.68523691354005,20.75,21.25
2548.0,21.151276431373677,21.473324286266713,6.588829241070837,21.0,0,-0.4733242862667133,21.54559744014075,20.75,21.25
2549.0,21.148363941935617,21.49732177506483,6.587768565404069,21.0,0,-0.49732177506482955,21.737296663045992,20.75,21.25
2550.0,21.14545182286031,21.50782264130243,6.58670668058247,21.0,0,-0.5078226413024289,21.612831303678423,20.75,21.25
2551.0,21.142540073831853,21.453208276416955,6.58564358741471,21.0,0,-0.45320827641695516,20.907064627562217,20.75,21.25
2552.0,21.13962869453457,21.47940517042905,6.584579286710381,21.0,0,-0.4794051704290503,21.74137411055,20.75,21.25
2553.0,21.136717684653004,21.473406719185917,6.583513779279995,21.0,0,-0.4734067191859168,21.413422206754582,20.75,21.25
2554.0,21.13380704387193,21.473496521841593,6.58244706593498,21.0,0,-0.47349652184159297,21.474394548398354,20.75,21.25
2555.0,21.13089677187634,21.44061335217375,6.581379147487687,21.0,0,-0.44061335217374875,21.111781655495307,20.75,21.25
2556.0,21.127986868351464,21.436903370569944,6.580310024751381,21.0,0,-0.43690337056994366,21.399803554531893,20.75,21.25
2557.0,21.125077332982745,21.429195012470792,6.5792396985402455,21.0,0,-0.4291950124707924,21.35211143147928,20.75,21.25
2558.0,21.122168165455857,21.295927415239408,6.5781681696693814,21.0,1,-0.295927415239408,19.963251442925564,20.75,21.25
2559.0,21.1392593654567,21.30250312258805,6.577095438954804,21.0,0,-0.3025031225880497,21.368260196074466,20.75,21.25
2560.0,21.136346932671398,21.40877772891576,6.576021507213444,21.0,0,-0.4087777289157586,22.471523792192848,20.75,21.25
2561.0,21.133434867586306,21.407928866680358,6.574946375263147,21.0,0,-0.40792886668035777,21.39944024432635,20.75,21.25
2562.0,21.13052316988784,21.357010977203196,6.573870043922675,21.0,0,-0.3570109772031955,20.847832082431573,20.75,21.25
2563.0,21.12761183926265,21.47834205692843,6.572792514011699,21.0,0,-0.47834205692842957,22.69165285418077,20.75,21.25
2564.0,21.124700875397597,21.411902040444627,6.571713786350804,21.0,1,-0.41190204044462675,20.7475018756066,20.75,21.25
2565.0,21.141790277979787,21.331506542613297,6.570633861761491,21.0,1,-0.3315065426132975,20.527551564300005,20.75,21.25
2566.0,21.158876046696545,21.262626809467154,6.569552741066166,21.0,1,-0.2626268094671538,20.573829478005717,20.75,21.25
2567.0,21.17595818203542,21.269443157556502,6.568470425088153,21.0,0,-0.26944315755650194,21.337606638449984,20.75,21.25
2568.0,21.17303668448403,21.289215432295347,6.56738691465168,21.0,0,-0.28921543229534663,21.486938179683793,20.75,21.25
2569.0,21.17011555453006,21.350463536981245,6.566302210581888,21.0,0,-0.35046353698124477,21.962944583840226,20.75,21.25
2570.0,21.16719479186127,21.45947266672623,6.565216313704828,21.0,0,-0.45947266672623144,22.549563964176098,20.75,21.25
2571.0,21.164274396165638,21.6085887926332,6.564129224847456,21.0,0,-0.6085887926331992,23.099750051702877,20.75,21.25
2572.0,21.161354367131374,21.632820849212802,6.5630409448376374,21.0,0,-0.632820849212802,21.87514141500883,20.75,21.25
2573.0,21.158434704446915,21.56760079585396,6.561951474504146,21.0,0,-0.5676007958539593,20.915400262265532,20.75,21.25
2574.0,21.155515407800927,21.5855863059461,6.560860814676659,21.0,0,-0.5855863059461015,21.765441406867524,20.75,21.25
2575.0,21.1525964768823,21.585506034359184,6.559768966185763,21.0,0,-0.5855060343591845,21.584703318490014,20.75,21.25
2576.0,21.149677911380163,21.46957636545431,6.5586759298629485,21.0,1,-0.4695763654543086,20.31027967640555,20.75,21.25
2577.0,21.16675971098386,21.497504830120022,6.557581706540608,21.0,0,-0.4975048301200218,21.776789476777154,20.75,21.25
2578.0,21.163837875382974,21.579038423655785,6.556486297052042,21.0,0,-0.5790384236557848,22.394374359013415,20.75,21.25
2579.0,21.160916405067308,21.60107401489487,6.555389702231452,21.0,0,-0.6010740148948699,21.82142992728572,20.75,21.25
2580.0,21.15799529972674,21.530860343272764,6.554291922913942,21.0,0,-0.5308603432727637,20.8287236270517,20.75,21.25
2581.0,21.155074559051375,21.609712967278984,6.55319295993552,21.0,0,-0.609712967278984,22.398239207341188,20.75,21.25
2582.0,21.15215418273155,21.564192271482653,6.552092814133092,21.0,0,-0.5641922714826535,21.108985313519348,20.75,21.25
2583.0,21.14923417045783,21.514354718492516,6.5509914863444685,21.0,0,-0.5143547184925161,21.015979188591142,20.75,21.25
2584.0,21.14631452192101,21.511370852263035,6.54988897740836,21.0,0,-0.5113708522630347,21.48153218996822,20.75,21.25
2585.0,21.143395236812108,21.524867932128394,6.548785288164371,21.0,0,-0.5248679321283944,21.659838730781992,20.75,21.25
2586.0,21.14047631482238,21.540494946428133,6.5476804194530125,21.0,0,-0.540494946428133,21.69676508942552,20.75,21.25
2587.0,21.137557755643307,21.584103040249975,6.546574372115688,21.0,0,-0.5841030402499747,22.020183978468392,20.75,21.25
2588.0,21.1346395589666,21.532430833228183,6.545467146994702,21.0,0,-0.5324308332281831,21.015708763010267,20.75,21.25
2589.0,21.131721724484205,21.510874402302708,6.544358744933254,21.0,0,-0.5108744023027079,21.295310093047956,20.75,21.25
2590.0,21.128804251888294,21.34799650042208,6.543249166775441,21.0,1,-0.34799650042208086,19.71921748161581,20.75,21.25
2591.0,21.14588714087127,21.25645350474979,6.542138413366253,21.0,1,-0.2564535047497891,20.34102354802687,20.75,21.25
2592.0,21.16296639112577,21.288568306519757,6.541026485551578,21.0,0,-0.28856830651975685,21.609716324219434,20.75,21.25
2593.0,21.160042003144657,21.3811282026903,6.539913384178199,21.0,0,-0.3811282026902987,22.306727164395717,20.75,21.25
2594.0,21.157117977420864,21.285594393629474,6.53879911009379,21.0,1,-0.2855943936294736,20.330256303021223,20.75,21.25
2595.0,21.174194313647398,21.376910274117947,6.537683664146919,21.0,0,-0.37691027411794664,22.290069079002677,20.75,21.25
2596.0,21.171267011517497,21.43585601321434,6.536567047187047,21.0,0,-0.435856013214341,22.025313404178284,20.75,21.25
2597.0,21.168340071524632,21.432053137134613,6.535449260064525,21.0,0,-0.4320531371346128,21.39402437633733,20.75,21.25
2598.0,21.16541349336234,21.430570564937945,6.5343303036305995,21.0,0,-0.43057056493794477,21.415744842971264,20.75,21.25
2599.0,21.162487276724395,21.484079727348764,6.533210178737401,21.0,0,-0.4840797273487638,22.019171351456954,20.75,21.25
2600.0,21.159561421304797,21.441576312982125,6.532088886237956,21.0,0,-0.4415763129821251,21.016542169315738,20.75,21.25
2601.0,21.156635926797783,21.34444316498283,6.5309664269861765,21.0,1,-0.344443164982831,20.37311168498989,20.75,21.25
2602.0,21.173710792897822,21.259055428635648,6.529842801836864,21.0,1,-0.2590554286356479,20.405178065163817,20.75,21.25
2603.0,21.19078201929961,21.258646708253323,6.528718011645708,21.0,0,-0.25864670825332325,21.254559504430077,20.75,21.25
2604.0,21.18784960649808,21.28389634958982,6.527592057269285,21.0,0,-0.2838963495898206,21.536392762954794,20.75,21.25
2605.0,21.184917554988235,21.32630992154261,6.526464939565058,21.0,0,-0.3263099215426095,21.7504456410705,20.75,21.25
2606.0,21.18198586446515,21.37467367418149,6.525336659391377,21.0,0,-0.37467367418149067,21.858311200570302,20.75,21.25
2607.0,21.179054534624136,21.417573349087142,6.524207217607476,21.0,0,-0.4175733490871423,21.84657009814366,20.75,21.25
2608.0,21.176123565160733,21.44015054624496,6.5230766150734745,21.0,0,-0.4401505462449613,21.66592251782315,20.75,21.25
2609.0,21.173192955770716,21.441453895299755,6.521944852650374,21.0,0,-0.4414538952997553,21.454487385847695,20.75,21.25
2610.0,21.17026270615009,21.5419592483131,6.520811931200062,21.0,0,-0.5419592483130984,22.54701277844653,20.75,21.25
2611.0,21.1673328159951,21.537724105752698,6.519677851585308,21.0,0,-0.537724105752698,21.495372680148694,20.75,21.25
2612.0,21.164403285002216,21.502848594414115,6.518542614669761,21.0,0,-0.5028485944141146,21.15409348102828,20.75,21.25
2613.0,21.16147411286815,21.43420964378857,6.517406221317957,21.0,1,-0.4342096437885701,20.747820137533125,20.75,21.25
2614.0,21.178545299289837,21.377595010175607,6.516268672395305,21.0,1,-0.37759501017560737,20.81144867404598,20.75,21.25
2615.0,21.195612843964458,21.223121932086222,6.515129968768099,21.0,1,-0.22312193208622233,19.678391151192372,20.75,21.25
2616.0,21.21267674738942,21.331133563371104,6.513990111303513,21.0,0,-0.3311335633711039,22.41124987621992,20.75,21.25
2617.0,21.209737010062202,21.352134816935035,6.512849100869596,21.0,0,-0.3521348169350347,21.562147352574343,20.75,21.25
2618.0,21.206797632480363,21.419958689228032,6.51170693833528,21.0,0,-0.41995868922803226,22.098197412158008,20.75,21.25
2619.0,21.203858614341534,21.520120661594216,6.510563624570367,21.0,0,-0.5201206615942162,22.521740385256056,20.75,21.25
2620.0,21.20091995534358,21.63931838104248,6.509419160445544,21.0,0,-0.6393183810424787,22.831295575525104,20.75,21.25
2621.0,21.1979816551846,21.53898887882464,6.508273546832369,21.0,1,-0.5389888788246395,20.535693856646247,20.75,21.25
2622.0,21.215043713562928,21.516745853685634,6.507126784603276,21.0,0,-0.5167458536856344,21.294315602295583,20.75,21.25
2623.0,21.212102130177136,21.41652249168057,6.505978874631575,21.0,1,-0.41652249168057054,20.414288871629932,20.75,21.25
2624.0,21.229160905526026,21.353012427637488,6.50482981779145,21.0,1,-0.35301242763748775,20.71791178720666,20.75,21.25
2625.0,21.24621603930848,21.327524842793416,6.503679614957955,21.0,1,-0.32752484279341587,21.072648994352697,20.75,21.25
2626.0,21.263267532023608,21.447739747730523,6.502528267007023,21.0,0,-0.44773974773052316,22.649888797101596,20.75,21.25
2627.0,21.260315384170603,21.483398936567554,6.501375774815453,21.0,0,-0.4833989365675535,21.839990824937857,20.75,21.25
2628.0,21.257363596248734,21.576436929663203,6.500222139260918,21.0,0,-0.5764369296632026,22.506816860619693,20.75,21.25
2629.0,21.254412167957337,21.650905344021155,6.499067361221965,21.0,0,-0.6509053440211545,22.395589487600674,20.75,21.25
2630.0,21.25146109899599,21.686274052461663,6.497911441578005,21.0,0,-0.6862740524616626,22.039961136866744,20.75,21.25
2631.0,21.248510389064506,21.579590107308036,6.49675438120932,21.0,1,-0.5795901073080358,20.512750655771768,20.75,21.25
2632.0,21.265560037862937,21.55041223411043,6.4955961809970635,21.0,0,-0.5504122341104285,21.258633502134355,20.75,21.25
2633.0,21.262606045091562,21.543362484784684,6.494436841823256,21.0,0,-0.5433624847846836,21.472864991527235,20.75,21.25
2634.0,21.259652411250908,21.51641353874069,6.493276364570782,21.0,0,-0.5164135387406894,21.246924078300747,20.75,21.25
2635.0,21.256699136041572,21.499948732070926,6.492114750123399,21.0,0,-0.4999487320709264,21.335300665373296,20.75,21.25
2636.0,21.253746219164388,21.458324432759223,6.490951999365724,21.0,0,-0.4583244327592233,21.042081439642192,20.75,21.25
2637.0,21.25079366032043,21.539935830593674,6.489788113183245,21.0,0,-0.5399358305936737,22.356049808938177,20.75,21.25
2638.0,21.247841459211003,21.486988621305464,6.4886230924623085,21.0,0,-0.48698862130546416,20.95751652842337,20.75,21.25
2639.0,21.24488961553765,21.468154195183534,6.48745693809013,21.0,0,-0.4681541951835335,21.279809933964227,20.75,21.25
2640.0,21.24193812900216,21.455811677275754,6.486289650954789,21.0,0,-0.45581167727575433,21.332386498197963,20.75,21.25
2641.0,21.23898699930655,21.444413069707597,6.4851212319452225,21.0,0,-0.444413069707597,21.330426994026023,20.75,21.25
2642.0,21.23603622615308,21.446903402617078,6.483951681951233,21.0,0,-0.44690340261707817,21.47180673171189,20.75,21.25
2643.0,21.233085809244237,21.532962838716028,6.482781001863485,21.0,0,-0.5329628387160277,22.393557199705523,20.75,21.25
2644.0,21.23013574828276,21.41111152376717,6.4816091925735,21.0,1,-0.4111115237671683,20.192598374278575,20.75,21.25
2645.0,21.247186042971617,21.382769057825257,6.480436254973664,21.0,1,-0.38276905782525716,21.099344398406146,20.75,21.25
2646.0,21.264232693014016,21.516721786720023,6.47926218995722,21.0,0,-0.5167217867200229,22.85624907566768,20.75,21.25
2647.0,21.261275698913405,21.477323651068186,6.478086998418268,21.0,0,-0.4773236510681862,21.08334229454982,20.75,21.25
2648.0,21.258319061173307,21.40228104049192,6.476910681251768,21.0,1,-0.40228104049192126,20.651854934729272,20.75,21.25
2649.0,21.27536277949732,21.629701619193376,6.475733239353537,21.0,0,-0.6297016191933764,23.903907406207928,20.75,21.25
2650.0,21.27240285358929,21.63228007369283,6.474554673620248,21.0,0,-0.6322800736928293,21.65806461868736,20.75,21.25
2651.0,21.269443283953297,21.5313529343485,6.473374984949431,21.0,1,-0.5313529343485008,20.522081540905216,20.75,21.25
2652.0,21.286484070293497,21.528006548133128,6.472194174239469,21.0,0,-0.5280065481331278,21.494542685979397,20.75,21.25
2653.0,21.283521212314287,21.55654408479465,6.471012242389601,21.0,0,-0.5565440847946483,21.841919451409854,20.75,21.25
2654.0,21.280558710520303,21.491699116192045,6.4698291902999205,21.0,0,-0.491699116192045,20.84324943016601,20.75,21.25
2655.0,21.27759656461626,21.54892454868955,6.468645018871371,21.0,0,-0.5489245486895484,22.121178873664583,20.75,21.25
2656.0,21.27463477430711,21.680722659063537,6.4674597290057525,21.0,0,-0.6807226590635373,22.998703762803427,20.75,21.25
2657.0,21.27167333929805,21.726477371884037,6.4662733216057156,21.0,0,-0.7264773718840374,22.184024500089038,20.75,21.25
2658.0,21.268712259294514,21.68677939570709,6.4650857975747575,21.0,0,-0.6867793957070916,21.289799633937633,20.75,21.25
2659.0,21.26575153400217,21.667471782868635,6.463897157817232,21.0,0,-0.6674717828686347,21.474395654484066,20.75,21.25
2660.0,21.262791163126934,21.635746813954295,6.462707403238341,21.0,0,-0.6357468139542952,21.3184971248109,20.75,21.25
2661.0,21.259831146374957,21.587713649860472,6.461516534744132,21.0,0,-0.587713649860472,21.10738200892224,20.75,21.25
2662.0,21.25687148345263,21.580667528346844,6.460324553241505,21.0,0,-0.5806675283468437,21.51020631321056,20.75,21.25
2663.0,21.25391217406659,21.684998070836976,6.459131459638204,21.0,0,-0.6849980708369756,22.728303495738295,20.75,21.25
2664.0,21.2509532179237,21.733433741574324,6.4579372548428235,21.0,0,-0.7334337415743235,22.217790448947802,20.75,21.25
2665.0,21.247994614731084,21.681580976455667,6.4567419397648,21.0,0,-0.6815809764556668,21.1630533252691,20.75,21.25
2666.0,21.24503636419609,21.648372529020254,6.455545515314421,21.0,0,-0.6483725290202536,21.31628805466612,20.75,21.25
2667.0,21.242078466026314,21.618608930601074,6.454347982402814,21.0,0,-0.6186089306010736,21.320972946409274,20.75,21.25
2668.0,21.23912091992959,21.46759644690986,6.453149341941952,21.0,1,-0.4675964469098588,19.95747160999771,20.75,21.25
2669.0,21.25616372561399,21.44093356288918,6.451949594844653,21.0,1,-0.44093356288918173,21.17430472268241,20.75,21.25
2670.0,21.27320288278784,21.517634534157093,6.450748742024576,21.0,0,-0.5176345341570929,22.284644246836205,20.75,21.25
2671.0,21.270238391959687,21.52228324464658,6.4495467843962215,21.0,0,-0.5222832446465802,21.568770349541452,20.75,21.25
2672.0,21.267274253638174,21.59141469251282,6.4483437228749345,21.0,0,-0.5914146925128207,22.282729171175227,20.75,21.25
2673.0,21.26431046753202,21.668692311689412,6.447139558376899,21.0,0,-0.6686923116894121,22.441468503455326,20.75,21.25
2674.0,21.26134703335019,21.679343907403634,6.445934291819137,21.0,0,-0.6793439074036343,21.785859864545856,20.75,21.25
2675.0,21.258383950801885,21.632245962918113,6.444727924119511,21.0,0,-0.6322459629181125,21.161266518062895,20.75,21.25
2676.0,21.25542121959655,21.616138281432242,6.443520456196724,21.0,0,-0.6161382814322423,21.45506146657354,20.75,21.25
2677.0,21.252458839443868,21.5403235390159,6.442311888970316,21.0,0,-0.5403235390159011,20.78217611485249,20.75,21.25
2678.0,21.249496810053774,21.523943104454165,6.4411022233606605,21.0,0,-0.5239431044541654,21.360138758836808,20.75,21.25
2679.0,21.246535131136437,21.552215235818807,6.439891460288974,21.0,0,-0.5522152358188066,21.83493654946522,20.75,21.25
2680.0,21.243573802402267,21.606885723697864,6.438679600677303,21.0,0,-0.6068857236978644,22.153590602488443,20.75,21.25
2681.0,21.24061282356192,21.61557019317788,6.437466645448531,21.0,0,-0.6155701931778808,21.702414887978044,20.75,21.25
2682.0,21.237652194326298,21.661660917263056,6.436252595526378,21.0,0,-0.6616609172630561,22.12256815811481,20.75,21.25
2683.0,21.23469191440654,21.720602821415827,6.435037451835394,21.0,0,-0.7206028214158273,22.31002186294354,20.75,21.25
2684.0,21.231731983514024,21.66478129391199,6.4338212153009655,21.0,0,-0.6647812939119895,21.10656601887361,20.75,21.25
2685.0,21.22877240136038,21.659687283581327,6.432603886849309,21.0,0,-0.6596872835813272,21.608747180274705,20.75,21.25
2686.0,21.225813167657478,21.696192403828995,6.4313854674074715,21.0,0,-0.696192403828995,22.061243606305673,20.75,21.25
2687.0,21.222854282117428,21.638392857319907,6.430165957903335,21.0,0,-0.6383928573199071,21.060397392229028,20.75,21.25
2688.0,21.219895744452586,21.592858432621032,6.428945359265606,21.0,0,-0.592858432621032,21.13751418563228,20.75,21.25
2689.0,21.216937554375548,21.53590115410498,6.427723672423827,21.0,0,-0.5359011541049803,20.966328368944463,20.75,21.25
2690.0,21.21397971159916,21.57740401632965,6.426500898308364,21.0,0,-0.5774040163296483,21.99243263857633,20.75,21.25
2691.0,21.2110222158365,21.555326264245387,6.425277037850411,21.0,0,-0.5553262642453873,21.334548743402777,20.75,21.25
2692.0,21.208065066800902,21.555708269705434,6.424052091981993,21.0,0,-0.5557082697054341,21.5595283243059,20.75,21.25
2693.0,21.20510826420594,21.5125979120228,6.422826061635959,21.0,0,-0.5125979120228017,21.081494335196478,20.75,21.25
2694.0,21.202151807765425,21.58742921517885,6.421598947745984,21.0,0,-0.5874292151788509,22.335742246739343,20.75,21.25
2695.0,21.19919569719342,21.53395998414256,6.420370751246571,21.0,0,-0.5339599841425589,20.999267673779638,20.75,21.25
2696.0,21.196239932204232,21.51866735031084,6.419141473073042,21.0,0,-0.5186673503108388,21.365741011993638,20.75,21.25
2697.0,21.193284512512406,21.514060362530664,6.417911114161547,21.0,0,-0.5140603625306639,21.467990484728915,20.75,21.25
2698.0,21.190329437832737,21.54111904340987,6.416679675449058,21.0,0,-0.5411190434098714,21.811705852201946,20.75,21.25
2699.0,21.18737470788026,21.487699255930693,6.415447157873368,21.0,0,-0.48769925593069274,20.953501381138906,20.75,21.25
2700.0,21.184420322370258,21.511240955522087,6.414213562373095,21.0,0,-0.5112409555220871,21.74665795143603,20.75,21.25
2701.0,21.18146628101826,21.49338773842381,6.412978889887674,21.0,0,-0.49338773842380945,21.314855567441032,20.75,21.25
2702.0,21.178512583540034,21.525662578534405,6.411743141357363,21.0,0,-0.5256625785344049,21.84841097964036,20.75,21.25
2703.0,21.175559229651597,21.546040445971286,6.410506317723236,21.0,0,-0.5460404459712862,21.7498191203401,20.75,21.25
2704.0,21.172606219069213,21.5425166082785,6.409268419927189,21.0,0,-0.5425166082785005,21.507278231350643,20.75,21.25
2705.0,21.169653551509384,21.487034667902478,6.408029448911936,21.0,0,-0.48703466790247774,20.93221526414225,20.75,21.25
2706.0,21.166701226688865,21.55736090373967,6.406789405621009,21.0,0,-0.5573609037396707,22.2606232621116,20.75,21.25
2707.0,21.163749244324652,21.426364364843273,6.40554829099875,21.0,1,-0.42636436484327334,20.1163989758793,20.75,21.25
2708.0,21.180797604133986,21.40058518284756,6.404306105990325,21.0,1,-0.4005851828475606,21.142793362890433,20.75,21.25
2709.0,21.197842305834357,21.46028232318036,6.403062851541712,21.0,0,-0.46028232318035833,22.057253726508335,20.75,21.25
2710.0,21.1948833499435,21.50445046627726,6.401818528599701,21.0,0,-0.5044504662772589,21.946131897246264,20.75,21.25
2711.0,21.19192473697923,21.403846039937672,6.400573138111902,21.0,1,-0.40384603993767243,20.397801776541808,20.75,21.25
2712.0,21.208966466659458,21.509811248839487,6.399326681026731,21.0,0,-0.5098112488394868,22.56946333785763,20.75,21.25
2713.0,21.20600453870233,21.531604727612,6.39807915829342,21.0,0,-0.5316047276119988,21.74953951533712,20.75,21.25
2714.0,21.203042953626248,21.467893065123818,6.3968305708620115,21.0,0,-0.46789306512381756,20.830776440242005,20.75,21.25
2715.0,21.200081711149696,21.43422118439735,6.39558091968336,21.0,0,-0.4342211843973516,21.09750237713269,20.75,21.25
2716.0,21.197120810991404,21.509500206642223,6.394330205709129,21.0,0,-0.5095002066422225,22.262290429090932,20.75,21.25
2717.0,21.194160252870347,21.532483607208352,6.3930784298917915,21.0,0,-0.5324836072083521,21.762317612869648,20.75,21.25
2718.0,21.19120003650575,21.574886026793536,6.391825593184629,21.0,0,-0.5748860267935356,21.99891022264537,20.75,21.25
2719.0,21.188240161617088,21.583657089281097,6.390571696541731,21.0,0,-0.5836570892810968,21.67136771415671,20.75,21.25
2720.0,21.185280627924072,21.59331183327067,6.3893167409179945,21.0,0,-0.5933118332706684,21.689859273166384,20.75,21.25
2721.0,21.182321435146672,21.60358402224826,6.3880607272691226,21.0,0,-0.6035840222482598,21.706305912024174,20.75,21.25
2722.0,21.179362583005098,21.56506212728494,6.386803656551626,21.0,0,-0.5650621272849392,21.179843177651733,20.75,21.25
2723.0,21.176404071219807,21.47353515310404,6.385545529722817,21.0,1,-0.4735351531040415,20.558265411295064,20.75,21.25
2724.0,21.193445899511506,21.43572790249654,6.384286347740813,21.0,1,-0.4357279024965415,21.05765539642154,20.75,21.25
2725.0,21.21048406760115,21.441332724207022,6.383026111564539,21.0,0,-0.4413327242070224,21.49738094131183,20.75,21.25
2726.0,21.207518576009942,21.399419501549925,6.381764822153717,21.0,0,-0.3994195015499251,20.980287274978952,20.75,21.25
2727.0,21.20455342525917,21.418753549889015,6.3805024804688735,21.0,0,-0.4187535498890149,21.612094033279913,20.75,21.25
2728.0,21.201588615070214,21.50379929568157,6.3792390874713405,21.0,0,-0.5037992956815707,22.354256753607128,20.75,21.25
2729.0,21.198624145164693,21.57903414991916,6.377974644123242,21.0,0,-0.5790341499191598,22.33138269229505,20.75,21.25
2730.0,21.195660015264487,21.58013196582557,6.376709151387508,21.0,0,-0.5801319658255686,21.591110124889656,20.75,21.25
2731.0,21.192696225091712,21.613938476932724,6.375442610227868,21.0,0,-0.6139384769327236,21.952003588004274,20.75,21.25
2732.0,21.18973277436874,21.65108573638317,6.3741750216088455,21.0,0,-0.6510857363831697,22.02255833088763,20.75,21.25
2733.0,21.186769662818186,21.59670504001314,6.372906386495767,21.0,0,-0.5967050400131413,21.052898076312857,20.75,21.25
2734.0,21.18380689016292,21.517844888032446,6.371636705854753,21.0,1,-0.517844888032446,20.729243368225493,20.75,21.25
2735.0,21.20084445612606,21.480427654607915,6.370365980652719,21.0,1,-0.48042765460791514,21.106255320362607,20.75,21.25
2736.0,21.217878360430966,21.428406510666928,6.3690942118573775,21.0,1,-0.42840651066692814,20.908195071257058,20.75,21.25
2737.0,21.23490860360125,21.418374554222243,6.367821400437236,21.0,0,-0.41837455422224323,21.318054989775394,20.75,21.25
2738.0,21.23193518616062,21.472069980697892,6.3665475473615984,21.0,0,-0.4720699806978921,22.00902424545438,20.75,21.25
2739.0,21.22896210863286,21.61958972506462,6.365272653600557,21.0,0,-0.6195897250646212,23.094787168731912,20.75,21.25
2740.0,21.225989370741853,21.67752239419685,6.363996720124997,21.0,0,-0.6775223941968491,22.25684908551913,20.75,21.25
2741.0,21.22301697221173,21.72220398470475,6.362719747906601,21.0,0,-0.7222039847047483,22.16901988978374,20.75,21.25
2742.0,21.22004491276687,21.703494748165276,6.361441737917836,21.0,0,-0.7034947481652765,21.516402382770558,20.75,21.25
2743.0,21.2170731921319,21.689514041594343,6.360162691131963,21.0,0,-0.689514041594343,21.54970697588501,20.75,21.25
2744.0,21.2141018100317,21.55438617615948,6.358882608523032,21.0,1,-0.554386176159479,20.20310752181084,20.75,21.25
2745.0,21.2311307661914,21.577311901192118,6.357601491065884,21.0,0,-0.5773119011921182,21.80656915151851,20.75,21.25
2746.0,21.228156060336374,21.610937266492204,6.3563193397361415,21.0,0,-0.6109372664922041,21.947190919493064,20.75,21.25
2747.0,21.225181692992255,21.59383966448659,6.35503615551022,21.0,0,-0.5938396644865911,21.42286364443046,20.75,21.25
2748.0,21.22220766388476,21.43646682684321,6.3537519393653215,21.0,1,-0.43646682684320837,19.86273845040938,20.75,21.25
2749.0,21.239233972739857,21.429041780672527,6.352466692279431,21.0,0,-0.4290417806725273,21.354791318965717,20.75,21.25
2750.0,21.236256619283765,21.388207979136148,6.351180415231321,21.0,0,-0.3882079791361477,20.97986996377235,20.75,21.25
2751.0,21.233279604042956,21.310474582330052,6.349893109200546,21.0,1,-0.3104745823300519,20.533140614269094,20.75,21.25
2752.0,21.250302926743988,21.244608178645997,6.348604775167447,21.0,1,-0.24460817864599704,20.58594414180545,20.75,21.25
2753.0,21.26732258711367,21.40431548854644,6.347315414113146,21.0,0,-0.40431548854644106,23.00138858755088,20.75,21.25
2754.0,21.26433858567907,21.433199076702657,6.346025027019547,21.0,0,-0.4331990767026568,21.722034958264814,20.75,21.25
2755.0,21.26135492296734,21.439977974070313,6.344733614869336,21.0,0,-0.43997797407031314,21.507766947746877,20.75,21.25
2756.0,21.25837159870572,21.410689607444063,6.343441178645981,21.0,0,-0.4106896074440627,21.117805941181558,20.75,21.25
2757.0,21.255388612621708,21.503745360564434,6.342147719333726,21.0,0,-0.5037453605644338,22.434302891768144,20.75,21.25
2758.0,21.25240596444305,21.510127557731742,6.340853237917599,21.0,0,-0.5101275577317423,21.57394952940483,20.75,21.25
2759.0,21.249423653897743,21.56564180219981,6.339557735383401,21.0,0,-0.56564180219981,22.120784246880486,20.75,21.25
2760.0,21.24644168071404,21.531778733158035,6.3382612127177165,21.0,0,-0.5317787331580348,21.193148042740283,20.75,21.25
2761.0,21.243460044620438,21.557710019338256,6.3369636709079025,21.0,0,-0.5577100193382556,21.817022881140463,20.75,21.25
2762.0,21.240478745345694,21.50901749310187,6.335665110942093,21.0,0,-0.5090174931018687,21.022092230738,20.75,21.25
2763.0,21.237497782618814,21.486323380135,6.3343655338091995,21.0,0,-0.4863233801350013,21.259382250466327,20.75,21.25
2764.0,21.23451715616905,21.493119379937944,6.333064940498905,21.0,0,-0.4931193799379443,21.561079377967374,20.75,21.25
2765.0,21.231536865725918,21.495212795712867,6.331763332001668,21.0,0,-0.4952127957128667,21.51614695346209,20.75,21.25
2766.0,21.228556911019172,21.501075230930454,6.330460709308721,21.0,0,-0.5010752309304536,21.559699583106323,20.75,21.25
2767.0,21.22557729177883,21.50987918013334,6.329157073412068,21.0,0,-0.5098791801333391,21.597918672162194,20.75,21.25
2768.0,21.222598007735158,21.502112219549517,6.327852425304483,21.0,0,-0.5021122195495167,21.424442613711292,20.75,21.25
2769.0,21.219619058618672,21.399084807395496,6.326546765979514,21.0,1,-0.39908480739549645,20.368810685855294,20.75,21.25
2770.0,21.236640444160145,21.393413191300436,6.325240096431475,21.0,0,-0.3934131913004357,21.33669703034983,20.75,21.25
2771.0,21.2336581640906,21.37882272669065,6.323932417655453,21.0,0,-0.3788227266906503,21.232918080592796,20.75,21.25
2772.0,21.230676218941312,21.39057235738529,6.3226237306473045,21.0,0,-0.3905723573852917,21.508068664331706,20.75,21.25
2773.0,21.227694608443652,21.424574481393154,6.321314036403647,21.0,0,-0.42457448139315446,21.764595721471782,20.75,21.25
2774.0,21.224713332329245,21.464444825844453,6.320003335921873,21.0,0,-0.4644448258444527,21.863148270357435,20.75,21.25
2775.0,21.22173239032996,21.476960912248046,6.318691630200138,21.0,0,-0.47696091224804604,21.60212177628398,20.75,21.25
2776.0,21.218751782177936,21.490399152595888,6.317378920237361,21.0,0,-0.49039915259588795,21.624781556074307,20.75,21.25
2777.0,21.21577150760555,21.531453272037346,6.316065207033229,21.0,0,-0.5314532720373464,21.94199446645193,20.75,21.25
2778.0,21.212791566345434,21.542160711498287,6.3147504915881925,21.0,0,-0.5421607114982869,21.649235106107692,20.75,21.25
2779.0,21.209811958130484,21.554734204373723,6.313434774903462,21.0,0,-0.5547342043737231,21.680469133128085,20.75,21.25
2780.0,21.20683268269384,21.601581683254807,6.3121180579810146,21.0,0,-0.6015816832548069,22.070056472065644,20.75,21.25
2781.0,21.203853739768896,21.641288427992578,6.310800341823588,21.0,0,-0.6412884279925777,22.038355875370286,20.75,21.25
2782.0,21.200875129089308,21.544635074132408,6.30948162743468,21.0,1,-0.5446350741324082,20.578101535530713,20.75,21.25
2783.0,21.21789685038898,21.47668117825159,6.308161915818548,21.0,1,-0.47668117825158873,20.797142219443394,20.75,21.25
2784.0,21.234914903402064,21.48532026224884,6.306841207980211,21.0,0,-0.48532026224884106,21.571711102221364,20.75,21.25
2785.0,21.23192928866298,21.412148231082902,6.305519504925446,21.0,1,-0.4121482310829023,20.680427919423515,20.75,21.25
2786.0,21.248944006706232,21.44259360649658,6.304196807660784,21.0,0,-0.44259360649657964,21.747047360633353,20.75,21.25
2787.0,21.24595505726642,21.568972185084014,6.302873117193521,21.0,0,-0.5689721850840144,22.83275797095836,20.75,21.25
2788.0,21.24296644087841,21.561599404285325,6.301548434531702,21.0,0,-0.5615994042853245,21.487871596298426,20.75,21.25
2789.0,21.23997815727714,21.591294144890263,6.300222760684132,21.0,0,-0.5912941448902629,21.888241550939647,20.75,21.25
2790.0,21.23699020619782,21.629005832650495,6.298896096660368,21.0,0,-0.6290058326504955,22.00612271025282,20.75,21.25
2791.0,21.23400258737591,21.58198621122442,6.297568443470722,21.0,0,-0.5819862112244216,21.111789996963683,20.75,21.25
2792.0,21.23101530054713,21.538531428653243,6.296239802126262,21.0,0,-0.5385314286532434,21.10398360294146,20.75,21.25
2793.0,21.22802834544745,21.61056737984316,6.294910173638804,21.0,0,-0.610567379843161,22.330926891742337,20.75,21.25
2794.0,21.22504172181309,21.628633785265198,6.29357955902092,21.0,0,-0.6286337852651975,21.809297839485563,20.75,21.25
2795.0,21.22205542938053,21.67983782958455,6.292247959285929,21.0,0,-0.6798378295845495,22.19187827277807,20.75,21.25
2796.0,21.21906946788651,21.680807211017175,6.290915375447901,21.0,0,-0.680807211017175,21.69050102534343,20.75,21.25
2797.0,21.216083837068023,21.60690096793035,6.28958180852166,21.0,0,-0.6069009679303505,20.867838537062106,20.75,21.25
2798.0,21.213098536662315,21.534391268409955,6.288247259522773,21.0,0,-0.534391268409955,20.809294273206,20.75,21.25
2799.0,21.210113566406886,21.48452451946419,6.286911729467557,21.0,0,-0.4845245194641912,20.985857030006553,20.75,21.25
2800.0,21.2071289260395,21.45013414426707,6.285575219373079,21.0,0,-0.45013414426707143,21.106230392295874,20.75,21.25
2801.0,21.204144615298166,21.441145058561382,6.284237730257146,21.0,0,-0.4411450585613821,21.35125420150449,20.75,21.25
2802.0,21.20116063392116,21.475110020361747,6.282899263138316,21.0,0,-0.4751100203617469,21.814759638365395,20.75,21.25
2803.0,21.198176981647002,21.437332097190325,6.2815598190358894,21.0,0,-0.43733209719032473,21.059552865476103,20.75,21.25
2804.0,21.195193658214478,21.379622614957512,6.280219398969911,21.0,0,-0.37962261495751193,20.802527792629384,20.75,21.25
2805.0,21.19221066336263,21.326512595798448,6.27887800396117,21.0,0,-0.32651259579844805,20.79541240420781,20.75,21.25
2806.0,21.18922799683075,21.308914649006944,6.277535635031196,21.0,0,-0.3089146490069439,21.132935181091902,20.75,21.25
2807.0,21.186245658358388,21.25770395027793,6.276192293202261,21.0,1,-0.2577039502779286,20.745596962987776,20.75,21.25
2808.0,21.203263647685358,21.265980943927424,6.2748479794973795,21.0,0,-0.2659809439274241,21.34875088042238,20.75,21.25
2809.0,21.20027796455172,21.295360698989633,6.273502694940304,21.0,0,-0.2953606989896329,21.58915824961172,20.75,21.25
2810.0,21.197292609497797,21.328211782883326,6.272156440555528,21.0,0,-0.32821178288332575,21.656722621820254,20.75,21.25
2811.0,21.19430758226401,21.303048231338003,6.270809217368282,21.0,0,-0.3030482313380034,21.05141271588478,20.75,21.25
2812.0,21.19132288259103,21.361279145582962,6.269461026404536,21.0,0,-0.36127914558296226,21.94358828803255,20.75,21.25
2813.0,21.188338510219793,21.39204611471094,6.268111868690994,21.0,0,-0.39204611471094,21.699715805990717,20.75,21.25
2814.0,21.18535446489149,21.477587145238303,6.266761745255101,21.0,0,-0.4775871452383029,22.332997450511932,20.75,21.25
2815.0,21.182370746347562,21.51687881647077,6.265410657125033,21.0,0,-0.5168788164707685,21.909795528795424,20.75,21.25
2816.0,21.179387354329716,21.582866173886515,6.264058605329702,21.0,0,-0.5828661738865151,22.24273974804398,20.75,21.25
2817.0,21.176404288579917,21.592954245462547,6.262705590898756,21.0,0,-0.5929542454625469,21.693834961222866,20.75,21.25
2818.0,21.17342154884038,21.617873689294775,6.261351614862573,21.0,0,-0.6178736892947754,21.86706812761706,20.75,21.25
2819.0,21.170439134853584,21.54850244040238,6.259996678252264,21.0,0,-0.5485024404023804,20.85478995147843,20.75,21.25
2820.0,21.167457046362266,21.446990886675458,6.258640782099675,21.0,1,-0.44699088667545794,20.431875349406234,20.75,21.25
2821.0,21.184475283109414,21.36822684778441,6.257283927437378,21.0,1,-0.3682268477844097,20.580586458873928,20.75,21.25
2822.0,21.201489844838278,21.369524294826054,6.255926115298676,21.0,0,-0.36952429482605353,21.38249876524249,20.75,21.25
2823.0,21.19850073209237,21.334819538468675,6.254567346717604,21.0,0,-0.3348195384686754,20.987771974894894,20.75,21.25
2824.0,21.195511945415294,21.36726043089867,6.2532076227289215,21.0,0,-0.36726043089867133,21.69166935519863,20.75,21.25
2825.0,21.192523484550758,21.492034469679623,6.251846944368118,21.0,0,-0.4920344696796235,22.739774857489145,20.75,21.25
2826.0,21.18953534924272,21.52542257917623,6.25048531267141,21.0,0,-0.5254225791762295,21.85930367414229,20.75,21.25
2827.0,21.186547539235406,21.54722199305027,6.249122728675739,21.0,0,-0.5472219930502717,21.765216131790694,20.75,21.25
2828.0,21.183560054273293,21.608786568336733,6.247759193418773,21.0,0,-0.6087865683367326,22.22443232120134,20.75,21.25
2829.0,21.18057289410112,21.552429862328776,6.246394707938901,21.0,0,-0.5524298623287756,20.988862802249205,20.75,21.25
2830.0,21.177586058463888,21.47364680002973,6.2450292732752395,21.0,1,-0.47364680002973003,20.685816177039275,20.75,21.25
2831.0,21.19459954710685,21.49154041679658,6.2436628904676255,21.0,0,-0.49154041679657823,21.67047658446506,20.75,21.25
2832.0,21.191609359775523,21.503694022402794,6.24229556055662,21.0,0,-0.5036940224027937,21.62523007846495,20.75,21.25
2833.0,21.18861949701568,21.530452525046552,6.240927284583505,21.0,0,-0.5304525250465524,21.79803755148414,20.75,21.25
2834.0,21.185629958573195,21.50721439679739,6.23955806359028,21.0,0,-0.5072143967973908,21.274833114305775,20.75,21.25
2835.0,21.1826407441942,21.611593986845158,6.238187898619668,21.0,0,-0.6115939868451576,22.655389887322826,20.75,21.25
2836.0,21.179651853625085,21.611042991108494,6.236816790715109,21.0,0,-0.6110429911084942,21.60553303374186,20.75,21.25
2837.0,21.176663286612502,21.573892666095713,6.23544474092076,21.0,0,-0.5738926660957127,21.202389415967897,20.75,21.25
2838.0,21.173675042903366,21.51393563890352,6.2340717502814975,21.0,0,-0.5139356389035186,20.914365366981578,20.75,21.25
2839.0,21.170687122244843,21.612455517966175,6.2326978198429135,21.0,0,-0.6124555179661755,22.597654308592745,20.75,21.25
2840.0,21.16769952438436,21.50737848495468,6.231322950651316,21.0,1,-0.5073784849546783,20.456608154839707,20.75,21.25
2841.0,21.184712249069616,21.5571028971609,6.229947143753729,21.0,0,-0.5571028971608989,22.054347019223105,20.75,21.25
2842.0,21.181721296048554,21.531738505142076,6.228570400197886,21.0,0,-0.5317385051420764,21.278094584953852,20.75,21.25
2843.0,21.178730665869384,21.547088027157393,6.227192721032241,21.0,0,-0.5470880271573932,21.70058324731056,20.75,21.25
2844.0,21.175740358280418,21.458133439791606,6.225814107305954,21.0,1,-0.4581334397916059,20.568587566133733,20.75,21.25
2845.0,21.192750373030222,21.453708268865213,6.224434560068899,21.0,0,-0.4537082688652134,21.40945655960129,20.75,21.25
2846.0,21.18975670986763,21.42948039839034,6.2230540803716625,21.0,0,-0.42948039839033925,21.187201693641597,20.75,21.25
2847.0,21.18676336934173,21.481351410001214,6.22167266926554,21.0,0,-0.4813514100012135,22.000061526109956,20.75,21.25
2848.0,21.183770351201716,21.502174447944554,6.220290327802536,21.0,0,-0.5021744479445545,21.710404827377964,20.75,21.25
2849.0,21.180777655197037,21.526342298710365,6.218907057035362,21.0,0,-0.5263422987103645,21.768020806368465,20.75,21.25
2850.0,21.177785281077405,21.548391754751187,6.217522858017442,21.0,0,-0.5483917547511865,21.768886315159406,20.75,21.25
2851.0,21.174793228592794,21.473726254152403,6.216137731802901,21.0,1,-0.4737262541524032,20.72707124816457,20.75,21.25
2852.0,21.191801497493437,21.451133136632137,6.214751679446573,21.0,1,-0.45113313663213717,21.225201961429477,20.75,21.25
2853.0,21.208806087529826,21.37594341213413,6.213364702003999,21.0,1,-0.37594341213413074,20.624046167154066,20.75,21.25
2854.0,21.225806999252722,21.408216011352273,6.211976800531422,21.0,0,-0.40821601135227326,21.7309420035337,20.75,21.25
2855.0,21.222804233212976,21.467611541686644,6.210587976085789,21.0,0,-0.46761154168664376,22.06156684503035,20.75,21.25
2856.0,21.21980178996155,21.61673999651632,6.20919822972475,21.0,0,-0.6167399965163192,23.108024544813073,20.75,21.25
2857.0,21.216799669249504,21.611645560632482,6.207807562506657,21.0,0,-0.611645560632482,21.56070120179411,20.75,21.25
2858.0,21.213797870828156,21.72481640802681,6.2064159754905655,21.0,0,-0.7248164080268111,22.856524881970103,20.75,21.25
2859.0,21.210796394449087,21.68422028584621,6.2050234697362265,21.0,0,-0.6842202858462088,21.278259064040185,20.75,21.25
2860.0,21.207795239864144,21.645503337238107,6.203630046304096,21.0,0,-0.6455033372381074,21.258333851157094,20.75,21.25
2861.0,21.20479440682543,21.606197833112684,6.202235706255328,21.0,0,-0.6061978331126845,21.213142791858456,20.75,21.25
2862.0,21.201793895085316,21.564806815878573,6.200840450651768,21.0,0,-0.5648068158785726,21.150896643537454,20.75,21.25
2863.0,21.19879370439643,21.535246068579784,6.199444280555968,21.0,0,-0.5352460685797844,21.239638595591902,20.75,21.25
2864.0,21.19579383451166,21.603383513911815,6.198047197031172,21.0,0,-0.6033835139118153,22.284757967232125,20.75,21.25
2865.0,21.192794285184167,21.614637872225444,6.196649201141318,21.0,0,-0.614637872225444,21.72718145536173,20.75,21.25
2866.0,21.18979505616736,21.53224681139276,6.195250293951043,21.0,1,-0.5322468113927599,20.70833620306592,20.75,21.25
2867.0,21.206796147214916,21.557663524872254,6.193850476525673,21.0,0,-0.5576635248722539,21.811830659667194,20.75,21.25
2868.0,21.20379355808078,21.50367085865244,6.192449749931232,21.0,0,-0.5036708586524412,20.963744196454314,20.75,21.25
2869.0,21.20079128931915,21.50844013355711,6.191048115234433,21.0,0,-0.5084401335571087,21.556132882603784,20.75,21.25
2870.0,21.19778934068433,21.455939625996415,6.189645573502682,21.0,0,-0.4559396259964146,20.930934550389473,20.75,21.25
2871.0,21.194787711930893,21.467297044184058,6.188242125804077,21.0,0,-0.4672970441840576,21.580871226060488,20.75,21.25
2872.0,21.19178640281367,21.518307430506194,6.186837773207403,21.0,0,-0.5183074305061943,22.02841129372756,20.75,21.25
2873.0,21.188785413087746,21.58504657981219,6.185432516782136,21.0,0,-0.5850465798121895,22.252438072872142,20.75,21.25
2874.0,21.185784742508485,21.528377332833436,6.184026357598439,21.0,0,-0.5283773328334362,20.961684863045903,20.75,21.25
2875.0,21.182784390831504,21.47496575572365,6.1826192967271645,21.0,0,-0.47496575572365174,20.940849984625807,20.75,21.25
2876.0,21.179784357812682,21.459474355518893,6.18121133523985,21.0,0,-0.4594743555188927,21.304560353471302,20.75,21.25
2877.0,21.17678464320817,21.40777406662523,6.179802474208722,21.0,0,-0.40777406662522964,20.8907711776886,20.75,21.25
2878.0,21.17378524677437,21.378461269713647,6.178392714706685,21.0,0,-0.3784612697136467,21.085333300597817,20.75,21.25
2879.0,21.170786168267956,21.40746220433791,6.176982057807334,21.0,0,-0.4074622043379108,21.697471550580552,20.75,21.25
2880.0,21.167787407445864,21.398651938421047,6.175570504584947,21.0,0,-0.39865193842104674,21.310549279252406,20.75,21.25
2881.0,21.16478896406529,21.382240761361395,6.174158056114481,21.0,0,-0.38224076136139473,21.218128990764875,20.75,21.25
2882.0,21.1617908378837,21.42143482520232,6.1727447134715785,21.0,0,-0.42143482520231856,21.813375463611557,20.75,21.25
2883.0,21.158793028658817,21.425372337361672,6.171330477732562,21.0,0,-0.42537233736167224,21.46474745895521,20.75,21.25
2884.0,21.15579553614863,21.412230274054174,6.169915349974431,21.0,0,-0.4122302740541741,21.280809640979193,20.75,21.25
2885.0,21.152798360111397,21.510383909544807,6.168499331274869,21.0,0,-0.5103839095448066,22.49192026445113,20.75,21.25
2886.0,21.14980150030563,21.511945734030814,6.167082422712235,21.0,0,-0.5119457340308138,21.527563978890885,20.75,21.25
2887.0,21.14680495649011,21.473424004857065,6.165664625365567,21.0,0,-0.4734240048570655,21.088206713119583,20.75,21.25
2888.0,21.14380872842389,21.462379764252926,6.164245940314579,21.0,0,-0.46237976425292615,21.351937358211533,20.75,21.25
2889.0,21.140812815866266,21.395593130225905,6.162826368639662,21.0,1,-0.3955931302259046,20.72772678995569,20.75,21.25
2890.0,21.15781721857682,21.374652286197712,6.1614059114218795,21.0,1,-0.37465228619771196,21.165243845915786,20.75,21.25
2891.0,21.17481793631539,21.366921575601328,6.159984569742974,21.0,0,-0.366921575601328,21.28961446963749,20.75,21.25
2892.0,21.171814969642075,21.39428600323767,6.1585623446853575,21.0,0,-0.3942860032376707,21.667930279601098,20.75,21.25
2893.0,21.168812319117084,21.365442027734375,6.157139237332117,21.0,0,-0.3654420277343746,21.077002272701414,20.75,21.25
2894.0,21.165809984500726,21.402967355290507,6.155715248767011,21.0,0,-0.40296735529050665,21.778220630851827,20.75,21.25
2895.0,21.16280796555358,21.397859342924182,6.1542903800744675,21.0,0,-0.3978593429241819,21.346779219260934,20.75,21.25
2896.0,21.159806262036483,21.49894258962606,6.152864632339586,21.0,0,-0.4989425896260613,22.509775056644855,20.75,21.25
2897.0,21.156804873710545,21.537726767500928,6.151438006648138,21.0,0,-0.5377267675009278,21.925568546249593,20.75,21.25
2898.0,21.153803800337133,21.558301395960992,6.1500105040865565,21.0,0,-0.5583013959609922,21.764047680561635,20.75,21.25
2899.0,21.150803041677882,21.60040530782626,6.148582125741951,21.0,0,-0.6004053078262608,22.021444426478947,20.75,21.25
2900.0,21.147802597494696,21.656239128425902,6.147152872702093,21.0,0,-0.6562391284259022,22.214577334422316,20.75,21.25
2901.0,21.144802467549738,21.610028841177453,6.1457227460554185,21.0,0,-0.6100288411774528,21.14792596869296,20.75,21.25
2902.0,21.14180265160544,21.555107784855682,6.1442917468910325,21.0,0,-0.5551077848556822,21.005897221637976,20.75,21.25
2903.0,21.138803149424497,21.5971315582073,6.1428598762987034,21.0,0,-0.5971315582072982,22.01736929172346,20.75,21.25
2904.0,21.135803960769874,21.643435051993457,6.141427135368863,21.0,0,-0.6434350519934569,22.106469989855043,20.75,21.25
2905.0,21.132805085404794,21.556980166271593,6.139993525192606,21.0,1,-0.5569801662715932,20.692431309052957,20.75,21.25
2906.0,21.149806523092753,21.521993236330097,6.138559046861689,21.0,1,-0.521993236330097,21.172123936915135,20.75,21.25
2907.0,21.166804273597506,21.48549065289686,6.1371237014685285,21.0,1,-0.48549065289686055,21.120464818564496,20.75,21.25
2908.0,21.18379833748308,21.435791264162685,6.135687490106202,21.0,1,-0.43579126416268466,20.938797376820926,20.75,21.25
2909.0,21.200788715313603,21.3591105999078,6.1342504138684495,21.0,1,-0.35911059990780103,20.592303957358965,20.75,21.25
2910.0,21.217775407653313,21.3037762706068,6.1328124738496665,21.0,1,-0.3037762706068001,20.75043297759679,20.75,21.25
2911.0,21.23475841506655,21.312936204805297,6.131373671144904,21.0,0,-0.3129362048052968,21.404535546790264,20.75,21.25
2912.0,21.23173773811777,21.458393120466674,6.129934006849876,21.0,0,-0.458393120466674,22.912962277080446,20.75,21.25
2913.0,21.228717377371513,21.431308683933864,6.128493482060948,21.0,0,-0.4313086839338638,21.16046431860576,20.75,21.25
2914.0,21.22569733259245,21.455372020707397,6.1270520978751435,21.0,0,-0.45537202070739724,21.69600538844273,20.75,21.25
2915.0,21.222677603545506,21.540155424270917,6.125609855390136,21.0,0,-0.5401554242709175,22.38798945990612,20.75,21.25
2916.0,21.219658189995876,21.582079940825373,6.124166755704262,21.0,0,-0.5820799408253734,22.001325106369933,20.75,21.25
2917.0,21.216639091709016,21.50389466839315,6.122722799916499,21.0,1,-0.5038946683931513,20.72204194407093,20.75,21.25
2918.0,21.233620308450657,21.484427322025937,6.121277989126483,21.0,0,-0.48442732202593675,21.28975385835379,20.75,21.25
2919.0,21.230597839986793,21.501236567812505,6.119832324434503,21.0,0,-0.501236567812505,21.669329025678188,20.75,21.25
2920.0,21.227575686883682,21.517756727550175,6.118385806941494,21.0,0,-0.5177567275501751,21.682958324926876,20.75,21.25
2921.0,21.224553848907693,21.50140037907411,6.116938437749042,21.0,0,-0.5014003790741093,21.33783689431345,20.75,21.25
2922.0,21.22153232582546,21.451846509746353,6.115490217959381,21.0,0,-0.4518465097463533,20.956307816468794,20.75,21.25
2923.0,21.21851111740389,21.55232319789165,6.114041148675394,21.0,0,-0.5523231978916492,22.557090079344608,20.75,21.25
2924.0,21.215490223410143,21.55685265227774,6.112591231000609,21.0,0,-0.5568526522777404,21.602147196138652,20.75,21.25
2925.0,21.212469643611662,21.58558193123817,6.111140466039204,21.0,0,-0.5855819312381705,21.87287472084247,20.75,21.25
2926.0,21.20944937777615,21.65074951206177,6.109688854895999,21.0,0,-0.6507495120617683,22.302425320297747,20.75,21.25
2927.0,21.206429425671573,21.683366378413545,6.108236398676458,21.0,0,-0.6833663784135453,22.009535041931315,20.75,21.25
2928.0,21.203409787066175,21.729306620636986,6.106783098486688,21.0,0,-0.7293066206369865,22.1887090428714,20.75,21.25
2929.0,21.20039046172846,21.73957982186853,6.105328955433444,21.0,0,-0.7395798218685314,21.84231183418398,20.75,21.25
2930.0,21.1973714494272,21.723772473273304,6.103873970624116,21.0,0,-0.7237724732733035,21.565698987321024,20.75,21.25
2931.0,21.19435274993144,21.63421328808169,6.10241814516674,21.0,1,-0.6342132880816891,20.738621436165545,20.75,21.25
2932.0,21.211334363010486,21.66241893514885,6.100961480169992,21.0,0,-0.6624189351488496,21.944475405820455,20.75,21.25
2933.0,21.20831228843392,21.534096951989245,6.099503976743182,21.0,1,-0.5340969519892447,20.250877120393195,20.75,21.25
2934.0,21.22529052677158,21.45701560808998,6.098045635996264,21.0,1,-0.45701560808997854,20.686202169097317,20.75,21.25
2935.0,21.242265077793427,21.42753624900977,6.096586459039828,21.0,1,-0.42753624900976916,21.132742658207675,20.75,21.25
2936.0,21.259235942069676,21.456922463375903,6.0951264469851,21.0,0,-0.4569224633759035,21.750784607037247,20.75,21.25
2937.0,21.25620312017066,21.382380137522762,6.093665600943944,21.0,1,-0.38238013752276245,20.636956878991352,20.75,21.25
2938.0,21.273170612666814,21.39005021917408,6.092203922028858,21.0,0,-0.39005021917407845,21.46675103568724,20.75,21.25
2939.0,21.270134419328684,21.491417124525146,6.0907414113529725,21.0,0,-0.49141712452514597,22.50508617803582,20.75,21.25
2940.0,21.26709854072709,21.567868595786102,6.089278070030055,21.0,0,-0.567868595786102,22.332383308395663,20.75,21.25
2941.0,21.26406297663295,21.616161626824926,6.0878138991745,21.0,0,-0.6161616268249261,22.099091937213167,20.75,21.25
2942.0,21.261027726817456,21.696416068395067,6.086348899901341,21.0,0,-0.6964160683950666,22.49896048409647,20.75,21.25
2943.0,21.25799279105207,21.82766858020414,6.084883073326238,21.0,0,-0.8276685802041399,23.140193698294873,20.75,21.25
2944.0,21.254958169108527,21.731829724477308,6.08341642056548,21.0,0,-0.7318297244773078,20.773441167208986,20.75,21.25
2945.0,21.25192386075882,21.693002463958322,6.081948942735988,21.0,0,-0.6930024639583223,21.304729858768468,20.75,21.25
2946.0,21.248889865775215,21.634545275217626,6.08048064095531,21.0,0,-0.6345452752176257,21.04997338781066,20.75,21.25
2947.0,21.24585618393025,21.538552811594617,6.079011516341621,21.0,1,-0.5385528115946165,20.578628175364525,20.75,21.25
2948.0,21.26282281499673,21.438764237050172,6.077541570013725,21.0,1,-0.4387642370501723,20.44087849160573,20.75,21.25
2949.0,21.279785758747735,21.473430931619653,6.076070803091051,21.0,0,-0.473430931619653,21.82009787731446,20.75,21.25
2950.0,21.276745015756603,21.434571577826553,6.074599216693648,21.0,0,-0.43457157782655287,21.04597803989555,20.75,21.25
2951.0,21.27370458659679,21.443990441965063,6.0731268119421955,21.0,0,-0.4439904419650631,21.538179083350165,20.75,21.25
2952.0,21.270664471041858,21.47294746378335,6.071653589957993,21.0,0,-0.47294746378334906,21.76251768196621,20.75,21.25
2953.0,21.26762466886564,21.516090991513927,6.070179551862965,21.0,0,-0.5160909915139271,21.947526268819708,20.75,21.25
2954.0,21.26458517984224,21.489407407230633,6.068704698779653,21.0,0,-0.48940740723063314,21.222571564397693,20.75,21.25
2955.0,21.261546003746027,21.55491722234179,6.067229031831223,21.0,0,-0.5549172223417891,22.21001537345335,20.75,21.25
2956.0,21.258507140351643,21.591416835514288,6.06575255214146,21.0,0,-0.5914168355142877,21.956412967239274,20.75,21.25
2957.0,21.255468589434003,21.623276255880274,6.0642752608347665,21.0,0,-0.623276255880274,21.941870459540137,20.75,21.25
2958.0,21.252430350768282,21.6666652635139,6.062797159036165,21.0,0,-0.6666652635138988,22.100555339850146,20.75,21.25
2959.0,21.249392424129937,21.767169613104407,6.061318247871295,21.0,0,-0.7671696131044072,22.772213109009492,20.75,21.25
2960.0,21.246354809294687,21.798046572636412,6.059838528466411,21.0,0,-0.7980465726364123,22.106816167956463,20.75,21.25
2961.0,21.243317506038522,21.746169379271965,6.058358001948381,21.0,0,-0.746169379271965,21.227397445627492,20.75,21.25
2962.0,21.240280514137705,21.669026730192584,6.056876669444694,21.0,0,-0.6690267301925843,20.897600239398777,20.75,21.25
2963.0,21.237243833368765,21.62584076728768,6.055394532083449,21.0,0,-0.6258407672876807,21.193981138238644,20.75,21.25
2964.0,21.234207463508508,21.53413297766325,6.053911590993355,21.0,1,-0.5341329776632513,20.617055081418957,20.75,21.25
2965.0,21.251171404334006,21.425504018160144,6.05242784730374,21.0,1,-0.4255040181601437,20.339214423129068,20.75,21.25
2966.0,21.2681316556226,21.530386165673967,6.050943302144536,21.0,0,-0.530386165673967,22.5792076408122,20.75,21.25
2967.0,21.265088217951906,21.6264064681018,6.04945795664629,21.0,0,-0.6264064681017985,22.586609492380113,20.75,21.25
2968.0,21.262045091899644,21.582509562354456,6.047971811940158,21.0,0,-0.5825095623544563,21.143540504881035,20.75,21.25
2969.0,21.259002277243653,21.606014398554553,6.046484869157903,21.0,0,-0.606014398554553,21.84106276055552,20.75,21.25
2970.0,21.255959773762036,21.635948004880653,6.044997129431897,21.0,0,-0.6359480048806532,21.935284068141655,20.75,21.25
2971.0,21.25291758123317,21.551911239697155,6.043508593895119,21.0,1,-0.551911239697155,20.711543587862174,20.75,21.25
2972.0,21.2698756994357,21.50181257001341,6.042019263681153,21.0,1,-0.50181257001341,21.00082587317596,20.75,21.25
2973.0,21.28683012814855,21.526962093202908,6.040529139924188,21.0,0,-0.5269620932029078,21.778457325097886,20.75,21.25
2974.0,21.283780867950906,21.52227181906285,6.039038223759018,21.0,0,-0.5222718190628513,21.475369077662286,20.75,21.25
2975.0,21.280731919422067,21.50105441455593,6.037546516321043,21.0,0,-0.5010544145559308,21.288880369486726,20.75,21.25
2976.0,21.277683282341446,21.411321654935918,6.0360540187462615,21.0,1,-0.411321654935918,20.51399405873579,20.75,21.25
2977.0,21.29463495648873,21.450909872187992,6.034560732171273,21.0,0,-0.4509098721879923,21.846792044708735,20.75,21.25
2978.0,21.291582941643863,21.45692692126212,6.033066657733284,21.0,0,-0.4569269212621201,21.517097412003398,20.75,21.25
2979.0,21.28853123838708,21.422018537793786,6.031571796570095,21.0,0,-0.42201853779378595,21.072934703110445,20.75,21.25
2980.0,21.285479846498717,21.477843158099937,6.030076149820108,21.0,0,-0.4778431580999367,22.036089361161444,20.75,21.25
2981.0,21.28242876575938,21.563203274989718,6.028579718622324,21.0,0,-0.5632032749897178,22.41680444388753,20.75,21.25
2982.0,21.279377995949954,21.586384613922014,6.027082504116341,21.0,0,-0.5863846139220144,21.81819800324498,20.75,21.25
2983.0,21.276327536851586,21.612177575667687,6.025584507442351,21.0,0,-0.6121775756676868,21.87010719312441,20.75,21.25
2984.0,21.273277388245702,21.639819768249897,6.024085729741143,21.0,0,-0.6398197682498967,21.916241694071996,20.75,21.25
2985.0,21.270227549914,21.703811631836412,6.022586172154105,21.0,0,-0.7038116318364125,22.34373026770157,20.75,21.25
2986.0,21.26717802163845,21.78362361333897,6.021085835823212,21.0,0,-0.7836236133389711,22.581743428364558,20.75,21.25
2987.0,21.264128803201288,21.761885931741148,6.019584721891037,21.0,0,-0.7618859317411477,21.544509115762914,20.75,21.25
2988.0,21.261079894385027,21.726219746153113,6.018082831500743,21.0,0,-0.726219746153113,21.369557890272766,20.75,21.25
2989.0,21.25803129497245,21.703980216654006,6.016580165796086,21.0,0,-0.7039802166540063,21.48158492166294,20.75,21.25
2990.0,21.254983004746617,21.663443128976144,6.015076725921408,21.0,0,-0.6634431289761444,21.258072252197525,20.75,21.25
2991.0,21.25193502349085,21.428166620668406,6.013572513021648,21.0,1,-0.4281666206684065,19.075401537591027,20.75,21.25
2992.0,21.26888735098876,21.38614344483843,6.012067528242327,21.0,1,-0.38614344483843155,20.965911686538682,20.75,21.25
2993.0,21.28583598702421,21.355266004941843,6.0105617727295595,21.0,1,-0.3552660049418428,21.046491605975955,20.75,21.25
2994.0,21.302780932181353,21.445084589801077,6.009055247630039,21.0,0,-0.4450845898010769,22.343270438393418,20.75,21.25
2995.0,21.29972218704444,21.496841525352032,6.007547954091053,21.0,0,-0.49684152535203197,22.014410880861583,20.75,21.25
2996.0,21.29666375219785,21.68841845473937,6.00603989326047,21.0,0,-0.6884184547393701,23.604187748612752,20.75,21.25
2997.0,21.293605627426064,21.76607524261964,6.004531066286745,21.0,0,-0.7660752426196389,22.542643121422326,20.75,21.25
2998.0,21.290547812513836,21.885351230971253,6.003021474318915,21.0,0,-0.8853512309712528,23.078111114487392,20.75,21.25
2999.0,21.2874903072462,21.846124925081057,6.0015111185066,21.0,0,-0.8461249250810567,21.453861866179096,20.75,21.25
3000.0,21.28443311140845,21.690849629163857,6.0,21.0,1,-0.6908496291638571,20.13809666999186,20.75,21.25
3001.0,21.301376224786168,21.66532359540802,5.9984881199499,21.0,0,-0.6653235954080188,21.410063257849636,20.75,21.25
3002.0,21.2983156471652,21.64707390298208,5.996975479507661,21.0,0,-0.6470739029820791,21.464576978722683,20.75,21.25
3003.0,21.295255379131667,21.59033664558249,5.995462079825224,21.0,0,-0.5903366455824894,21.022964071586593,20.75,21.25
3004.0,21.292195420471806,21.521747414965372,5.993947922055111,21.0,0,-0.5217474149653718,20.835855108794195,20.75,21.25
3005.0,21.289135770972123,21.59085648907,5.992433007350417,21.0,0,-0.5908564890699992,22.281947230116273,20.75,21.25
3006.0,21.2860764304194,21.606063208406567,5.990917336864816,21.0,0,-0.6060632084065674,21.75813040177225,20.75,21.25
3007.0,21.283017398600688,21.535421787267513,5.989400911752556,21.0,0,-0.5354217872675129,20.829007575876968,20.75,21.25
3008.0,21.27995867530332,21.45195499237035,5.987883733168462,21.0,1,-0.4519549923703501,20.617287043398722,20.75,21.25
3009.0,21.296900260314892,21.46276871815477,5.986365802267932,21.0,0,-0.46276871815476994,21.57090597599897,20.75,21.25
3010.0,21.293838153423284,21.40145623752283,5.984847120206934,21.0,0,-0.40145623752282944,20.788331431203424,20.75,21.25
3011.0,21.29077635521664,21.445551213208475,5.983327688142014,21.0,0,-0.4455512132084749,21.88650097006493,20.75,21.25
3012.0,21.287714865483224,21.554142731671654,5.981807507230282,21.0,0,-0.5541427316716536,22.64005791630344,20.75,21.25
3013.0,21.284653684011573,21.552682805231978,5.980286578629423,21.0,0,-0.5526828052319779,21.53808354083522,20.75,21.25
3014.0,21.281592810590496,21.59708394705617,5.978764903497693,21.0,0,-0.59708394705617,22.04109536529809,20.75,21.25
3015.0,21.278532245009078,21.620655407808336,5.97724248299391,21.0,0,-0.6206554078083357,21.856370015329993,20.75,21.25
3016.0,21.275471987056676,21.48441666379917,5.975719318277466,21.0,1,-0.4844166637991698,20.12202922370751,20.75,21.25
3017.0,21.29241203652292,21.452858894502704,5.974195410508315,21.0,1,-0.4528588945027039,21.137281201538045,20.75,21.25
3018.0,21.309348393197716,21.47212907509163,5.972670760846981,21.0,0,-0.4721290750916296,21.664830880980887,20.75,21.25
3019.0,21.306281057671246,21.434981299143157,5.9711453704545505,21.0,0,-0.434981299143157,21.06350353965843,20.75,21.25
3020.0,21.303214030533802,21.496224685273866,5.9696192404926745,21.0,0,-0.4962246852738659,22.108658546580955,20.75,21.25
3021.0,21.300147311575795,21.58794133435584,5.968092372123567,21.0,0,-0.5879413343558397,22.50510782517558,20.75,21.25
3022.0,21.297080900587904,21.547336087281707,5.966564766510006,21.0,0,-0.5473360872817068,21.141283616540377,20.75,21.25
3023.0,21.29401479736109,21.537100959491305,5.9650364248153265,21.0,0,-0.5371009594913048,21.434749681587284,20.75,21.25
3024.0,21.29094900168658,21.555349959848797,5.96350734820343,21.0,0,-0.5553499598487974,21.737839963423724,20.75,21.25
3025.0,21.287883513355883,21.47916527444629,5.961977537838775,21.0,1,-0.47916527444629153,20.717318420421233,20.75,21.25
3026.0,21.304818332160778,21.50744967442267,5.960446994886379,21.0,0,-0.50744967442267,21.790293674186454,20.75,21.25
3027.0,21.301749457893322,21.55532757105806,5.958915720511813,21.0,0,-0.5553275710580614,22.034106537411976,20.75,21.25
3028.0,21.298680891145846,21.679697296367088,5.957383715881214,21.0,0,-0.6796972963670882,22.923394549457356,20.75,21.25
3029.0,21.295612631710792,21.719125511297797,5.955850982161268,21.0,0,-0.719125511297797,22.113407660604885,20.75,21.25
3030.0,21.29254467938088,21.7218965074494,5.954317520519217,21.0,0,-0.7218965074494008,21.74960646896544,20.75,21.25
3031.0,21.289477033949108,21.69191876187883,5.952783332122862,21.0,0,-0.6919187618788314,21.392141306173137,20.75,21.25
3032.0,21.286409695208743,21.73672452246616,5.951248418140551,21.0,0,-0.7367245224661616,22.184782128339464,20.75,21.25
3033.0,21.28334266295333,21.632728861559677,5.949712779741189,21.0,1,-0.6327288615596771,20.592772252494832,20.75,21.25
3034.0,21.30027593697669,21.717074410729005,5.948176418094232,21.0,0,-0.7170744107290048,22.56052990242228,20.75,21.25
3035.0,21.297205517072914,21.77814343434385,5.946639334369687,21.0,0,-0.7781434343438498,22.3888336704923,20.75,21.25
3036.0,21.294135403836375,21.775406026643005,5.945101529738108,21.0,0,-0.7754060266430045,21.74803194963455,20.75,21.25
3037.0,21.291065597061554,21.711027298573455,5.943563005370602,21.0,0,-0.7110272985734554,21.067240017877964,20.75,21.25
3038.0,21.287996096543214,21.718525482689067,5.94202376243882,21.0,0,-0.718525482689067,21.793507323845184,20.75,21.25
3039.0,21.284926902076393,21.611566531956747,5.940483802114965,21.0,1,-0.6115665319567469,20.541977024633546,20.75,21.25
3040.0,21.3018580134564,21.53257053907404,5.9389431255717815,21.0,1,-0.5325705390740403,20.742610610246974,20.75,21.25
3041.0,21.318785430478822,21.579238659387737,5.937401733982563,21.0,0,-0.5792386593877374,22.04591986252471,20.75,21.25
3042.0,21.315709153739522,21.575171689757628,5.935859628521148,21.0,0,-0.575171689757628,21.534501993456534,20.75,21.25
3043.0,21.31263318383448,21.546580866315477,5.934316810361912,21.0,0,-0.5465808663154768,21.260672631893964,20.75,21.25
3044.0,21.309557520559785,21.563727822521937,5.932773280679783,21.0,0,-0.5637278225219369,21.735197384586538,20.75,21.25
3045.0,21.30648216371181,21.616415101751983,5.931229040650223,21.0,0,-0.6164151017519828,22.143287894052442,20.75,21.25
3046.0,21.303407113087196,21.516628155523467,5.929684091449239,21.0,1,-0.5166281555234669,20.518758693238308,20.75,21.25
3047.0,21.32033236848287,21.4758039498952,5.928138434253378,21.0,1,-0.4758039498952016,21.06756189361255,20.75,21.25
3048.0,21.337253929696022,21.546923467358155,5.926592070239725,21.0,0,-0.5469234673581553,22.258118641987693,20.75,21.25
3049.0,21.33417179732413,21.560302060283128,5.9250450005859,21.0,0,-0.5603020602831279,21.694087989532854,20.75,21.25
3050.0,21.331089971964783,21.586474916513595,5.923497226470068,21.0,0,-0.5864749165135947,21.848203478818263,20.75,21.25
3051.0,21.328008453415684,21.66231464337641,5.921948749070925,21.0,0,-0.6623146433764084,22.420711912004545,20.75,21.25
3052.0,21.324927241474814,21.783548520729866,5.920399569567704,21.0,0,-0.783548520729866,22.995887294264442,20.75,21.25
3053.0,21.32184633594043,21.769715346619495,5.918849689140171,21.0,0,-0.7697153466194955,21.63138360551579,20.75,21.25
3054.0,21.318765736611073,21.692787927827755,5.91729910896863,21.0,0,-0.6927879278277551,20.92351373991035,20.75,21.25
3055.0,21.315685443285545,21.68139976124661,5.915747830233914,21.0,0,-0.6813997612466096,21.567518095435155,20.75,21.25
3056.0,21.312605455762935,21.68652804106633,5.914195854117388,21.0,0,-0.6865280410663317,21.737810839263553,20.75,21.25
3057.0,21.309525773842605,21.606706461873394,5.912643181800951,21.0,0,-0.6067064618733937,20.808490669944014,20.75,21.25
3058.0,21.306446397324198,21.553577885111988,5.911089814467031,21.0,0,-0.5535778851119879,21.02229211749793,20.75,21.25
3059.0,21.303367326007628,21.561006214684898,5.909535753298584,21.0,0,-0.5610062146848982,21.635289510414,20.75,21.25
3060.0,21.300288559693087,21.514068947576863,5.9079809994790935,21.0,0,-0.5140689475768632,21.044696276496513,20.75,21.25
3061.0,21.297210098181043,21.494177999723092,5.906425554192575,21.0,0,-0.4941779997230924,21.295268521185385,20.75,21.25
3062.0,21.294131941272244,21.51346242673595,5.904869418623566,21.0,0,-0.5134624267359484,21.70630669686451,20.75,21.25
3063.0,21.291054088767716,21.543749619711836,5.903312593957131,21.0,0,-0.5437496197118357,21.846621549470708,20.75,21.25
3064.0,21.287976540468755,21.621818768310696,5.901755081378862,21.0,0,-0.6218187683106962,22.4025102542993,20.75,21.25
3065.0,21.28489929617694,21.654073772359514,5.900196882074871,21.0,0,-0.6540737723595136,21.976623812847688,20.75,21.25
3066.0,21.281822355694118,21.643766928292383,5.898637997231793,21.0,0,-0.6437669282923828,21.540698487621075,20.75,21.25
3067.0,21.278745718822424,21.57990888322654,5.89707842803679,21.0,0,-0.5799088832265404,20.941328432568117,20.75,21.25
3068.0,21.275669385364267,21.61301383705944,5.895518175677539,21.0,0,-0.6130138370594409,21.944063375388446,20.75,21.25
3069.0,21.27259335512233,21.551143190929817,5.893957241342242,21.0,0,-0.5511431909298175,20.932436729633583,20.75,21.25
3070.0,21.26951762789957,21.58130857331494,5.892395626219618,21.0,0,-0.5813085733149386,21.88296239716615,20.75,21.25
3071.0,21.266442203499235,21.571389454222135,5.890833331498904,21.0,0,-0.5713894542221354,21.472198263294104,20.75,21.25
3072.0,21.263367081724834,21.582539170314043,5.889270358369855,21.0,0,-0.5825391703140426,21.694036331233114,20.75,21.25
3073.0,21.260292262380162,21.591330499469613,5.887706708022744,21.0,0,-0.5913304994696134,21.67924379102532,20.75,21.25
3074.0,21.25721774526929,21.524346950434598,5.88614238164836,21.0,0,-0.5243469504345981,20.854511460084446,20.75,21.25
3075.0,21.254143530196565,21.568384546168808,5.884577380438003,21.0,0,-0.568384546168808,22.008760503510906,20.75,21.25
3076.0,21.251069616966614,21.57673902932213,5.88301170558349,21.0,0,-0.5767390293221304,21.660283860855355,20.75,21.25
3077.0,21.247996005384337,21.584767039421894,5.881445358277153,21.0,0,-0.5847670394218945,21.665047140419535,20.75,21.25
3078.0,21.244922695254914,21.544582959981167,5.879878339711831,21.0,0,-0.5445829599811667,21.14274216557389,20.75,21.25
3079.0,21.241849686383805,21.61550292945719,5.878310651080876,21.0,0,-0.6155029294571897,22.32470262421742,20.75,21.25
3080.0,21.238776978576745,21.49748519217682,5.876742293578155,21.0,1,-0.4974851921768213,20.317307819373138,20.75,21.25
3081.0,21.255704571639743,21.502691853423816,5.875173268398038,21.0,0,-0.5026918534238156,21.55475846589376,20.75,21.25
3082.0,21.252628465379097,21.545798624726718,5.873603576735405,21.0,0,-0.5457986247267179,21.97686633775574,20.75,21.25
3083.0,21.249552660401367,21.521306246061094,5.872033219785646,21.0,0,-0.5213062460610942,21.276382459404857,20.75,21.25
3084.0,21.246477156513244,21.595731912751194,5.870462198744655,21.0,0,-0.5957319127511944,22.339988579652196,20.75,21.25
3085.0,21.24340195352169,21.585639571609647,5.868890514808834,21.0,0,-0.5856395716096472,21.484716160194175,20.75,21.25
3086.0,21.240327051233947,21.502533334462623,5.867318169175089,21.0,1,-0.5025333344626226,20.671470962992377,20.75,21.25
3087.0,21.257252449457535,21.42910973122184,5.865745163040828,21.0,1,-0.42910973122183904,20.694873698814003,20.75,21.25
3088.0,21.274174148000252,21.47649935618469,5.864171497603965,21.0,0,-0.4764993561846893,21.950395605813192,20.75,21.25
3089.0,21.271092147470174,21.389371978603968,5.8625971740629135,21.0,1,-0.3893719786039682,20.518098202796757,20.75,21.25
3090.0,21.288010448475493,21.43524090607103,5.8610221936165905,21.0,0,-0.43524090607103005,21.89393018074165,20.75,21.25
3091.0,21.284925050824523,21.523090896916408,5.859446557464411,21.0,0,-0.5230908969164076,22.401590805370184,20.75,21.25
3092.0,21.28183995512585,21.592673037407593,5.857870266806293,21.0,0,-0.592673037407593,22.288494442319447,20.75,21.25
3093.0,21.278755161188187,21.552844499754798,5.856293322842646,21.0,0,-0.5528444997547979,21.154559123226846,20.75,21.25
3094.0,21.275670668820517,21.58459430012675,5.854715726774385,21.0,0,-0.5845943001267493,21.902092303846263,20.75,21.25
3095.0,21.272586477832107,21.598233528353322,5.853137479802917,21.0,0,-0.5982335283533224,21.734625810619054,20.75,21.25
3096.0,21.269502588032502,21.59036803901218,5.851558583130145,21.0,0,-0.5903680390121799,21.511713145600755,20.75,21.25
3097.0,21.266418999231522,21.554584078760904,5.8499790379584695,21.0,0,-0.5545840787609038,21.196744476248142,20.75,21.25
3098.0,21.263335711239268,21.5560998797656,5.848398845490781,21.0,0,-0.5560998797656005,21.571257889812568,20.75,21.25
3099.0,21.260252723866117,21.520985836736287,5.846818006930464,21.0,0,-0.520985836736287,21.16984540644315,20.75,21.25
3100.0,21.25717003692273,21.581576481298963,5.8452365234813985,21.0,0,-0.5815764812989634,22.18748292692573,20.75,21.25
3101.0,21.254087650220043,21.612249409706955,5.843654396347952,21.0,0,-0.6122494097069549,21.91897869378687,20.75,21.25
3102.0,21.25100556356927,21.589816714585535,5.842071626734981,21.0,0,-0.5898167145855346,21.365489763371333,20.75,21.25
3103.0,21.247923776781903,21.624476799715175,5.840488215847838,21.0,0,-0.6244767997151754,21.971077651011583,20.75,21.25
3104.0,21.244842289669716,21.643788308172415,5.838904164892355,21.0,0,-0.6437883081724145,21.836903392744805,20.75,21.25
3105.0,21.24176110204476,21.531246337787973,5.837319475074857,21.0,1,-0.531246337787973,20.40582663394356,20.75,21.25
3106.0,21.258680213719366,21.525187118955493,5.835734147602153,21.0,0,-0.5251871189554933,21.464594930630696,20.75,21.25
3107.0,21.255595624506142,21.59369528962953,5.834148183681542,21.0,0,-0.5936952896295296,22.278776996369892,20.75,21.25
3108.0,21.252511335017978,21.550393742233105,5.832561584520803,21.0,0,-0.5503937422331049,21.117378268268858,20.75,21.25
3109.0,21.24942734506788,21.60106846749481,5.830974351328199,21.0,0,-0.6010684674948088,22.107815720111848,20.75,21.25
3110.0,21.246343654469133,21.686944936764625,5.829386485312479,21.0,0,-0.6869449367646254,22.54570962946279,20.75,21.25
3111.0,21.2432602630353,21.728045412326573,5.82779798768287,21.0,0,-0.7280454123265727,22.139050167946046,20.75,21.25
3112.0,21.24017717058023,21.64882309886388,5.826208859649083,21.0,0,-0.648823098863879,20.856599964236942,20.75,21.25
3113.0,21.23709437691804,21.646261234099747,5.82461910242131,21.0,0,-0.6462612340997467,21.620642586458423,20.75,21.25
3114.0,21.23401188186314,21.652791055854347,5.823028717210218,21.0,0,-0.6527910558543475,21.718089273400356,20.75,21.25
3115.0,21.23092968523021,21.628195602600094,5.821437705226955,21.0,0,-0.6281956026000941,21.38224107005756,20.75,21.25
3116.0,21.227847786834207,21.524372136942247,5.819846067683145,21.0,1,-0.5243721369422474,20.48613748036378,20.75,21.25
3117.0,21.244766186490377,21.49994071305718,5.818253805790892,21.0,0,-0.49994071305717824,21.255626474206487,20.75,21.25
3118.0,21.241680884014237,21.50334549130323,5.81666092076277,21.0,0,-0.5033454913032287,21.537393273763733,20.75,21.25
3119.0,21.238595880021585,21.4748447202504,5.815067413811832,21.0,0,-0.4748447202503989,21.1898370097221,20.75,21.25
3120.0,21.23551117432834,21.506299253982114,5.813473286151601,21.0,0,-0.5062992539821138,21.820844591299263,20.75,21.25
3121.0,21.232426766750706,21.540256820095582,5.811878538996076,21.0,0,-0.540256820095582,21.879832481230263,20.75,21.25
3122.0,21.229342657105153,21.610937509644227,5.810283173559725,21.0,0,-0.6109375096442271,22.31774440513068,20.75,21.25
3123.0,21.226258845208445,21.626921311956256,5.80868719105749,21.0,0,-0.6269213119562558,21.786759335076542,20.75,21.25
3124.0,21.223175330877616,21.56288391201687,5.80709059270478,21.0,0,-0.5628839120168685,20.922509912622996,20.75,21.25
3125.0,21.220092113929983,21.507067440683922,5.805493379717475,21.0,0,-0.5070674406839224,20.94890272735446,20.75,21.25
3126.0,21.21700919418314,21.498652137859636,5.8038955533119205,21.0,0,-0.49865213785963647,21.414499109616777,20.75,21.25
3127.0,21.213926571454966,21.549174192249513,5.802297114704932,21.0,0,-0.549174192249513,22.05439473614828,20.75,21.25
3128.0,21.210844245563617,21.562379750117373,5.80069806511379,21.0,0,-0.5623797501173726,21.69443532879597,20.75,21.25
3129.0,21.207762216327527,21.550175479107303,5.79909840575624,21.0,0,-0.5501754791073026,21.428132769006602,20.75,21.25
3130.0,21.20468048356541,21.582042478311685,5.797498137850493,21.0,0,-0.5820424783116849,21.900712470355508,20.75,21.25
3131.0,21.20159904709627,21.52222710069062,5.795897262615221,21.0,0,-0.5222271006906212,20.924073324479984,20.75,21.25
3132.0,21.198517906739372,21.441191941654974,5.794295781269561,21.0,1,-0.44119194165497433,20.630840351298506,20.75,21.25
3133.0,21.21543706231428,21.35968422668036,5.792693695033112,21.0,1,-0.35968422668036126,20.54460707693423,20.75,21.25
3134.0,21.232352513640823,21.386176457313937,5.79109100512593,21.0,0,-0.3861764573139368,21.651098763649692,20.75,21.25
3135.0,21.22926426133912,21.310947109061836,5.789487712768534,21.0,1,-0.31094710906183565,20.558653626540824,20.75,21.25
3136.0,21.246176306029408,21.338604931835157,5.787883819181903,21.0,0,-0.3386049318351567,21.615183159568367,20.75,21.25
3137.0,21.24308464753204,21.412388750576547,5.7862793255874685,21.0,0,-0.41238875057654667,22.150226937990446,20.75,21.25
3138.0,21.23999328646765,21.522476294124864,5.784674233207123,21.0,0,-0.5224762941248642,22.62335172960804,20.75,21.25
3139.0,21.236902222657,21.54292630993202,5.783068543263215,21.0,0,-0.542926309932021,21.74742646800359,20.75,21.25
3140.0,21.23381145592112,21.60416722199509,5.781462256978547,21.0,0,-0.6041672219950911,22.216576342625793,20.75,21.25
3141.0,21.230720986081334,21.5890439640284,5.7798553755763775,21.0,0,-0.5890439640283986,21.437811384361474,20.75,21.25
3142.0,21.227630812959234,21.551002243702673,5.778247900280412,21.0,0,-0.5510022437026727,21.170585040445413,20.75,21.25
3143.0,21.224540936376698,21.518830557710338,5.776639832314818,21.0,0,-0.5188305577103378,21.19711369778699,20.75,21.25
3144.0,21.221451356155885,21.541897468737165,5.775031172904207,21.0,0,-0.5418974687371652,21.77256657900544,20.75,21.25
3145.0,21.218362072119234,21.515434910822147,5.773421923273641,21.0,0,-0.5154349108221474,21.25080933167197,20.75,21.25
3146.0,21.215273084089464,21.630390874749146,5.771812084648637,21.0,0,-0.6303908747491462,22.779950514019134,20.75,21.25
3147.0,21.212184391889576,21.634972026939774,5.770201658255157,21.0,0,-0.6349720269397743,21.680783548846055,20.75,21.25
3148.0,21.20909599534285,21.667920241098233,5.768590645319607,21.0,0,-0.6679202410982334,21.997402382682825,20.75,21.25
3149.0,21.206007894272844,21.612705421199838,5.766979047068848,21.0,0,-0.6127054211998377,21.06055722221588,20.75,21.25
3150.0,21.202920088503404,21.617389593714236,5.76536686473018,21.0,0,-0.6173895937142362,21.66423131885822,20.75,21.25
3151.0,21.19983257785865,21.59489205593307,5.763754099531349,21.0,0,-0.5948920559330695,21.369916678121402,20.75,21.25
3152.0,21.196745362162986,21.60607456079176,5.762140752700549,21.0,0,-0.606074560791761,21.717899609378676,20.75,21.25
3153.0,21.193658441241094,21.575661590161108,5.76052682546641,21.0,0,-0.5756615901611077,21.271531883854575,20.75,21.25
3154.0,21.190571814917938,21.637251660994167,5.758912319058011,21.0,0,-0.637251660994167,22.25315236932476,20.75,21.25
3155.0,21.187485483018765,21.610092590297732,5.757297234704866,21.0,0,-0.6100925902977323,21.338501883333386,20.75,21.25
3156.0,21.184399445369102,21.51261358196552,5.7556815736369344,21.0,1,-0.5126135819655211,20.53782349864341,20.75,21.25
3157.0,21.201313701794756,21.4664865383342,5.7540653370846115,21.0,1,-0.4664865383341983,21.00521610202097,20.75,21.25
3158.0,21.218224252121814,21.43962077171948,5.752448526278731,21.0,1,-0.4396207717194791,21.170963105572287,20.75,21.25
3159.0,21.235131096976644,21.41026561426481,5.750831142450567,21.0,1,-0.4102656142648087,21.116714039718104,20.75,21.25
3160.0,21.25203423698574,21.46690532346401,5.749213186831825,21.0,0,-0.4669053234640117,22.033302415456042,20.75,21.25
3161.0,21.24893367277571,21.446444477517325,5.747594660654649,21.0,0,-0.44644447751732486,21.241836018050456,20.75,21.25
3162.0,21.245833404973286,21.431941990131158,5.745975565151618,21.0,0,-0.43194199013115764,21.286917116269485,20.75,21.25
3163.0,21.242733433405323,21.464029611318914,5.744355901555744,21.0,0,-0.46402961131891374,21.784905823196475,20.75,21.25
3164.0,21.239633757898954,21.498397453828233,5.742735671100471,21.0,0,-0.49839745382823253,21.84207587892142,20.75,21.25
3165.0,21.236534378281593,21.484575268080665,5.741114875019672,21.0,0,-0.48457526808066476,21.346353410604987,20.75,21.25
3166.0,21.233435294380943,21.559008551735808,5.739493514547659,21.0,0,-0.5590085517358077,22.303341388287237,20.75,21.25
3167.0,21.230336506024976,21.511479159969277,5.737871590919164,21.0,0,-0.5114791599692765,21.036185242303965,20.75,21.25
3168.0,21.227238013041955,21.510069875987675,5.736249105369356,21.0,0,-0.510069875987675,21.49597703617166,20.75,21.25
3169.0,21.224139815260422,21.473679745772678,5.734626059133826,21.0,0,-0.473679745772678,21.10977844362271,20.75,21.25
3170.0,21.221041912509197,21.407141099982887,5.733002453448595,21.0,1,-0.40714109998288706,20.741754642084977,20.75,21.25
3171.0,21.237944304617386,21.41418720982987,5.731378289550109,21.0,0,-0.4141872098298691,21.48464830829969,20.75,21.25
3172.0,21.23484299141437,21.46094630006971,5.729753568675239,21.0,0,-0.46094630006971116,21.92853720246813,20.75,21.25
3173.0,21.231741973529825,21.553564834164842,5.728128292061283,21.0,0,-0.5535648341648418,22.47975017511615,20.75,21.25
3174.0,21.228641250793533,21.572227009175307,5.726502460945958,21.0,0,-0.5722270091753074,21.758848759279964,20.75,21.25
3175.0,21.225540823035562,21.565149183008295,5.724876076567403,21.0,0,-0.5651491830082946,21.494370921338167,20.75,21.25
3176.0,21.22244069008627,21.556369371778082,5.723249140164185,21.0,0,-0.5563693717780822,21.468571259475958,20.75,21.25
3177.0,21.219340851776284,21.661558629015158,5.721621652975284,21.0,0,-0.6615586290151576,22.71345120138591,20.75,21.25
3178.0,21.216241307936524,21.598646311023305,5.719993616240102,21.0,0,-0.5986463110233053,20.969523131104783,20.75,21.25
3179.0,21.213142058398184,21.648270760437633,5.718365031198462,21.0,0,-0.648270760437633,22.14451525458091,20.75,21.25
3180.0,21.210043102992742,21.738449097019288,5.716735899090601,21.0,0,-0.7384490970192878,22.640232462835836,20.75,21.25
3181.0,21.20694444155196,21.741156307560647,5.715106221157173,21.0,0,-0.7411563075606473,21.768228412974242,20.75,21.25
3182.0,21.203846073907883,21.675796143094587,5.71347599863925,21.0,0,-0.6757961430945869,21.022194498433983,20.75,21.25
3183.0,21.20074799989283,21.673453411782255,5.711845232778318,21.0,0,-0.6734534117822548,21.650026098658934,20.75,21.25
3184.0,21.19765021933941,21.63473850750628,5.710213924816274,21.0,0,-0.634738507506281,21.247589464746543,20.75,21.25
3185.0,21.194552732080503,21.561758459651685,5.708582075995432,21.0,0,-0.5617584596516849,20.831957981105724,20.75,21.25
3186.0,21.191455537949285,21.52784139387903,5.706949687558515,21.0,0,-0.5278413938790294,21.188670736152474,20.75,21.25
3187.0,21.188358636779206,21.50063682769335,5.705316760748657,21.0,0,-0.5006368276933486,21.22859116583654,20.75,21.25
3188.0,21.185262028404,21.484681994188914,5.703683296809404,21.0,0,-0.48468199418891444,21.325133659144573,20.75,21.25
3189.0,21.18216571265768,21.488033403960603,5.702049296984709,21.0,0,-0.48803340396060335,21.521547501677492,20.75,21.25
3190.0,21.179069689374547,21.480578133414408,5.700414762518935,21.0,0,-0.4805781334144079,21.406025427952454,20.75,21.25
3191.0,21.175973958389175,21.47588570385527,5.69877969465685,21.0,0,-0.47588570385526907,21.42896140826388,20.75,21.25
3192.0,21.17287851953643,21.432874896287537,5.6971440946436305,21.0,0,-0.4328748962875366,21.002766820610212,20.75,21.25
3193.0,21.16978337265145,21.437434942744854,5.6955079637248565,21.0,0,-0.4374349427448543,21.48303540731803,20.75,21.25
3194.0,21.166688517569668,21.364806384152594,5.693871303146511,21.0,1,-0.3648063841525939,20.63852079822999,20.75,21.25
3195.0,21.183593954126785,21.376417342770914,5.692234114154986,21.0,0,-0.3764173427709139,21.492526928954113,20.75,21.25
3196.0,21.180495682158792,21.38044582086934,5.69059639799707,21.0,0,-0.3804458208693404,21.420730601853606,20.75,21.25
3197.0,21.17739770230196,21.401608476974378,5.688958155919955,21.0,0,-0.40160847697437774,21.61323503802475,20.75,21.25
3198.0,21.174300014392685,21.406994603966098,5.687319389171233,21.0,0,-0.40699460396609766,21.460855873883297,20.75,21.25
3199.0,21.17120261826764,21.442969219541503,5.685680098998897,21.0,0,-0.4429692195415029,21.802715375295556,20.75,21.25
3200.0,21.168105513763784,21.554807069129048,5.684040286651338,21.0,0,-0.5548070691290476,22.673185565004495,20.75,21.25
3201.0,21.16500870071836,21.561381776112434,5.6823999533773435,21.0,0,-0.5613817761124338,21.627128845946295,20.75,21.25
3202.0,21.16191217896889,21.600151738054535,5.6807591004261,21.0,0,-0.6001517380545351,21.98785135747555,20.75,21.25
3203.0,21.158815948353183,21.543394332278076,5.679117729047189,21.0,0,-0.5433943322780763,20.975820274513488,20.75,21.25
3204.0,21.155720008709324,21.516616057300816,5.677475840490582,21.0,0,-0.5166160573008156,21.24883330752821,20.75,21.25
3205.0,21.15262435987568,21.379641717720553,5.675833436006654,21.0,1,-0.37964171772055266,20.009898321917923,20.75,21.25
3206.0,21.169529001690908,21.325232358223275,5.674190516846164,21.0,1,-0.3252323582232748,20.781138763250496,20.75,21.25
3207.0,21.18642993399394,21.25200622703985,5.672547084260269,21.0,1,-0.25200622703984976,20.5197449152056,20.75,21.25
3208.0,21.203327157423992,21.209420034421992,5.67090313950051,21.0,1,-0.20942003442199209,20.783558108243415,20.75,21.25
3209.0,21.220220672620407,21.257854555665677,5.669258683818827,21.0,0,-0.25785455566567705,21.742199768102527,20.75,21.25
3210.0,21.217110480222647,21.29115706365419,5.667613718467543,21.0,0,-0.2911570636541896,21.624182143539315,20.75,21.25
3211.0,21.214000580870298,21.38883695301806,5.665968244699369,21.0,0,-0.3888369530180604,22.36563584665677,20.75,21.25
3212.0,21.210890974403064,21.52502904154904,5.664322263767406,21.0,0,-0.5250290415490397,22.886949926858833,20.75,21.25
3213.0,21.207781660660938,21.533297534559782,5.662675776925143,21.0,0,-0.5332975345597823,21.61598246466721,20.75,21.25
3214.0,21.20467263948419,21.469080499145324,5.6610287854264465,21.0,0,-0.4690804991453241,20.826910145000742,20.75,21.25
3215.0,21.20156391071338,21.552286628234253,5.659381290525575,21.0,0,-0.5522866282342527,22.384347919123538,20.75,21.25
3216.0,21.19845547418934,21.48848591194797,5.6577332934771665,21.0,0,-0.48848591194796853,20.850478749085127,20.75,21.25
3217.0,21.195347329753197,21.3801277321624,5.656084795536243,21.0,1,-0.3801277321623999,20.296545934306714,20.75,21.25
3218.0,21.212239477246353,21.453907548725397,5.654435797958208,21.0,0,-0.45390754872539674,22.191705714355365,20.75,21.25
3219.0,21.209127916510496,21.416258256905234,5.6527863019988445,21.0,0,-0.416258256905234,21.039765338703607,20.75,21.25
3220.0,21.206016648187592,21.333016902657178,5.651136308914314,21.0,1,-0.3330169026571781,20.50060336017662,20.75,21.25
3221.0,21.222905672119737,21.38377508329046,5.649485819961159,21.0,0,-0.38377508329045895,21.891356889623268,20.75,21.25
3222.0,21.219790988149306,21.437744358646547,5.647834836396299,21.0,0,-0.4377443586465475,21.977437112207433,20.75,21.25
3223.0,21.216676596918955,21.431274638226515,5.64618335947703,21.0,0,-0.43127463822651535,21.366577434026194,20.75,21.25
3224.0,21.213562498271468,21.469260978966496,5.644531390461022,21.0,0,-0.46926097896649566,21.8491243863663,20.75,21.25
3225.0,21.210448692049905,21.529901779472485,5.642878930606323,21.0,0,-0.5299017794724854,22.136309784532383,20.75,21.25
3226.0,21.207335178097615,21.53475531168315,5.6412259811713525,21.0,0,-0.5347553116831492,21.583290633789787,20.75,21.25
3227.0,21.20422195625823,21.427390079581233,5.639572543414903,21.0,1,-0.4273900795812331,20.353737758562072,20.75,21.25
3228.0,21.22110902637566,21.4251294391257,5.63791861859614,21.0,0,-0.4251294391257012,21.402523034570383,20.75,21.25
3229.0,21.217992388294107,21.46922954614231,5.636264207974599,21.0,0,-0.4692295461423086,21.910230616308382,20.75,21.25
3230.0,21.214876042658044,21.435590684336493,5.634609312810185,21.0,0,-0.43559068433649273,21.099202066278334,20.75,21.25
3231.0,21.211759989312075,21.381806018167126,5.632953934363172,21.0,0,-0.38180601816712567,20.843959356473455,20.75,21.25
3232.0,21.208644228101086,21.417059212438886,5.631298073894206,21.0,0,-0.4170592124388861,21.76959115515649,20.75,21.25
3233.0,21.205528758870244,21.437758498730872,5.629641732664292,21.0,0,-0.43775849873087225,21.644751361650734,20.75,21.25
3234.0,21.202413581465002,21.428884299442224,5.627984911934809,21.0,0,-0.42888429944222395,21.34014230655574,20.75,21.25
3235.0,21.199298695731095,21.36503309818044,5.6263276129675,21.0,1,-0.36503309818044016,20.726521085562602,20.75,21.25
3236.0,21.216184101514543,21.397578317461647,5.624669837024466,21.0,0,-0.3975783174616474,21.72303051027372,20.75,21.25
3237.0,21.213065798661646,21.4776189276945,5.623011585368176,21.0,0,-0.47761892769450043,22.27802503002303,20.75,21.25
3238.0,21.209947787818987,21.497064024790483,5.621352859261464,21.0,0,-0.4970640247904825,21.691514995750303,20.75,21.25
3239.0,21.206830068833273,21.559072208698634,5.619693659967519,21.0,0,-0.5590722086986339,22.17915404778015,20.75,21.25
3240.0,21.2037126415515,21.583130968928216,5.618033988749896,21.0,0,-0.5831309689282165,21.823718571224042,20.75,21.25
3241.0,21.200595505820942,21.596038592038788,5.616373846872504,21.0,0,-0.5960385920387878,21.7251148231445,20.75,21.25
3242.0,21.197478661489153,21.5251855594717,5.6147132355996145,21.0,0,-0.5251855594717014,20.816655233800837,20.75,21.25
3243.0,21.194362108403975,21.443239463653395,5.613052156195856,21.0,1,-0.44323946365339495,20.62377850547033,20.75,21.25
3244.0,21.211245846413533,21.392231662460464,5.611390609926211,21.0,1,-0.39223166246046404,20.882153650531155,20.75,21.25
3245.0,21.228125875366235,21.426215905732036,5.609728598056021,21.0,0,-0.42621590573203605,21.766058338447756,20.75,21.25
3246.0,21.225002195910772,21.452519154547197,5.608066121850982,21.0,0,-0.45251915454719693,21.715551642698806,20.75,21.25
3247.0,21.22187880869596,21.552378551092147,5.606403182577136,21.0,0,-0.5523785510921471,22.55097251654165,20.75,21.25
3248.0,21.218755713570733,21.592832481102647,5.604739781500889,21.0,0,-0.5928324811026471,21.997371781207647,20.75,21.25
3249.0,21.21563291038432,21.626743478824018,5.603075919888992,21.0,0,-0.626743478824018,21.965853456037728,20.75,21.25
3250.0,21.21251039898622,21.579785129799028,5.601411599008546,21.0,0,-0.5797851297990277,21.110201639549125,20.75,21.25
3251.0,21.209388179226224,21.534198384277367,5.599746820127007,21.0,0,-0.5341983842773672,21.078330929060762,20.75,21.25
3252.0,21.206266250954403,21.49700250835607,5.598081584512174,21.0,0,-0.4970025083560685,21.12504374914308,20.75,21.25
3253.0,21.203144614021117,21.450294565085933,5.596415893432197,21.0,0,-0.45029456508593313,20.98321513238458,20.75,21.25
3254.0,21.200023268277,21.397125299987383,5.5947497481555715,21.0,0,-0.39712529998738333,20.865432649001885,20.75,21.25
3255.0,21.196902213572976,21.41307240525169,5.593083149951142,21.0,0,-0.41307240525168964,21.572543457894753,20.75,21.25
3256.0,21.19378144976025,21.404224464441278,5.591416100088093,21.0,0,-0.4042244644412776,21.315745056337157,20.75,21.25
3257.0,21.190660976690317,21.442034406733885,5.589748599835958,21.0,0,-0.4420344067338853,21.820133829659962,20.75,21.25
3258.0,21.187540794214947,21.436512700401842,5.588080650464608,21.0,0,-0.43651270040184187,21.381295637081408,20.75,21.25
3259.0,21.184420902186197,21.41553564232627,5.586412253244261,21.0,0,-0.41553564232626883,21.20576506157054,20.75,21.25
3260.0,21.181301300456408,21.460996238886885,5.5847434094454735,21.0,0,-0.4609962388868851,21.915602204493048,20.75,21.25
3261.0,21.178181988878205,21.429981990655104,5.583074120339143,21.0,0,-0.42998199065510434,21.119839508337297,20.75,21.25
3262.0,21.1750629673045,21.360788727827817,5.581404387196506,21.0,1,-0.360788727827817,20.668856099554944,20.75,21.25
3263.0,21.191944235588476,21.395855191980143,5.579734211289136,21.0,0,-0.39585519198014296,21.746519833503402,20.75,21.25
3264.0,21.188821793583617,21.4467269850851,5.578063593888944,21.0,0,-0.44672698508509967,21.955444916134667,20.75,21.25
3265.0,21.18569964194368,21.407255361821008,5.5763925362681785,21.0,0,-0.40725536182100797,21.01253912918009,20.75,21.25
3266.0,21.182577780522543,21.51098103471549,5.5747210396994245,21.0,0,-0.5109810347154884,22.548237763660293,20.75,21.25
3267.0,21.17945620917438,21.493068449887726,5.573049105455596,21.0,0,-0.49306844988772625,21.313942601610105,20.75,21.25
3268.0,21.176334927753636,21.453365265730557,5.571376734809948,21.0,0,-0.45336526573055735,21.05633342415887,20.75,21.25
3269.0,21.173213936115047,21.43535153415874,5.569703929036059,21.0,0,-0.43535153415874106,21.255214218440578,20.75,21.25
3270.0,21.170093234113633,21.4754891376298,5.568030689407845,21.0,0,-0.4754891376298005,21.876865172340395,20.75,21.25
3271.0,21.16697282160469,21.409690459313623,5.566357017199552,21.0,0,-0.409690459313623,20.75170367615185,20.75,21.25
3272.0,21.16385269844381,21.421640343002913,5.564682913685753,21.0,0,-0.4216403430029132,21.541139179895815,20.75,21.25
3273.0,21.16073286448686,21.43470851057113,5.563008380141352,21.0,0,-0.4347085105711308,21.565390186253307,20.75,21.25
3274.0,21.15761331958999,21.434132019234646,5.561333417841576,21.0,0,-0.43413201923464584,21.428367105869796,20.75,21.25
3275.0,21.15449406360964,21.441142760525523,5.5596580280619845,21.0,0,-0.4411427605255227,21.51125017343429,20.75,21.25
3276.0,21.151375096402532,21.420601549710074,5.557982212078459,21.0,0,-0.42060154971007435,21.21518944155559,20.75,21.25
3277.0,21.148256417825667,21.438917895321065,5.556305971167205,21.0,0,-0.4389178953210653,21.622081351430975,20.75,21.25
3278.0,21.145138027736337,21.508083423886028,5.554629306604755,21.0,0,-0.5080834238860277,22.19973870953565,20.75,21.25
3279.0,21.14201992599211,21.562665967874715,5.552952219667962,21.0,0,-0.5626659678747146,22.108491407761584,20.75,21.25
3280.0,21.138902112450843,21.567670888464754,5.551274711633998,21.0,0,-0.5676708884647539,21.617720094365147,20.75,21.25
3281.0,21.13578458697068,21.57083256251111,5.549596783780362,21.0,0,-0.5708325625111108,21.60244930297468,20.75,21.25
3282.0,21.132667349410042,21.533617074817244,5.547918437384865,21.0,0,-0.5336170748172435,21.16146219787857,20.75,21.25
3283.0,21.129550399627636,21.517805960144127,5.546239673725643,21.0,0,-0.5178059601441269,21.35969481341296,20.75,21.25
3284.0,21.126433737482454,21.469872209072523,5.544560494081149,21.0,0,-0.46987220907252336,20.990534698356488,20.75,21.25
3285.0,21.123317362833774,21.451306789526225,5.542880899730149,21.0,0,-0.4513067895262246,21.265652594063237,20.75,21.25
3286.0,21.120201275541152,21.40609392118872,5.541200891951728,21.0,0,-0.40609392118872023,20.953965237813676,20.75,21.25
3287.0,21.117085475464435,21.393333214042016,5.539520472025284,21.0,0,-0.39333321404201627,21.265726142574977,20.75,21.25
3288.0,21.11396996246375,21.370475327848222,5.537839641230532,21.0,0,-0.37047532784822224,21.141896465910282,20.75,21.25
3289.0,21.110854736399503,21.31339695145174,5.536158400847496,21.0,1,-0.3133969514517396,20.742613187486914,20.75,21.25
3290.0,21.127739797132392,21.29176169804959,5.534476752156514,21.0,1,-0.29176169804959073,21.075409164028102,20.75,21.25
3291.0,21.1446211445234,21.398165206780416,5.532794696438235,21.0,0,-0.39816520678041556,22.462200294088664,20.75,21.25
3292.0,21.141498779233782,21.45821890413446,5.531112234973618,21.0,0,-0.4582189041344584,22.058755877674887,20.75,21.25
3293.0,21.13837670192493,21.396563706174682,5.529429369043929,21.0,0,-0.39656370617468184,20.780011726576916,20.75,21.25
3294.0,21.135254912458354,21.419745976022377,5.527746099930746,21.0,0,-0.4197459760223765,21.651568674499323,20.75,21.25
3295.0,21.132133410695847,21.407525804149127,5.52606242891595,21.0,0,-0.4075258041491274,21.285324085416637,20.75,21.25
3296.0,21.12901219649949,21.388502407372165,5.52437835728173,21.0,0,-0.38850240737216524,21.198268439602543,20.75,21.25
3297.0,21.12589126973165,21.34847019194651,5.522693886310579,21.0,0,-0.34847019194651097,20.94814803768997,20.75,21.25
3298.0,21.122770630254966,21.384126348794144,5.521009017285297,21.0,0,-0.384126348794144,21.740687917270474,20.75,21.25
3299.0,21.119650277932372,21.34285986643664,5.519323751488983,21.0,0,-0.34285986643664046,20.930195042861605,20.75,21.25
3300.0,21.116530212627083,21.35382167506364,5.5176380902050415,21.0,0,-0.3538216750636387,21.46343976133362,20.75,21.25
3301.0,21.1134104342026,21.378668748715608,5.515952034717177,21.0,0,-0.37866874871560796,21.6271394852353,20.75,21.25
3302.0,21.110290942522703,21.39105196846973,5.514265586309393,21.0,0,-0.39105196846972845,21.514884166010933,20.75,21.25
3303.0,21.10717173745146,21.39571200312277,5.512578746265993,21.0,0,-0.395712003122771,21.442312349653196,20.75,21.25
3304.0,21.104052818853223,21.45682572145761,5.510891515871581,21.0,0,-0.4568257214576086,22.067962904805984,20.75,21.25
3305.0,21.100934186592628,21.46624813080549,5.509203896411055,21.0,0,-0.4662481308054893,21.560472224284297,20.75,21.25
3306.0,21.09781584053459,21.397081393237983,5.507515889169611,21.0,1,-0.39708139323798264,20.705414017562916,20.75,21.25
3307.0,21.11469778054432,21.363298508540346,5.50582749543274,21.0,1,-0.3632985085403462,21.02546966156398,20.75,21.25
3308.0,21.131576006487297,21.392256402144216,5.504138716486228,21.0,0,-0.3922564021442163,21.681835338182918,20.75,21.25
3309.0,21.128450519029297,21.42085439549961,5.5024495536161515,21.0,0,-0.42085439549961023,21.70683432905355,20.75,21.25
3310.0,21.125325318836214,21.40750842692038,5.500760008108883,21.0,0,-0.4075084269203799,21.274048741128077,20.75,21.25
3311.0,21.12220040577407,21.412832339682144,5.499070081251085,21.0,0,-0.4128323396821436,21.46607146729978,20.75,21.25
3312.0,21.119075779709163,21.417103553097718,5.49737977432971,21.0,0,-0.41710355309771785,21.45981568725346,20.75,21.25
3313.0,21.115951440508088,21.304480761844708,5.495689088632,21.0,1,-0.30448076184470807,20.17825284931461,20.75,21.25
3314.0,21.13282738803771,21.293564913747538,5.493998025445486,21.0,1,-0.293564913747538,21.184406432775837,20.75,21.25
3315.0,21.149699622165194,21.345214767789464,5.492306586057986,21.0,0,-0.34521476778946436,21.861713308208728,20.75,21.25
3316.0,21.14656814355797,21.39302117106508,5.490614771757604,21.0,0,-0.3930211710650795,21.87108520382123,20.75,21.25
3317.0,21.14343695288361,21.425799460154987,5.488922583832734,21.0,0,-0.4257994601549875,21.753582351054067,20.75,21.25
3318.0,21.1403060500098,21.522184776839776,5.487230023572046,21.0,0,-0.5221847768397758,22.48603794368766,20.75,21.25
3319.0,21.137175434804515,21.488384246477654,5.485537092264499,21.0,0,-0.4883842464776542,21.150378942856438,20.75,21.25
3320.0,21.134045107136007,21.421562313810476,5.483843791199336,21.0,0,-0.42156231381047604,20.753342987138694,20.75,21.25
3321.0,21.13091506687282,21.372500759526844,5.482150121666077,21.0,0,-0.3725007595268437,20.88188521669052,20.75,21.25
3322.0,21.127785313883777,21.409997899686267,5.480456084954528,21.0,0,-0.40999789968626743,21.784969301280505,20.75,21.25
3323.0,21.124655848037992,21.411940976748774,5.478761682354769,21.0,0,-0.41194097674877383,21.431371747373838,20.75,21.25
3324.0,21.121526669204854,21.447437967133666,5.477066915157162,21.0,0,-0.44743796713366635,21.80240787098259,20.75,21.25
3325.0,21.118397777254046,21.4176573724477,5.475371784652347,21.0,0,-0.4176573724476995,21.11985142558803,20.75,21.25
3326.0,21.115269172055527,21.49539802567623,5.473676292131238,21.0,0,-0.4953980256762307,22.272804557961543,20.75,21.25
3327.0,21.11214085347954,21.526495262324108,5.471980438885026,21.0,0,-0.5264952623241079,21.83746762880288,20.75,21.25
3328.0,21.10901282139662,21.47137722080281,5.47028422620518,21.0,0,-0.4713772208028111,20.920196805589843,20.75,21.25
3329.0,21.105885075677584,21.455122284187013,5.468587655383438,21.0,0,-0.45512228418701284,21.29257291802903,20.75,21.25
3330.0,21.102757616193525,21.51195966777221,5.466890727711811,21.0,0,-0.51195966777221,22.080333503624182,20.75,21.25
3331.0,21.09963044281583,21.452704810290847,5.465193444482585,21.0,0,-0.45270481029084664,20.860156235477213,20.75,21.25
3332.0,21.096503555416163,21.305826769314148,5.463495806988314,21.0,1,-0.3058267693141481,19.837046359547163,20.75,21.25
3333.0,21.113376953866478,21.373826371295408,5.461797816521824,21.0,0,-0.37382637129540797,22.053822391108007,20.75,21.25
3334.0,21.11024663803901,21.342597664610242,5.460099474376209,21.0,0,-0.342597664610242,21.030310597758582,20.75,21.25
3335.0,21.107116608606276,21.263267264211304,5.458400781844829,21.0,1,-0.2632672642113043,20.469963260221927,20.75,21.25
3336.0,21.123986865440923,21.209983410555814,5.456701740221312,21.0,1,-0.2099834105558145,20.677144874000916,20.75,21.25
3337.0,21.14085340841588,21.28589142815033,5.455002350799552,21.0,0,-0.28589142815032886,22.044971604095473,20.75,21.25
3338.0,21.137716238204355,21.238235819336257,5.45330261487371,21.0,0,-0.23823581933625704,20.76167973119554,20.75,21.25
3339.0,21.13457935547969,21.261929695202223,5.451602533738207,21.0,0,-0.2619296952022232,21.498868453861885,20.75,21.25
3340.0,21.13144276011534,21.267937398274636,5.449902108687731,21.0,0,-0.26793739827463625,21.328014428998767,20.75,21.25
3341.0,21.128306451985054,21.325334934858894,5.448201341017226,21.0,0,-0.3253349348588941,21.899310300701472,20.75,21.25
3342.0,21.12517043096286,21.261515514627852,5.4465002320219025,21.0,1,-0.2615155146278525,20.623321312317437,20.75,21.25
3343.0,21.142034696923073,21.271886168153067,5.44479878299723,21.0,0,-0.2718861681530669,21.37559270340521,20.75,21.25
3344.0,21.138895249740287,21.28734771020072,5.4430969952389345,21.0,0,-0.28734771020072003,21.44196313067725,20.75,21.25
3345.0,21.135756090089387,21.30770093580189,5.441394870043003,21.0,0,-0.30770093580188984,21.511233191813588,20.75,21.25
3346.0,21.13261721784538,21.31532327713362,5.4396924087056755,21.0,0,-0.3153232771336185,21.391546690450905,20.75,21.25
3347.0,21.12947863288355,21.382337403637734,5.4379896125234515,21.0,0,-0.3823374036377345,22.052478668678894,20.75,21.25
3348.0,21.12634033507948,21.38663202720958,5.4362864827930855,21.0,0,-0.3866320272095791,21.429578262928025,20.75,21.25
3349.0,21.123202324309023,21.383338138926337,5.434583020811583,21.0,0,-0.3833381389263373,21.35039925609392,20.75,21.25
3350.0,21.120064600448323,21.40438272810643,5.432879227876206,21.0,0,-0.4043827281064303,21.61482861990736,20.75,21.25
3351.0,21.11692716337381,21.40166331035819,5.431175105284466,21.0,0,-0.4016633103581917,21.374469132875806,20.75,21.25
3352.0,21.11379001296219,21.418193984082826,5.429470654334127,21.0,0,-0.4181939840828264,21.583500721329173,20.75,21.25
3353.0,21.110653149090467,21.392249102939935,5.4277658763232015,21.0,0,-0.3922491029399353,21.132800291511025,20.75,21.25
3354.0,21.107516571635912,21.343180217312984,5.4260607725499534,21.0,0,-0.34318021731298387,20.85249136104347,20.75,21.25
3355.0,21.104380280476096,21.335230694377152,5.424355344312892,21.0,0,-0.33523069437715236,21.255735465018837,20.75,21.25
3356.0,21.101244275488863,21.33147010546083,5.422649592910778,21.0,0,-0.33147010546083067,21.293864216297614,20.75,21.25
3357.0,21.098108556552347,21.29026852906248,5.420943519642612,21.0,0,-0.29026852906248024,20.878252765078976,20.75,21.25
3358.0,21.094973123544964,21.20874469165434,5.419237125807644,21.0,1,-0.2087446916543385,20.39350631757292,20.75,21.25
3359.0,21.111837976345416,21.226940096219934,5.417530412705367,21.0,0,-0.22694009621993416,21.40889414187589,20.75,21.25
3360.0,21.10869911483269,21.26069442652483,5.415823381635518,21.0,0,-0.26069442652482877,21.598237729573775,20.75,21.25
3361.0,21.10556053968605,21.22285453396365,5.414116033898076,21.0,0,-0.2228545339636483,20.844455608351844,20.75,21.25
3362.0,21.10242225078489,21.28149563782623,5.412408370793259,21.0,0,-0.2814956378262288,21.867906676452034,20.75,21.25
3363.0,21.099284248008892,21.42485953759526,5.410700393621528,21.0,0,-0.4248595375952604,22.858498535285577,20.75,21.25
3364.0,21.096146531238016,21.41422577769082,5.408992103683581,21.0,0,-0.41422577769082025,21.30788817864642,20.75,21.25
3365.0,21.093009100352507,21.33731021827072,5.407283502280355,21.0,1,-0.3373102182707193,20.56815462406971,20.75,21.25
3366.0,21.109871955232894,21.430557923083548,5.405574590713025,21.0,0,-0.4305579230835477,22.36303497121183,20.75,21.25
3367.0,21.10673109575999,21.427510358867647,5.403865370283002,21.0,0,-0.42751035886764654,21.397034716708635,20.75,21.25
3368.0,21.103590522614894,21.38760396658588,5.40215584229193,21.0,0,-0.38760396658587837,20.988540043768197,20.75,21.25
3369.0,21.100450235678828,21.43904900462984,5.40044600804169,21.0,0,-0.4390490046298403,21.95349938506946,20.75,21.25
3370.0,21.0973102348333,21.422386165900896,5.398735868834395,21.0,0,-0.42238616590089606,21.255757778611454,20.75,21.25
3371.0,21.0941705199601,21.359008900921634,5.39702542597239,21.0,1,-0.3590089009216335,20.725236251129008,20.75,21.25
3372.0,21.111031090941303,21.325051487953296,5.3953146807582515,21.0,1,-0.32505148795329575,20.985477358269918,20.75,21.25
3373.0,21.127887947659268,21.32602792302169,5.393603634494789,21.0,0,-0.3260279230216909,21.335792273705643,20.75,21.25
3374.0,21.124741090796636,21.382629757525525,5.391892288485036,21.0,0,-0.38262975752552464,21.948648102563862,20.75,21.25
3375.0,21.121594521036172,21.472259722055092,5.390180644032256,21.0,0,-0.47225972205509237,22.36855936735077,20.75,21.25
3376.0,21.118448238260772,21.501950458917033,5.388468702439944,21.0,0,-0.5019504589170332,21.79885782753644,20.75,21.25
3377.0,21.115302242353607,21.481252925674397,5.386756465011816,21.0,0,-0.48125292567439715,21.274277593248037,20.75,21.25
3378.0,21.11215653319814,21.46386317449164,5.385043933051816,21.0,0,-0.46386317449163883,21.289965662664056,20.75,21.25
3379.0,21.10901111067811,21.41091100562401,5.38333110786411,21.0,0,-0.4109110056240084,20.881389316947704,20.75,21.25
3380.0,21.10586597467755,21.418173802479288,5.38161799075309,21.0,0,-0.4181738024792878,21.490801771032082,20.75,21.25
3381.0,21.102721125080762,21.289653086503602,5.37990458302337,21.0,1,-0.289653086503602,20.004445926746744,20.75,21.25
3382.0,21.11957656177235,21.322407803522076,5.378190885979782,21.0,0,-0.32240780352207565,21.649954973706812,20.75,21.25
3383.0,21.116428284637195,21.41524634648203,5.3764769009273845,21.0,0,-0.4152463464820286,22.34363177608156,20.75,21.25
3384.0,21.113280294360454,21.386990014603974,5.37476262917145,21.0,0,-0.386990014603974,21.104426695823427,20.75,21.25
3385.0,21.110132590827416,21.305718746654613,5.373048072017469,21.0,1,-0.3057187466546125,20.493006067160998,20.75,21.25
3386.0,21.126985173923654,21.40949468528941,5.371333230771154,21.0,0,-0.4094946852894097,22.44725407163738,20.75,21.25
3387.0,21.123834043535023,21.428112707266948,5.369618106738431,21.0,0,-0.4281127072669477,21.614292927042328,20.75,21.25
3388.0,21.120683200347663,21.397554173417344,5.367902701225439,21.0,0,-0.397554173417344,21.091968834921307,20.75,21.25
3389.0,21.117532644247838,21.40847962140493,5.366187015538539,21.0,0,-0.4084796214049291,21.51773410128078,20.75,21.25
3390.0,21.114382375122098,21.48922150591671,5.364471050984296,21.0,0,-0.48922150591671,22.29664035103452,20.75,21.25
3391.0,21.11123239285727,21.41214774757493,5.362754808869492,21.0,1,-0.4121477475749309,20.64141016415714,20.75,21.25
3392.0,21.128082697340474,21.37576785789228,5.36103829050112,21.0,1,-0.3757678578922814,21.011968961065786,20.75,21.25
3393.0,21.144929288459107,21.419076683453277,5.359321497186385,21.0,0,-0.41907668345327664,21.85216493906323,20.75,21.25
3394.0,21.141772166900854,21.435201681662452,5.3576044302326995,21.0,0,-0.435201681662452,21.596451663754205,20.75,21.25
3395.0,21.13861533335352,21.390883653397776,5.355887090947684,21.0,0,-0.39088365339777553,20.94770337075101,20.75,21.25
3396.0,21.13545878770504,21.52420872013266,5.354169480639166,21.0,0,-0.5242087201326591,22.857459387481494,20.75,21.25
3397.0,21.132302529843628,21.512753874944543,5.352451600615184,21.0,0,-0.5127538749445435,21.398205423063388,20.75,21.25
3398.0,21.129146559657784,21.479912156175324,5.350733452183974,21.0,0,-0.4799121561753239,21.151494968483128,20.75,21.25
3399.0,21.12599087703629,21.51955019652244,5.3490150366539835,21.0,0,-0.5195501965224416,21.91593059999362,20.75,21.25
3400.0,21.122835481868215,21.65991720192727,5.347296355333861,21.0,0,-0.6599172019272714,23.06358725597557,20.75,21.25
3401.0,21.119680374042908,21.56109726717323,5.3455774095324555,21.0,1,-0.5610972671732313,20.57289791963283,20.75,21.25
3402.0,21.136525553450006,21.54909541879872,5.343858200558819,21.0,0,-0.5490954187987214,21.429076935053622,20.75,21.25
3403.0,21.133367019979428,21.579174845153663,5.342138729722206,21.0,0,-0.5791748451536627,21.879969108703076,20.75,21.25
3404.0,21.130208774321375,21.425729555947274,5.340418998332066,21.0,1,-0.42572955594727446,19.891276663883392,20.75,21.25
3405.0,21.14705081636618,21.359046951326025,5.3386990076980485,21.0,1,-0.35904695132602527,20.692220905113533,20.75,21.25
3406.0,21.163889146004443,21.379084823340786,5.336978759130005,21.0,0,-0.3790848233407864,21.579463543488398,20.75,21.25
3407.0,21.16072376392707,21.37898929371008,5.335258253937978,21.0,0,-0.37898929371008094,21.378033997403026,20.75,21.25
3408.0,21.157558670825072,21.301776842760624,5.333537493432204,21.0,1,-0.3017768427606242,20.529652333266057,20.75,21.25
3409.0,21.174393866589593,21.488709302839304,5.3318164789231215,21.0,0,-0.4887093028393039,23.3580339036261,20.75,21.25
3410.0,21.17122535111206,21.512673935558034,5.330095211721355,21.0,0,-0.5126739355580341,21.752320262745336,20.75,21.25
3411.0,21.168057125084182,21.58120970247845,5.328373693137727,21.0,0,-0.5812097024784499,22.26656737168261,20.75,21.25
3412.0,21.164889188397794,21.621773937411877,5.326651924483245,21.0,0,-0.6217739374118771,22.02741628674615,20.75,21.25
3413.0,21.16172154094501,21.635505704109065,5.324929907069113,21.0,0,-0.6355057041090646,21.77282337108094,20.75,21.25
3414.0,21.158554182618236,21.52956359532881,5.3232076422067225,21.0,1,-0.5295635953288098,20.470142507526262,20.75,21.25
3415.0,21.175387113310155,21.528066733338182,5.321485131207652,21.0,0,-0.5280667333381821,21.513098113431905,20.75,21.25
3416.0,21.172216332913735,21.573356208654044,5.31976237538367,21.0,0,-0.5733562086540438,22.02625096181266,20.75,21.25
3417.0,21.169045842122227,21.565645904857483,5.3180393760467295,21.0,0,-0.5656459048574831,21.488542866891876,20.75,21.25
3418.0,21.16587564082901,21.535373817762085,5.316316134508967,21.0,0,-0.5353738177620855,21.23265294680811,20.75,21.25
3419.0,21.162705728927747,21.56875109450528,5.314592652082709,21.0,0,-0.5687510945052807,21.902523861937233,20.75,21.25
3420.0,21.159536106312377,21.473125595247687,5.312868930080462,21.0,1,-0.47312559524768716,20.51687060267175,20.75,21.25
3421.0,21.17636677287713,21.41385245813436,5.311144969814913,21.0,1,-0.413852458134361,20.8211210870011,20.75,21.25
3422.0,21.19319372851652,21.43496752660539,5.309420772598937,21.0,0,-0.43496752660539073,21.646118211315688,20.75,21.25
3423.0,21.190016973925335,21.456076953370466,5.307696339745581,21.0,0,-0.4560769533704665,21.667171221021224,20.75,21.25
3424.0,21.1868405097985,21.412816710598193,5.305971672568077,21.0,0,-0.412816710598193,20.98021428287546,20.75,21.25
3425.0,21.183664336031054,21.502461437719578,5.304246772379833,21.0,0,-0.5024614377195782,22.39890870893343,20.75,21.25
3426.0,21.180488452518322,21.467728552204864,5.302521640494438,21.0,0,-0.4677285522048642,21.120399697057724,20.75,21.25
3427.0,21.17731285915592,21.499898404101575,5.300796278225654,21.0,0,-0.49989840410157527,21.821596923068686,20.75,21.25
3428.0,21.17413755583973,21.516709929405557,5.299070686887419,21.0,0,-0.5167099294055575,21.68482518244538,20.75,21.25
3429.0,21.17096254246594,21.576578945455477,5.297344867793846,21.0,0,-0.576578945455477,22.175269105954673,20.75,21.25
3430.0,21.167787818931007,21.56373720950561,5.295618822259222,21.0,0,-0.5637372095056108,21.435319850006948,20.75,21.25
3431.0,21.164613385131673,21.570492113516657,5.293892551598003,21.0,0,-0.5704921135166572,21.63804115362712,20.75,21.25
3432.0,21.161439240964967,21.47102639505207,5.292166057124823,21.0,1,-0.4710263950520712,20.47636921040621,20.75,21.25
3433.0,21.1782653863282,21.468764627388744,5.290439340154482,21.0,0,-0.4687646273887438,21.44614695075547,20.75,21.25
3434.0,21.175087821118964,21.41515662847751,5.288712402001948,21.0,0,-0.41515662847751145,20.879076639365188,20.75,21.25
3435.0,21.17191054603514,21.406512049349647,5.286985243982358,21.0,0,-0.40651204934964724,21.320066258071005,20.75,21.25
3436.0,21.16873356097473,21.450083472714063,5.2852578674110235,21.0,0,-0.4500834727140628,21.88579770635822,20.75,21.25
3437.0,21.165556865836017,21.566385711815304,5.2835302736034135,21.0,0,-0.566385711815304,22.729408102827716,20.75,21.25
3438.0,21.16238046051757,21.53837166248808,5.281802463875165,21.0,0,-0.5383716624880783,21.258231169215822,20.75,21.25
3439.0,21.159204344918244,21.524920337996498,5.2800744395420836,21.0,0,-0.5249203379964982,21.390407093080697,20.75,21.25
3440.0,21.15602851893717,21.520737756764532,5.278346201920131,21.0,0,-0.5207377567645324,21.478911944444874,20.75,21.25
3441.0,21.152852982473767,21.475461969280303,5.276617752325437,21.0,0,-0.47546196928030326,21.022704094438012,20.75,21.25
3442.0,21.149677735427737,21.443750721447298,5.274889092074293,21.0,0,-0.443750721447298,21.126638243117245,20.75,21.25
3443.0,21.146502777699066,21.456252343890164,5.273160222483147,21.0,0,-0.45625234389016356,21.58126856831882,20.75,21.25
3444.0,21.143328109188023,21.523935249459733,5.27143114486861,21.0,0,-0.5239352494597327,22.200764305155424,20.75,21.25
3445.0,21.14015372979516,21.516618849799535,5.269701860547446,21.0,0,-0.516618849799535,21.443454853197558,20.75,21.25
3446.0,21.13697963942131,21.49049353930618,5.267972370836585,21.0,0,-0.4904935393061791,21.22924043437262,20.75,21.25
3447.0,21.133805837967593,21.50007609784081,5.266242677053105,21.0,0,-0.500076097840811,21.59590168318713,20.75,21.25
3448.0,21.13063232533541,21.461617040824336,5.264512780514244,21.0,0,-0.4616170408243363,21.07702647065959,20.75,21.25
3449.0,21.127459101426446,21.39342708184051,5.262782682537396,21.0,1,-0.39342708184051034,20.71152749200225,20.75,21.25
3450.0,21.144286166142667,21.348735376835712,5.261052384440104,21.0,1,-0.34873537683571243,20.901818326787733,20.75,21.25
3451.0,21.161109519386326,21.332239726069826,5.259321887540064,21.0,1,-0.332239726069826,21.16728321841096,20.75,21.25
3452.0,21.177929161859957,21.333450979550634,5.257591193155125,21.0,0,-0.3334509795506335,21.34556351435871,20.75,21.25
3453.0,21.174745094266218,21.333787893819924,5.255860302603288,21.0,0,-0.3337878938199239,21.337157036512828,20.75,21.25
3454.0,21.171561317307884,21.38005513427439,5.2541292172027,21.0,0,-0.3800551342743894,21.842727538819044,20.75,21.25
3455.0,21.168377830887863,21.429454153842073,5.25239793827166,21.0,0,-0.4294541538420731,21.92344434951891,20.75,21.25
3456.0,21.16519463490934,21.49035906601859,5.250666467128609,21.0,0,-0.49035906601859125,22.099408187783773,20.75,21.25
3457.0,21.162011729275786,21.477470908342433,5.248934805092139,21.0,0,-0.47747090834243266,21.348589331580847,20.75,21.25
3458.0,21.15882911389095,21.55962778904091,5.247202953480985,21.0,0,-0.5596277890409098,22.38119659602568,20.75,21.25
3459.0,21.155646788658867,21.493181208258385,5.24547091361403,21.0,0,-0.49318120825838463,20.828715400433133,20.75,21.25
3460.0,21.15246475348386,21.484374090181944,5.243738686810295,21.0,0,-0.48437409018194444,21.396302909417543,20.75,21.25
3461.0,21.149283008270523,21.4426251209302,5.242006274388948,21.0,0,-0.4426251209301988,21.025135428412742,20.75,21.25
3462.0,21.146101552923746,21.395249467307686,5.240273677669294,21.0,0,-0.3952494673076856,20.921492931082554,20.75,21.25
3463.0,21.142920387348695,21.31036362777019,5.2385408979707835,21.0,1,-0.3103636277701902,20.461505232395236,20.75,21.25
3464.0,21.15973951145082,21.401267650239824,5.236807936613001,21.0,0,-0.4012676502398236,22.310307874936157,20.75,21.25
3465.0,21.15655492513585,21.423387981809274,5.2350747949156755,21.0,0,-0.42338798180927384,21.644591297503776,20.75,21.25
3466.0,21.153370629109805,21.448589741907764,5.233341474198667,21.0,0,-0.4485897419077638,21.700607342892663,20.75,21.25
3467.0,21.150186623278824,21.465608136847372,5.231607975781975,21.0,0,-0.4656081368473721,21.635792086243455,20.75,21.25
3468.0,21.147002907549325,21.504184074027584,5.229874300985733,21.0,0,-0.5041840740275845,21.889943445829708,20.75,21.25
3469.0,21.14381948182801,21.495278174182488,5.228140451130212,21.0,0,-0.4952781741824879,21.406219175731522,20.75,21.25
3470.0,21.14063634602187,21.40087978576175,5.226406427535814,21.0,1,-0.40087978576174876,20.456895901554358,20.75,21.25
3471.0,21.157453500038173,21.34891598832842,5.224672231523071,21.0,1,-0.34891598832842163,20.82927801399515,20.75,21.25
3472.0,21.17426694378447,21.38660004122055,5.222937864412652,21.0,0,-0.38660004122055014,21.763440570141835,20.75,21.25
3473.0,21.171076677968596,21.435295975418732,5.22120332752535,21.0,0,-0.43529597541873244,21.922255317400555,20.75,21.25
3474.0,21.167886703298507,21.38005672883461,5.219468622182091,21.0,0,-0.38005672883461017,20.827664262993387,20.75,21.25
3475.0,21.164697019682283,21.49731691745997,5.217733749703929,21.0,0,-0.497316917459969,22.669918803713557,20.75,21.25
3476.0,21.161507627028286,21.564050066636145,5.215998711412046,21.0,0,-0.5640500666361454,22.23138155839791,20.75,21.25
3477.0,21.15831852524516,21.57485515598747,5.214263508627749,21.0,0,-0.5748551559874713,21.68290604950073,20.75,21.25
3478.0,21.155129714241838,21.530907226946628,5.212528142672467,21.0,0,-0.5309072269466277,21.091427936538192,20.75,21.25
3479.0,21.151941193927524,21.56238502810999,5.21079261486776,21.0,0,-0.5623850281099898,21.87716303974361,20.75,21.25
3480.0,21.148752964211713,21.572391844385134,5.2090569265353075,21.0,0,-0.5723918443851339,21.672460007136575,20.75,21.25
3481.0,21.145565025004178,21.650789416762237,5.207321078996911,21.0,0,-0.6507894167622368,22.434765140533266,20.75,21.25
3482.0,21.142377376214977,21.618555588162778,5.205585073574493,21.0,0,-0.6185555881627778,21.296217302168188,20.75,21.25
3483.0,21.139190017754448,21.63381028183627,5.203848911590101,21.0,0,-0.6338102818362685,21.786357218571176,20.75,21.25
3484.0,21.136002949533214,21.6301501666399,5.202112594365893,21.0,0,-0.6301501666399005,21.59354901467622,20.75,21.25
3485.0,21.13281617146218,21.578060986394206,5.200376123224153,21.0,0,-0.5780609863942061,21.057169183937262,20.75,21.25
3486.0,21.129629683452535,21.45765353636262,5.198639499487278,21.0,1,-0.4576535363626206,20.253579036046766,20.75,21.25
3487.0,21.14644348541574,21.441279754217224,5.196902724477783,21.0,0,-0.44127975421722354,21.277541932763253,20.75,21.25
3488.0,21.143253577263554,21.421135640883683,5.1951657995183,21.0,0,-0.4211356408836835,21.219694507548283,20.75,21.25
3489.0,21.140063959708005,21.3936427992804,5.193428725931569,21.0,0,-0.3936427992803999,21.118714383247564,20.75,21.25
3490.0,21.13687463266125,21.356354041826506,5.191691505040449,21.0,0,-0.3563540418265063,20.98346646728757,20.75,21.25
3491.0,21.133685596035725,21.357036452955374,5.189954138167908,21.0,0,-0.35703645295537356,21.363860564244046,20.75,21.25
3492.0,21.13049684974415,21.379486551508684,5.188216626637029,21.0,0,-0.37948655150868404,21.60398753704179,20.75,21.25
3493.0,21.12730839369953,21.385517884359693,5.186478971771001,21.0,0,-0.38551788435969314,21.445831212869784,20.75,21.25
3494.0,21.124120227815144,21.384431905802586,5.184741174893124,21.0,0,-0.384431905802586,21.373572120231515,20.75,21.25
3495.0,21.12093235200456,21.3968387366417,5.183003237326806,21.0,0,-0.3968387366417012,21.520907045032853,20.75,21.25
3496.0,21.117744766181623,21.42135874089036,5.181265160395561,21.0,0,-0.4213587408903585,21.66655878337693,20.75,21.25
3497.0,21.114557470260465,21.418680262836098,5.179526945423011,21.0,0,-0.41868026283609794,21.391895482293492,20.75,21.25
3498.0,21.1113704641555,21.422835757821414,5.177788593732883,21.0,0,-0.4228357578214137,21.46439070767457,20.75,21.25
3499.0,21.108183747781414,21.476293574074603,5.176050106649008,21.0,0,-0.47629357407460304,22.010871736606497,20.75,21.25
3500.0,21.104997321053187,21.55248911886383,5.174311485495317,21.0,0,-0.5524891188638286,22.314444566756084,20.75,21.25
3501.0,21.101811183886074,21.534929311222086,5.172572731595847,21.0,0,-0.5349293112220863,21.359331234804664,20.75,21.25
3502.0,21.098625336195617,21.468938467798758,5.170833846274736,21.0,0,-0.4689384677987576,20.80903003356547,20.75,21.25
3503.0,21.09543977789763,21.427052187956676,5.169094830856218,21.0,0,-0.42705218795667577,21.008189389535858,20.75,21.25
3504.0,21.092254508908223,21.35388262560661,5.167355686664631,21.0,1,-0.35388262560660877,20.62218700210594,20.75,21.25
3505.0,21.109069529143774,21.26322340843553,5.1656164150244095,21.0,1,-0.26322340843552894,20.35663123672473,20.75,21.25
3506.0,21.12588083852095,21.236833581167865,5.1638770172600825,21.0,1,-0.2368335811678648,20.972935308491223,20.75,21.25
3507.0,21.142688437756696,21.253160412935983,5.162137494696277,21.0,0,-0.25316041293598346,21.41642873061717,20.75,21.25
3508.0,21.139492327568085,21.299896705352314,5.160397848657718,21.0,0,-0.29989670535231383,21.767259629515618,20.75,21.25
3509.0,21.136296508672302,21.369320486004124,5.158658080469219,21.0,0,-0.36932048600412415,22.063558292522227,20.75,21.25
3510.0,21.13310098098666,21.38432145532033,5.156918191455691,21.0,0,-0.3843214553203289,21.534331148482377,20.75,21.25
3511.0,21.129905744428754,21.367626257718662,5.155178182942132,21.0,0,-0.367626257718662,21.200674281701993,20.75,21.25
3512.0,21.126710798916456,21.475979081746168,5.153438056253638,21.0,0,-0.47597908174616776,22.559507322021226,20.75,21.25
3513.0,21.123516144367922,21.4815348872443,5.151697812715389,21.0,0,-0.48153488724430105,21.537092942225634,20.75,21.25
3514.0,21.12032178070159,21.484513126092327,5.149957453652656,21.0,0,-0.48451312609232744,21.51429551457259,20.75,21.25
3515.0,21.117127707836183,21.607946543846143,5.1482169803907984,21.0,0,-0.6079465438461433,22.842280721384302,20.75,21.25
3516.0,21.113933925690695,21.667687703802383,5.146476394255265,21.0,0,-0.6676877038023825,22.265099303364774,20.75,21.25
3517.0,21.110740434184407,21.563788035750925,5.1447356965715825,21.0,1,-0.5637880357509246,20.524791355236346,20.75,21.25
3518.0,21.127547233236886,21.598204778498577,5.142994888665372,21.0,0,-0.5982047784985767,21.942372205975097,20.75,21.25
3519.0,21.12435032276797,21.611479289251445,5.141253971862334,21.0,0,-0.6114792892514451,21.74422439678013,20.75,21.25
3520.0,21.12115370349779,21.58071827087837,5.13951294748825,21.0,0,-0.5807182708783714,21.273108087147634,20.75,21.25
3521.0,21.117957375346588,21.603209173343274,5.13777181686899,21.0,0,-0.6032091733432736,21.828118197992296,20.75,21.25
3522.0,21.114761338234892,21.658512801813163,5.136030581330497,21.0,0,-0.6585128018131634,22.21154908651206,20.75,21.25
3523.0,21.11156559208351,21.609407932169574,5.134289242198799,21.0,0,-0.6094079321695745,21.118359235733685,20.75,21.25
3524.0,21.108370136813534,21.597076905969953,5.1325478008,21.0,0,-0.5970769059699528,21.473766643973736,20.75,21.25
3525.0,21.10517497234633,21.486056811136063,5.130806258460286,21.0,1,-0.4860568111360628,20.375855862797163,20.75,21.25
3526.0,21.12198009860355,21.48298425372817,5.129064616505916,21.0,0,-0.4829842537281692,21.452258679649233,20.75,21.25
3527.0,21.11878151550713,21.38712647581392,5.127322876263226,21.0,1,-0.38712647581391835,20.42854869667141,20.75,21.25
3528.0,21.135583223779282,21.376171594491286,5.125581039058627,21.0,0,-0.3761715944912858,21.26662278126496,20.75,21.25
3529.0,21.13238122334234,21.295829254029638,5.123839106218604,21.0,1,-0.29582925402963767,20.492405849413156,20.75,21.25
3530.0,21.149179514918913,21.322150304906007,5.122097079069714,21.0,0,-0.3221503049060068,21.5853608136697,20.75,21.25
3531.0,21.145974098431743,21.285755666583896,5.120354958938587,21.0,0,-0.2857556665838956,20.921809283362784,20.75,21.25
3532.0,21.142768974603843,21.386233429884857,5.118612747151924,21.0,0,-0.3862334298848573,22.391011062894474,20.75,21.25
3533.0,21.139564143358353,21.455108259446526,5.116870445036493,21.0,0,-0.45510825944652566,22.14385655506321,20.75,21.25
3534.0,21.13635960461869,21.500085986706935,5.115128053919134,21.0,0,-0.5000859867069352,21.94986325931103,20.75,21.25
3535.0,21.13315535830855,21.551427845523953,5.113385575126755,21.0,0,-0.5514278455239534,22.064846433694136,20.75,21.25
3536.0,21.129951404351914,21.53520035074944,5.111643009986328,21.0,0,-0.5352003507494416,21.372925403004324,20.75,21.25
3537.0,21.12674774267304,21.486044077679423,5.109900359824891,21.0,0,-0.4860440776794235,20.994481346979242,20.75,21.25
3538.0,21.12354437319647,21.387703078831372,5.108157625969551,21.0,1,-0.3877030788313718,20.404293090350855,20.75,21.25
3539.0,21.140341295847026,21.388299514115854,5.1064148097474735,21.0,0,-0.38829951411585384,21.394263866960674,20.75,21.25
3540.0,21.137134510549807,21.42622952189334,5.1046719124858875,21.0,0,-0.4262295218933403,21.805529599668205,20.75,21.25
3541.0,21.133928018030193,21.37869251917288,5.102928935512089,21.0,0,-0.3786925191728798,20.903322491968275,20.75,21.25
3542.0,21.13072181821369,21.401155572864166,5.101185880153427,21.0,0,-0.40115557286416603,21.625786109777028,20.75,21.25
3543.0,21.127515911026077,21.421308694116398,5.099442747737316,21.0,0,-0.42130869411639793,21.622839906638717,20.75,21.25
3544.0,21.124310296393418,21.45398900582676,5.097699539591227,21.0,0,-0.4539890058267595,21.780792122930375,20.75,21.25
3545.0,21.12110497424206,21.331999464024403,5.095956257042689,21.0,1,-0.3319994640244026,20.112104046000834,20.75,21.25
3546.0,21.137899944498617,21.439707534623114,5.094212901419285,21.0,0,-0.43970753462311407,22.51678824061023,20.75,21.25
3547.0,21.13469120709,21.471935376424927,5.092469474048659,21.0,0,-0.471935376424927,21.794213794443056,20.75,21.25
3548.0,21.131482762743392,21.46845192231523,5.090725976258508,21.0,0,-0.4684519223152286,21.433617381218244,20.75,21.25
3549.0,21.128274611386097,21.45919850261228,5.0889824093765785,21.0,0,-0.45919850261228135,21.36666430558281,20.75,21.25
3550.0,21.125066752945695,21.44368112547727,5.087238774730672,21.0,0,-0.44368112547726923,21.288507354127148,20.75,21.25
3551.0,21.12185918735005,21.337437616680923,5.085495073648644,21.0,1,-0.33743761668092276,20.275002528717458,20.75,21.25
3552.0,21.138651914527312,21.34118434595144,5.0837513074583995,21.0,0,-0.3411843459514401,21.378651638656613,20.75,21.25
3553.0,21.1354409344059,21.30842048424951,5.08200747748789,21.0,0,-0.30842048424950974,20.980781867230206,20.75,21.25
3554.0,21.132230247714517,21.278966916521547,5.08026358506512,21.0,0,-0.27896691652154715,20.98443123924192,20.75,21.25
3555.0,21.129019854381987,21.38952963039323,5.078519631518138,21.0,0,-0.3895296303932305,22.495156769110064,20.75,21.25
3556.0,21.125809754337414,21.461150188137346,5.07677561817504,21.0,0,-0.46115018813734565,22.177355765578497,20.75,21.25
3557.0,21.12259994751018,21.400345714959503,5.075031546363969,21.0,0,-0.4003457149595029,20.792300983181075,20.75,21.25
3558.0,21.119390433829953,21.43568271609662,5.073287417413113,21.0,0,-0.43568271609661835,21.789052727467773,20.75,21.25
3559.0,21.116181213226668,21.465141675410344,5.071543232650699,21.0,0,-0.4651416754103437,21.759731268547597,20.75,21.25
3560.0,21.11297228563055,21.386665265376685,5.069798993405002,21.0,1,-0.3866652653766849,20.601901165040097,20.75,21.25
3561.0,21.129763650972105,21.466053177959203,5.0680547010043355,21.0,0,-0.4660531779592034,22.25993230378439,20.75,21.25
3562.0,21.126551309182112,21.439922120598066,5.066310356777053,21.0,0,-0.4399221205980659,21.17861154698669,20.75,21.25
3563.0,21.12333926099163,21.403465910331704,5.064565962051549,21.0,0,-0.403465910331704,21.038903807668085,20.75,21.25
3564.0,21.120127506331844,21.428178532693128,5.062821518156256,21.0,0,-0.4281785326931278,21.675304756307366,20.75,21.25
3565.0,21.116916045134207,21.51459781483343,5.061077026419646,21.0,0,-0.5145978148334294,22.378790636236445,20.75,21.25
3566.0,21.113704877330463,21.402298837451408,5.059332488170222,21.0,1,-0.4022988374514078,20.279309063631192,20.75,21.25
3567.0,21.130494002852632,21.42156552846695,5.057587904736527,21.0,0,-0.4215655284669495,21.614232438622366,20.75,21.25
3568.0,21.12727942163301,21.47819314897668,5.0558432774471385,21.0,0,-0.4781931489766791,22.044469354073975,20.75,21.25
3569.0,21.124065134404173,21.42252849281909,5.054098607630663,21.0,0,-0.4225284928190902,20.8658819312432,20.75,21.25
3570.0,21.120851141098818,21.374853624390287,5.052353896615746,21.0,0,-0.3748536243902869,20.898104940102254,20.75,21.25
3571.0,21.117637441649922,21.414846093603575,5.05060914573106,21.0,0,-0.4148460936035754,21.81477078573646,20.75,21.25
3572.0,21.114424035990737,21.450237619512713,5.048864356305307,21.0,0,-0.4502376195127127,21.804152878604086,20.75,21.25
3573.0,21.1112109240548,21.47680489388947,5.047119529667221,21.0,0,-0.4768048938894687,21.74247763765703,20.75,21.25
3574.0,21.10799810577592,21.47755323534105,5.045374667145563,21.0,0,-0.4775532353410483,21.485036649856845,20.75,21.25
3575.0,21.104785581088194,21.479479006011143,5.043629770069122,21.0,0,-0.4794790060111431,21.49873671271209,20.75,21.25
3576.0,21.10157334992599,21.470847736561417,5.041884839766714,21.0,0,-0.4708477365614172,21.384535042064158,20.75,21.25
3577.0,21.09836141222396,21.450267300939327,5.040139877567179,21.0,0,-0.450267300939327,21.244462944718425,20.75,21.25
3578.0,21.09514976791703,21.432560878381302,5.03839488479938,21.0,0,-0.4325608783813024,21.255496652801057,20.75,21.25
3579.0,21.091938416940405,21.489611718687758,5.036649862792205,21.0,0,-0.4896117186877582,22.060120121752316,20.75,21.25
3580.0,21.088727359229576,21.462920855876337,5.034904812874567,21.0,0,-0.46292085587633736,21.19601222776213,20.75,21.25
3581.0,21.085516594720307,21.43943773737189,5.033159736375395,21.0,0,-0.4394377373718896,21.204606552327412,20.75,21.25
3582.0,21.082306123348637,21.442505675293194,5.031414634623642,21.0,0,-0.4425056752931944,21.473185054506242,20.75,21.25
3583.0,21.07909594505089,21.45077155568586,5.029669508948277,21.0,0,-0.45077155568586136,21.53343035961253,20.75,21.25
3584.0,21.075886059763672,21.388003502792095,5.02792436067829,21.0,0,-0.3880035027920954,20.760322973854436,20.75,21.25
3585.0,21.072676467423854,21.415285340277713,5.026179191142689,21.0,0,-0.4152853402777126,21.688103715133884,20.75,21.25
3586.0,21.069467167968597,21.43663555412003,5.024434001670494,21.0,0,-0.43663555412003063,21.65013769254321,20.75,21.25
3587.0,21.066258161335337,21.40122581701572,5.022688793590746,21.0,0,-0.401225817015721,21.047128445972625,20.75,21.25
3588.0,21.06304944746179,21.372087092649245,5.020943568232492,21.0,0,-0.3720870926492452,21.080699848984487,20.75,21.25
3589.0,21.059841026285945,21.479904808569568,5.0191983269248,21.0,0,-0.4799048085695681,22.558081967772797,20.75,21.25
3590.0,21.056632897746073,21.482875158362962,5.017453070996748,21.0,0,-0.4828751583629618,21.5125786562969,20.75,21.25
3591.0,21.053425061780725,21.42929451824093,5.015707801777423,21.0,0,-0.4292945182409298,20.89348811702061,20.75,21.25
3592.0,21.050217518328726,21.42772874388934,5.013962520595922,21.0,0,-0.42772874388933957,21.412071000373437,20.75,21.25
3593.0,21.047010267329178,21.37705584885605,5.012217228781357,21.0,0,-0.3770558488560489,20.870326898523142,20.75,21.25
3594.0,21.04380330872147,21.263626344990243,5.01047192766284,21.0,1,-0.26362634499024296,20.129331306332183,20.75,21.25
3595.0,21.060596642445258,21.253223310947174,5.008726618569494,21.0,1,-0.253223310947174,21.149192970516484,20.75,21.25
3596.0,21.077386268440485,21.271419294510217,5.0069813028304475,21.0,0,-0.27141929451021696,21.453379130140647,20.75,21.25
3597.0,21.074172187447363,21.26068391524158,5.0052359817748355,21.0,0,-0.26068391524157875,21.153330122555197,20.75,21.25
3598.0,21.07095840020623,21.291320984801292,5.003490656731797,21.0,0,-0.29132098480129187,21.597691680398423,20.75,21.25
3599.0,21.067744906657534,21.317621764973886,5.00174532903047,21.0,0,-0.31762176497388594,21.580629566699827,20.75,21.25
