t,T_true,T_meas,T_out,setpoint,heater,error,T_pred,lower,upper
0.0,18.0,18.226442669706422,5.0,21.0,1,2.7735573302935776,18.226442669706422,20.5,21.5
1.0,18.0174,18.291318776766474,5.00174532903047,21.0,1,2.7086812232335262,18.940079847366988,20.5,21.5
2.0,18.034796869065804,18.3442850602834,5.003490656731796,21.0,1,2.6557149397165993,18.87394789545267,20.5,21.5
3.0,18.052190607823338,18.3733590581889,5.005235981774836,21.0,1,2.6266409418111003,18.66409903724389,20.5,21.5
4.0,18.06958121689813,18.35970792528439,5.0069813028304475,21.0,1,2.6402920747156102,18.22319659623929,20.5,21.5
5.0,18.086968696915317,18.33077591446541,5.008726618569493,21.0,1,2.669224085534591,18.041455806275604,20.5,21.5
6.0,18.104353048499647,18.31356396039307,5.010471927662839,21.0,1,2.6864360396069316,18.14144441966966,20.5,21.5
7.0,18.12173427227548,18.313320134338838,5.012217228781357,21.0,1,2.686679865661162,18.310881873796532,20.5,21.5
8.0,18.13911236886678,18.282627621179444,5.013962520595923,21.0,1,2.7173723788205564,17.9757024895855,20.5,21.5
9.0,18.156487338897126,18.326415175287956,5.015707801777423,21.0,1,2.6735848247120444,18.764290716373075,20.5,21.5
10.0,18.173859182989702,18.437947346425936,5.017453070996748,21.0,1,2.5620526535740638,19.553269057805743,20.5,21.5
11.0,18.191227901767302,18.527238175817036,5.0191983269248,21.0,1,2.472761824182964,19.420146469728035,20.5,21.5
12.0,18.208593495852334,18.533318059853674,5.020943568232491,21.0,1,2.4666819401463265,18.594116900220047,20.5,21.5
13.0,18.22595596586681,18.62004678068423,5.022688793590745,21.0,1,2.3799532193157695,19.4873339889898,20.5,21.5
14.0,18.243315312432355,18.624106182842084,5.024434001670494,21.0,1,2.375893817157916,18.66470020442062,20.5,21.5
15.0,18.260671536170204,18.55914250799622,5.026179191142689,21.0,1,2.4408574920037793,17.909505759537588,20.5,21.5
16.0,18.278024637701197,18.44454782798499,5.02792436067829,21.0,1,2.555452172015009,17.298601027872692,20.5,21.5
17.0,18.29537461764579,18.47431837085528,5.029669508948277,21.0,1,2.525681629144721,18.772023799558163,20.5,21.5
18.0,18.312721476624052,18.51917669758832,5.0314146346236415,21.0,1,2.480823302411679,18.96775996491874,20.5,21.5
19.0,18.33006521525565,18.524661248595883,5.033159736375395,21.0,1,2.4753387514041165,18.579506758671506,20.5,21.5
20.0,18.347405834159876,18.540753383336646,5.034904812874567,21.0,1,2.4592466166633535,18.701674730744276,20.5,21.5
21.0,18.36474333395562,18.638719865061763,5.036649862792205,21.0,1,2.3612801349382373,19.618384682312925,20.5,21.5
22.0,18.382077715261385,18.623922877780608,5.038394884799379,21.0,1,2.3760771222193924,18.475953004969057,20.5,21.5
23.0,18.39940897869529,18.555082531831584,5.040139877567178,21.0,1,2.4449174681684163,17.866679072341345,20.5,21.5
24.0,18.416737124875066,18.555350524884183,5.0418848397667135,21.0,1,2.444649475115817,18.558030455410176,20.5,21.5
25.0,18.434062154418044,18.62426779743603,5.043629770069122,21.0,1,2.37573220256397,19.313440522954497,20.5,21.5
26.0,18.451384067941174,18.650068791704424,5.045374667145563,21.0,1,2.349931208295576,18.908078734388365,20.5,21.5
27.0,18.468702866061015,18.669619925863074,5.047119529667221,21.0,1,2.330380074136926,18.865131267449577,20.5,21.5
28.0,18.486018549393737,18.643126252375495,5.048864356305306,21.0,1,2.3568737476245047,18.378189517499706,20.5,21.5
29.0,18.50333111855512,18.728547351054566,5.050609145731059,21.0,1,2.2714526489454343,19.58275833784527,20.5,21.5
30.0,18.520640574160556,18.74241648966581,5.052353896615746,21.0,1,2.2575835103341895,18.88110787577826,20.5,21.5
31.0,18.537946916825046,18.735170623402723,5.054098607630664,21.0,1,2.2648293765972767,18.66271196077185,20.5,21.5
32.0,18.555250147163207,18.75739078999217,5.055843277447138,21.0,1,2.2426092100078314,18.97959245588662,20.5,21.5
33.0,18.572550265789264,18.88882843908281,5.057587904736527,21.0,1,2.111171560917189,20.203204929989237,20.5,21.5
34.0,18.589847273317055,18.838288814919444,5.059332488170221,21.0,1,2.1617111850805557,18.332892573285775,20.5,21.5
35.0,18.607141170360027,18.86493188254726,5.061077026419645,21.0,1,2.1350681174527395,19.131362558825423,20.5,21.5
36.0,18.62443195753124,18.896107994915262,5.062821518156257,21.0,1,2.103892005084738,19.207869118595276,20.5,21.5
37.0,18.641719635443366,18.969946061899833,5.064565962051549,21.0,1,2.030053938100167,19.708326731745544,20.5,21.5
38.0,18.659004204708687,19.000788906360203,5.066310356777053,21.0,1,1.999211093639797,19.309217350963902,20.5,21.5
39.0,18.6762856659391,19.02655444232719,5.068054701004335,21.0,1,1.973445557672811,19.28420980199705,20.5,21.5
40.0,18.693564019746113,19.04195434182185,5.069798993405002,21.0,1,1.9580456581781505,19.195953336768454,20.5,21.5
41.0,18.710839266740845,19.042882289469368,5.071543232650699,21.0,1,1.9571177105306319,19.052161765944554,20.5,21.5
42.0,18.728111407534026,19.087714104758145,5.073287417413113,21.0,1,1.9122858952418547,19.536032257645918,20.5,21.5
43.0,18.745380442736003,19.010914365965835,5.075031546363969,21.0,1,1.989085634034165,18.242916978042732,20.5,21.5
44.0,18.76264637295673,19.0083711966159,5.07677561817504,21.0,1,1.9916288033840992,18.982939503116558,20.5,21.5
45.0,18.779909198805775,19.037404269595008,5.078519631518137,21.0,1,1.962595730404992,19.32773499938608,20.5,21.5
46.0,18.797168920892318,19.12887231583716,5.080263585065119,21.0,1,1.8711276841628397,20.043552778258682,20.5,21.5
47.0,18.81442553982515,19.099707882839123,5.08200747748789,21.0,1,1.9002921171608769,18.80806355285875,20.5,21.5
48.0,18.831679056212685,19.19551284223669,5.0837513074583995,21.0,1,1.8044871577633117,20.15356243621234,20.5,21.5
49.0,18.848929470662934,19.240431062564724,5.085495073648644,21.0,1,1.7595689374352759,19.689613265845082,20.5,21.5
50.0,18.86617678378353,19.273837754182033,5.087238774730672,21.0,1,1.7261622458179673,19.60790467035512,20.5,21.5
51.0,18.88342099618172,19.221074361636916,5.088982409376578,21.0,1,1.7789256383630843,18.693440436185746,20.5,21.5
52.0,18.90066210846436,19.20718639044582,5.090725976258508,21.0,1,1.7928136095541802,19.06830667853486,20.5,21.5
53.0,18.917900121237917,19.160555794995005,5.09246947404866,21.0,1,1.8394442050049946,18.69424984048686,20.5,21.5
54.0,18.93513503510848,19.18056488089904,5.094212901419286,21.0,1,1.8194351191009588,19.3806557399394,20.5,21.5
55.0,18.95236685068174,19.198967420029412,5.095956257042688,21.0,1,1.8010325799705882,19.382992811333118,20.5,21.5
56.0,18.969595568563015,19.29226845594984,5.097699539591226,21.0,1,1.7077315440501586,20.225278815154137,20.5,21.5
57.0,18.986821189357222,19.306280431687377,5.099442747737315,21.0,1,1.6937195683126234,19.44640018906273,20.5,21.5
58.0,19.0040437136689,19.308901460930745,5.101185880153427,21.0,1,1.6910985390692552,19.335111753364426,20.5,21.5
59.0,19.021263142102196,19.324089854408392,5.102928935512088,21.0,1,1.6759101455916081,19.475973789184863,20.5,21.5
60.0,19.03847947526088,19.281629375774372,5.1046719124858875,21.0,1,1.7183706242256278,18.857024589434175,20.5,21.5
61.0,19.055692713748325,19.27490604713541,5.106414809747473,21.0,1,1.72509395286459,19.207672760745787,20.5,21.5
62.0,19.072902858167524,19.297000238146467,5.10815762596955,21.0,1,1.7029997618535333,19.517942148257035,20.5,21.5
63.0,19.090109909121082,19.35023169406775,5.109900359824891,21.0,1,1.6497683059322483,19.8825462532806,20.5,21.5
64.0,19.10731386721122,19.39143488729793,5.111643009986327,21.0,1,1.6085651127020704,19.80346681959971,20.5,21.5
65.0,19.124514733039778,19.444294793312316,5.113385575126755,21.0,1,1.5557052066876835,19.972893853456185,20.5,21.5
66.0,19.141712507208194,19.417797775009664,5.115128053919134,21.0,1,1.5822022249903362,19.152827591983137,20.5,21.5
67.0,19.158907190317535,19.501776360221662,5.116870445036493,21.0,1,1.4982236397783382,20.341562212341643,20.5,21.5
68.0,19.176098782968477,19.577607366623663,5.118612747151923,21.0,1,1.4223926333763366,20.33591743064368,20.5,21.5
69.0,19.193287285761315,19.585175491365256,5.120354958938587,21.0,1,1.4148245086347444,19.660856738781177,20.5,21.5
70.0,19.210472699295952,19.640706155493056,5.122097079069714,21.0,1,1.3592938445069436,20.196012796771065,20.5,21.5
71.0,19.227655024171906,19.661957561622586,5.123839106218604,21.0,1,1.338042438377414,19.87447162291788,20.5,21.5
72.0,19.244834260988316,19.636496649834548,5.125581039058627,21.0,1,1.3635033501654519,19.38188753195417,20.5,21.5
73.0,19.26201041034393,19.559192471993335,5.127322876263226,21.0,1,1.4408075280066654,18.7861506935812,20.5,21.5
74.0,19.279183472837115,19.613182913493183,5.129064616505916,21.0,1,1.3868170865068166,20.153087328491672,20.5,21.5
75.0,19.296353449065847,19.644394664312678,5.130806258460286,21.0,1,1.355605335687322,19.956512172507622,20.5,21.5
76.0,19.313520339627726,19.66348062158182,5.1325478008,21.0,1,1.3365193784181812,19.854340194273227,20.5,21.5
77.0,19.33068414511996,19.644347297879218,5.134289242198798,21.0,1,1.355652702120782,19.45301406085321,20.5,21.5
78.0,19.347844866139376,19.706266253780843,5.1360305813304965,21.0,1,1.2937337462191572,20.32545581279709,20.5,21.5
79.0,19.365002503282415,19.66933359617025,5.137771816868989,21.0,1,1.330666403829749,19.30000702006433,20.5,21.5
80.0,19.382157057145132,19.639338496071368,5.13951294748825,21.0,1,1.3606615039286325,19.339387495082534,20.5,21.5
81.0,19.3993085283232,19.66489759555582,5.141253971862334,21.0,1,1.3351024044441786,19.92048859040036,20.5,21.5
82.0,19.416456917411907,19.69619283676734,5.142994888665372,21.0,1,1.3038071632326584,20.009145248882543,20.5,21.5
83.0,19.433602225006158,19.689829266004736,5.1447356965715825,21.0,1,1.310170733995264,19.62619355837868,20.5,21.5
84.0,19.450744451700473,19.753502306232534,5.146476394255263,21.0,1,1.2464976937674663,20.39023270851051,20.5,21.5
85.0,19.467883598088985,19.775473839350514,5.1482169803907984,21.0,1,1.2245261606494857,19.99518917053032,20.5,21.5
86.0,19.485019664765446,19.798241823553543,5.149957453652656,21.0,1,1.2017581764464573,20.025921665583827,20.5,21.5
87.0,19.502152652323222,19.795399587025937,5.151697812715388,21.0,1,1.204600412974063,19.76697722174988,20.5,21.5
88.0,19.5192825613553,19.801756506326047,5.153438056253638,21.0,1,1.198243493673953,19.865325699327148,20.5,21.5
89.0,19.53640939245428,19.83103327426829,5.155178182942132,21.0,1,1.1689667257317105,20.123800953690715,20.5,21.5
90.0,19.55353314621238,19.88644969556226,5.15691819145569,21.0,1,1.1135503044377408,20.440613908501955,20.5,21.5
91.0,19.57065382322143,19.978259610952453,5.158658080469219,21.0,1,1.0217403890475474,20.896358764854387,20.5,21.5
92.0,19.58777142407288,20.026178709307477,5.160397848657718,21.0,1,0.9738212906925234,20.505369692857716,20.5,21.5
93.0,19.604885949357797,20.028500595045696,5.162137494696277,21.0,1,0.9714994049543044,20.051719452427886,20.5,21.5
94.0,19.621997399666864,19.967827313069286,5.163877017260082,21.0,1,1.0321726869307142,19.36109449330519,20.5,21.5
95.0,19.639105775590384,19.969609162156658,5.165616415024409,21.0,1,1.030390837843342,19.98742765303038,20.5,21.5
96.0,19.65621107771827,19.89117456645071,5.167355686664631,21.0,1,1.1088254335492884,19.106828609391247,20.5,21.5
97.0,19.67331330664006,19.925474202090232,5.169094830856218,21.0,1,1.074525797909768,20.268470558485436,20.5,21.5
98.0,19.690412462944906,20.006589293097765,5.170833846274735,21.0,1,0.9934107069022353,20.81774020317309,20.5,21.5
99.0,19.707508547221572,20.062134702232775,5.172572731595847,21.0,1,0.9378652977672246,20.617588793582883,20.5,21.5
100.0,19.724601560058446,20.0296949678264,5.174311485495316,21.0,1,0.9703050321735986,19.70529762376266,20.5,21.5
101.0,19.741691502043533,20.078410507178326,5.176050106649007,21.0,1,0.9215894928216741,20.56556590069757,20.5,21.5
102.0,19.758778373764454,20.038279338308236,5.177788593732883,21.0,1,0.9617206616917642,19.636967649607335,20.5,21.5
103.0,19.77586217580845,20.00490606699774,5.179526945423011,21.0,1,0.9950939330022592,19.67117335389279,20.5,21.5
104.0,19.79294290876237,20.08327110892846,5.181265160395561,21.0,1,0.9167288910715392,20.86692152823566,20.5,21.5
105.0,19.810020573212697,20.13895995122039,5.183003237326805,21.0,1,0.8610400487796106,20.695848374139675,20.5,21.5
106.0,19.82709516974552,20.044027539879554,5.184741174893123,21.0,1,0.9559724601204458,19.094703426471202,20.5,21.5
107.0,19.844166698946548,20.203745738198243,5.186478971771001,21.0,0,0.7962542618017565,21.800927721385136,20.5,21.5
108.0,19.841235161401112,20.24266717541503,5.188216626637028,21.0,0,0.7573328245849709,20.631881547582886,20.5,21.5
109.0,19.83830455769416,20.214617431350113,5.189954138167908,21.0,1,0.7853825686498865,19.934119990700957,20.5,21.5
110.0,19.855374887610253,20.176485284449093,5.191691505040448,21.0,1,0.8235147155509068,19.79516381543889,20.5,21.5
111.0,19.87244215093374,20.224145066977915,5.193428725931568,21.0,1,0.7758549330220852,20.70074289226613,20.5,21.5
112.0,19.88950634824874,20.069770726318534,5.195165799518299,21.0,1,0.9302292736814657,18.52602731972473,20.5,21.5
113.0,19.906567480138996,20.05515316426216,5.196902724477783,21.0,1,0.9448468357378417,19.9089775436984,20.5,21.5
114.0,19.923625547187864,20.105255978319978,5.198639499487278,21.0,1,0.8947440216800224,20.60628411889817,20.5,21.5
115.0,19.940680549978325,20.115134037089156,5.200376123224153,21.0,1,0.884865962910844,20.21391462478094,20.5,21.5
116.0,19.957732489092972,20.140420193983104,5.202112594365893,21.0,1,0.859579806016896,20.393281762922584,20.5,21.5
117.0,19.974781365114026,20.257600283241306,5.2038489115901,21.0,1,0.742399716758694,21.429401175823326,20.5,21.5
118.0,19.99182717862332,20.17891990424253,5.205585073574493,21.0,1,0.8210800957574698,19.392116114254772,20.5,21.5
119.0,20.008869930202312,20.10172159844465,5.207321078996911,21.0,1,0.8982784015553484,19.329738540465865,20.5,21.5
120.0,20.02590962043207,20.14886653132825,5.209056926535307,21.0,1,0.8511334686717511,20.620315860164222,20.5,21.5
121.0,20.04294624989329,20.159914075265213,5.21079261486776,21.0,1,0.8400859247347867,20.270389514634857,20.5,21.5
122.0,20.059979819166287,20.044106195564016,5.212528142672467,21.0,1,0.9558938044359842,18.88602739855204,20.5,21.5
123.0,20.077010328830987,20.22236721237936,5.214263508627747,21.0,0,0.7776327876206395,22.004977380532807,20.5,21.5
124.0,20.074037779466945,20.31084004816289,5.215998711412046,21.0,0,0.6891599518371088,21.1955684059982,20.5,21.5
125.0,20.071066171653335,20.317802938090715,5.217733749703929,21.0,1,0.6821970619092852,20.38743183736895,20.5,21.5
126.0,20.088095505168944,20.383226177348213,5.219468622182091,21.0,1,0.6167738226517869,21.037458569923196,20.5,21.5
127.0,20.105121779792345,20.518510100667093,5.221203327525349,21.0,0,0.48148989933290665,21.871349333855896,20.5,21.5
128.0,20.10214499610189,20.365768930202297,5.222937864412651,21.0,1,0.6342310697977034,18.83835722555433,20.5,21.5
129.0,20.119169154675554,20.361975743233717,5.224672231523071,21.0,1,0.6380242567662826,20.324043873547925,20.5,21.5
130.0,20.136190255290924,20.34677793907209,5.226406427535814,21.0,1,0.6532220609279094,20.194799897455823,20.5,21.5
131.0,20.15320829852537,20.284557322279237,5.228140451130212,21.0,1,0.7154426777207625,19.662351154350706,20.5,21.5
132.0,20.170223284955892,20.203675173130176,5.229874300985733,21.0,1,0.7963248268698244,19.394853681639557,20.5,21.5
133.0,20.1872352151591,20.31263000525979,5.231607975781974,21.0,1,0.6873699947402088,21.402178326555948,20.5,21.5
134.0,20.204244089711224,20.299800868462683,5.233341474198666,21.0,1,0.7001991315373175,20.171509500491595,20.5,21.5
135.0,20.22124990918812,20.36204844602691,5.2350747949156755,21.0,1,0.6379515539730889,20.984524221669197,20.5,21.5
136.0,20.238252674165267,20.40718942584784,5.236807936613002,21.0,1,0.5928105741521605,20.858599224057123,20.5,21.5
137.0,20.255252385217755,20.463288321575256,5.2385408979707835,21.0,1,0.5367116784247443,21.024277278849418,20.5,21.5
138.0,20.272249042920304,20.51234398625586,5.240273677669294,21.0,1,0.48765601374413947,21.00290063306191,20.5,21.5
139.0,20.289242647847253,20.531369455262176,5.242006274388947,21.0,1,0.46863054473782384,20.721624145325332,20.5,21.5
140.0,20.30623320057256,20.541759238414993,5.243738686810295,21.0,1,0.4582407615850066,20.645657069943166,20.5,21.5
141.0,20.323220701669808,20.52380102581194,5.24547091361403,21.0,1,0.47619897418805834,20.344218899781424,20.5,21.5
142.0,20.340205151712198,20.54192842965734,5.247202953480985,21.0,1,0.45807157034266055,20.723202468111317,20.5,21.5
143.0,20.35718655127255,20.576752131276017,5.248934805092138,21.0,1,0.42324786872398334,20.92498914746279,20.5,21.5
144.0,20.374164900923315,20.521189187279155,5.2506664671286085,21.0,1,0.4788108127208446,19.965559747310543,20.5,21.5
145.0,20.391140201236556,20.49487881710281,5.25239793827166,21.0,1,0.5051211828971915,20.23177511533934,20.5,21.5
146.0,20.408112452783964,20.602652821461565,5.254129217202701,21.0,0,0.3973471785384355,21.680392865049125,20.5,21.5
147.0,20.405081656136847,20.66278683956117,5.255860302603288,21.0,0,0.33721316043882865,21.26412702055724,20.5,21.5
148.0,20.40205181186614,20.679614348968997,5.257591193155125,21.0,0,0.32038565103100325,20.84788944304725,20.5,21.5
149.0,20.3990229197424,20.758739728532262,5.259321887540064,21.0,0,0.24126027146773765,21.54999352416492,20.5,21.5
150.0,20.39599497953596,20.822893738935374,5.261052384440103,21.0,0,0.17710626106462612,21.46443384296649,20.5,21.5
151.0,20.392967991016942,20.792881410067892,5.262782682537396,21.0,1,0.20711858993210797,20.492758121393074,20.5,21.5
152.0,20.409941953955247,20.724095352493183,5.264512780514245,21.0,1,0.27590464750681676,20.036234776746095,20.5,21.5
153.0,20.42691286812056,20.68616304946824,5.266242677053104,21.0,1,0.3138369505317584,20.306840019218825,20.5,21.5
154.0,20.443880734082345,20.707906480181354,5.267972370836584,21.0,1,0.2920935198186463,20.925340787312475,20.5,21.5
155.0,20.460845552409697,20.734312708201692,5.269701860547446,21.0,1,0.26568729179830797,20.998374988405075,20.5,21.5
156.0,20.477807323671325,20.788509595701413,5.271431144868608,21.0,1,0.211490404298587,21.330478470698623,20.5,21.5
157.0,20.494766048435565,20.900746138251996,5.273160222483147,21.0,0,0.09925386174800366,22.02311156375783,20.5,21.5
158.0,20.491721727270374,20.93018271978661,5.274889092074293,21.0,0,0.06981728021338895,21.224548535132758,20.5,21.5
159.0,20.488678360743336,20.953877619689813,5.276617752325438,21.0,0,0.04612238031018734,21.19082661872183,20.5,21.5
160.0,20.485635948621653,20.893601835937254,5.278346201920131,21.0,1,0.10639816406274605,20.290843998411667,20.5,21.5
161.0,20.502594490672312,20.809729707018256,5.280074439542083,21.0,1,0.1902702929817437,19.97100841782828,20.5,21.5
162.0,20.519549986662085,20.786317789923494,5.281802463875166,21.0,1,0.2136822100765059,20.552198618975872,20.5,21.5
163.0,20.536502437157527,20.78633745987721,5.283530273603413,21.0,1,0.2136625401227903,20.786534159414366,20.5,21.5
164.0,20.553451842724815,20.7830044693712,5.2852578674110235,21.0,1,0.21699553062880028,20.7496745643111,20.5,21.5
165.0,20.570398203929752,20.7343278049379,5.286985243982358,21.0,1,0.2656721950620984,20.24756116060492,20.5,21.5
166.0,20.587341521337763,20.821802514238392,5.288712402001947,21.0,0,0.17819748576160777,21.6965496072433,20.5,21.5
167.0,20.584281795513895,20.873534402946454,5.290439340154481,21.0,0,0.12646559705354576,21.390853290027074,20.5,21.5
168.0,20.581223027022823,20.800196886504974,5.292166057124823,21.0,1,0.199803113495026,20.06682172209017,20.5,21.5
169.0,20.598165215628843,20.826310583260145,5.293892551598003,21.0,1,0.1736894167398546,21.08744755081186,20.5,21.5
170.0,20.615104361096037,20.90437137878236,5.295618822259221,21.0,0,0.09562862121763871,21.68497933400452,20.5,21.5
171.0,20.61204046398827,20.9635973979578,5.297344867793846,21.0,0,0.03640260204220169,21.55585758971217,20.5,21.5
172.0,20.60897752486903,20.831479186267956,5.299070686887419,21.0,1,0.16852081373204442,19.51029706936953,20.5,21.5
173.0,20.62591554350143,20.888020345841362,5.300796278225654,21.0,1,0.1119796541586382,21.453431941575424,20.5,21.5
174.0,20.642850519648377,20.811665060416658,5.302521640494438,21.0,1,0.18833493958334202,20.04811220616962,20.5,21.5
175.0,20.659782453872545,20.810058355549092,5.304246772379833,21.0,1,0.1899416444509079,20.793991306873433,20.5,21.5
176.0,20.676711346736248,20.799612474491326,5.305971672568076,21.0,1,0.200387525508674,20.695153663913665,20.5,21.5
177.0,20.693637198801415,20.90154901336542,5.30769633974558,21.0,0,0.09845098663458174,21.92091440210634,20.5,21.5
178.0,20.690560010629603,20.993091849215535,5.309420772598936,21.0,0,0.00690815078446505,21.908520207716702,20.5,21.5
179.0,20.687483782781996,21.129736449907863,5.311144969814913,21.0,0,-0.12973644990786326,22.496182456831146,20.5,21.5
180.0,20.684408515019403,21.173667728410344,5.3128689300804615,21.0,0,-0.1736677284103436,21.612980513435147,20.5,21.5
181.0,20.681334207102413,21.108582063245855,5.314592652082709,21.0,1,-0.10858206324585495,20.45772541160097,20.5,21.5
182.0,20.69826085879141,21.087842948823365,5.316316134508967,21.0,1,-0.08784294882336496,20.880451804598465,20.5,21.5
183.0,20.715184469846555,21.00266545218843,5.318039376046729,21.0,1,-0.002665452188431061,20.150890485839092,20.5,21.5
184.0,20.732105040827797,20.95936201329262,5.31976237538367,21.0,1,0.040637986707380946,20.5263276243345,20.5,21.5
185.0,20.74902257229471,21.0252401229642,5.321485131207652,21.0,0,-0.025240122964198974,21.684021219679998,20.5,21.5
186.0,20.74593706480649,21.1125641143883,5.3232076422067225,21.0,0,-0.11256411438829872,21.985804028629296,20.5,21.5
187.0,20.74285251892197,21.09547319240117,5.324929907069113,21.0,0,-0.09547319240116892,20.92456397252987,20.5,21.5
188.0,20.7397689343996,21.010910575847728,5.326651924483245,21.0,1,-0.0109105758477277,20.165284410313316,20.5,21.5
189.0,20.756686310997615,20.99012170260615,5.328373693137726,21.0,1,0.009878297393850488,20.782232970190368,20.5,21.5
190.0,20.773600648474044,20.855494742503478,5.330095211721355,21.0,1,0.14450525749652243,19.509225141476758,20.5,21.5
191.0,20.790511947386694,20.80846526969244,5.3318164789231215,21.0,1,0.1915347303075592,20.338170541582073,20.5,21.5
192.0,20.807420208293003,20.79771301721619,5.333537493432204,21.0,1,0.20228698278381074,20.690190492453674,20.5,21.5
193.0,20.82432543175003,20.98591107972,5.335258253937977,21.0,0,0.014088920279998973,22.86789170475812,20.5,21.5
194.0,20.821227618314467,20.943993743138634,5.336978759130005,21.0,0,0.056006256861365955,20.524820377324964,20.5,21.5
195.0,20.81813076854263,21.042073701914347,5.338699007698049,21.0,0,-0.04207370191434734,22.02287328967148,20.5,21.5
196.0,20.81503488219046,20.9984554981394,5.340418998332065,21.0,0,0.0015445018606001781,20.562273460389925,20.5,21.5
197.0,20.81193995901369,21.000656407965323,5.342138729722205,21.0,0,-0.0006564079653230692,21.022665506224556,20.5,21.5
198.0,20.80884599876783,21.062017244525986,5.343858200558819,21.0,0,-0.062017244525986115,21.675625610132617,20.5,21.5
199.0,20.80575300120819,21.12775095769763,5.3455774095324555,21.0,0,-0.12775095769762856,21.785088089414053,20.5,21.5
200.0,20.802660966089853,21.138463989183553,5.347296355333861,21.0,0,-0.13846398918355263,21.245594304042793,20.5,21.5
201.0,20.799569893167703,21.2552569740375,5.349015036653984,21.0,0,-0.2552569740375006,22.42318682257698,20.5,21.5
202.0,20.7964797821964,21.330786969425176,5.350733452183974,21.0,0,-0.3307869694251764,22.086086923301934,20.5,21.5
203.0,20.793390632930397,21.25270589821527,5.352451600615184,21.0,1,-0.2527058982152717,20.471895186116225,20.5,21.5
204.0,20.810302445123934,21.2122418882867,5.354169480639166,21.0,1,-0.21224188828670165,20.807601789001,20.5,21.5
205.0,20.827211218531037,21.17074264299161,5.355887090947683,21.0,1,-0.17074264299160902,20.755750190040683,20.5,21.5
206.0,20.84411695370552,21.128174390699545,5.3576044302326995,21.0,1,-0.12817439069954517,20.702491867778907,20.5,21.5
207.0,20.861019651200824,21.06762695565513,5.359321497186385,21.0,1,-0.067626955655129,20.462152605210967,20.5,21.5
208.0,20.87791931157002,21.047830012815584,5.36103829050112,21.0,1,-0.04783001281558441,20.84986058442014,20.5,21.5
209.0,20.89481593536581,21.07892743528503,5.362754808869491,21.0,1,-0.07892743528503132,21.3899016599795,20.5,21.5
210.0,20.91170952314051,21.131422280078006,5.364471050984295,21.0,0,-0.13142228007800583,21.65637072800775,20.5,21.5
211.0,20.908600075446078,21.13639505649878,5.3661870155385385,21.0,0,-0.13639505649878103,21.186122820706533,20.5,21.5
212.0,20.905491592834096,21.235662932871115,5.36790270122544,21.0,0,-0.23566293287111506,22.228341696594455,20.5,21.5
213.0,20.902384075055775,21.20089843627907,5.3696181067384305,21.0,0,-0.20089843627906845,20.853253470358602,20.5,21.5
214.0,20.89927752186211,21.19619495788759,5.371333230771154,21.0,0,-0.19619495788759167,21.149160173972824,20.5,21.5
215.0,20.89617193300389,21.153240897796632,5.373048072017469,21.0,0,-0.15324089779663197,20.723700296887035,20.5,21.5
216.0,20.893067308231693,21.180053921669632,5.37476262917145,21.0,0,-0.1800539216696322,21.448184160399634,20.5,21.5
217.0,20.889963647295883,21.160151747029357,5.3764769009273845,21.0,0,-0.16015174702935653,20.9611300006266,20.5,21.5
218.0,20.88686094994661,21.17789471990538,5.378190885979783,21.0,0,-0.17789471990538175,21.355324448665634,20.5,21.5
219.0,20.883759215933814,21.19046743808313,5.379904583023369,21.0,0,-0.19046743808312883,21.3161946198606,20.5,21.5
220.0,20.88065844500723,21.194074165183387,5.38161799075309,21.0,0,-0.1940741651833875,21.230141436185974,20.5,21.5
221.0,20.87755863691638,21.127816492283227,5.383331107864109,21.0,1,-0.12781649228322678,20.46523976328162,20.5,21.5
222.0,20.89445979141057,21.070530405727908,5.385043933051815,21.0,1,-0.07053040572790792,20.49766954017472,20.5,21.5
223.0,20.911357908238898,21.051568221433943,5.386756465011816,21.0,1,-0.051568221433942796,20.86194637849429,20.5,21.5
224.0,20.928252987950252,21.1367773734409,5.388468702439944,21.0,0,-0.1367773734408999,21.98886889351047,20.5,21.5
225.0,20.925145031093148,21.16858934686229,5.390180644032257,21.0,0,-0.16858934686229077,21.4867090810762,20.5,21.5
226.0,20.922038038215735,21.151023153321553,5.391892288485035,21.0,0,-0.15102315332155314,20.975361217914177,20.5,21.5
227.0,20.918932009065788,21.17448434865106,5.393603634494789,21.0,0,-0.17448434865105966,21.409096301946125,20.5,21.5
228.0,20.915826943390872,21.181831005678188,5.395314680758252,21.0,0,-0.18183100567818755,21.255297575949466,20.5,21.5
229.0,20.912722840938347,21.162581324884,5.39702542597239,21.0,0,-0.16258132488399824,20.970084516942105,20.5,21.5
230.0,20.909619701455355,21.20268989482445,5.398735868834394,21.0,0,-0.20268989482444866,21.603775594228953,20.5,21.5
231.0,20.90651752468883,21.248369905943644,5.40044600804169,21.0,0,-0.24836990594364394,21.705170017135597,20.5,21.5
232.0,20.903416310385502,21.27260440471541,5.402155842291929,21.0,0,-0.27260440471540903,21.51494939243306,20.5,21.5
233.0,20.900316058291885,21.310550438468756,5.403865370283001,21.0,0,-0.31055043846875563,21.69001077600222,20.5,21.5
234.0,20.897216768154284,21.33846334128321,5.405574590713025,21.0,0,-0.33846334128320876,21.61759236942774,20.5,21.5
235.0,20.894118439718795,21.212586142676457,5.407283502280355,21.0,1,-0.21258614267645726,19.953814156608942,20.5,21.5
236.0,20.91102107273131,21.234307363381113,5.40899210368358,21.0,1,-0.23430736338111302,21.45151957042767,20.5,21.5
237.0,20.9279206669375,21.199454801322563,5.410700393621528,21.0,1,-0.1994548013225632,20.850929180737065,20.5,21.5
238.0,20.944817222882836,21.249645957912275,5.412408370793259,21.0,0,-0.24964595791227495,21.751557523809392,20.5,21.5
239.0,20.94171074111242,21.156482303861008,5.414116033898076,21.0,1,-0.15648230386100792,20.224845763348338,20.5,21.5
240.0,20.958605222170977,21.15350538220985,5.415823381635518,21.0,1,-0.15350538220985044,21.123736165698276,20.5,21.5
241.0,20.97549666580287,21.134479098742528,5.417530412705367,21.0,1,-0.13447909874252773,20.9442162640693,20.5,21.5
242.0,20.99238507255225,21.191597325252744,5.419237125807643,21.0,0,-0.19159732525274364,21.762779590354903,20.5,21.5
243.0,20.9892704429629,21.16158152939765,5.420943519642611,21.0,0,-0.16158152939765102,20.861423570846725,20.5,21.5
244.0,20.986156777578238,21.167771410762974,5.422649592910777,21.0,0,-0.16777141076297397,21.229670224416203,20.5,21.5
245.0,20.983044076141304,21.237564661149396,5.424355344312892,21.0,0,-0.23756466114939556,21.93549716501361,20.5,21.5
246.0,20.97993233839494,21.263345070274863,5.4260607725499534,21.0,0,-0.26334507027486254,21.521149161529532,20.5,21.5
247.0,20.97682156408177,21.202522016577877,5.4277658763232015,21.0,0,-0.20252201657787694,20.59429147960802,20.5,21.5
248.0,20.97371175294422,21.156493304091413,5.429470654334127,21.0,0,-0.1564933040914127,20.69620617922677,20.5,21.5
249.0,20.970602904724498,21.228207710948304,5.431175105284466,21.0,0,-0.22820771094830405,21.945351779517217,20.5,21.5
250.0,20.96749501916461,21.20739913155533,5.432879227876206,21.0,0,-0.20739913155533074,20.999313337625598,20.5,21.5
251.0,20.964388096006353,21.150578210221077,5.434583020811583,21.0,0,-0.1505782102210773,20.582368996878543,20.5,21.5
252.0,20.961282134991315,21.14120814797214,5.4362864827930855,21.0,0,-0.1412081479721401,21.047507525482768,20.5,21.5
253.0,20.958177135860875,21.180182625570737,5.4379896125234515,21.0,0,-0.18018262557073683,21.569927401556704,20.5,21.5
254.0,20.95507309835621,21.128399640779666,5.439692408705675,21.0,0,-0.1283996407796657,20.610569792868954,20.5,21.5
255.0,20.95197002221828,21.137004581793196,5.441394870043002,21.0,0,-0.13700458179319597,21.2230539919285,20.5,21.5
256.0,20.948867907187847,21.090383103072202,5.4430969952389345,21.0,0,-0.09038310307220243,20.624168315862267,20.5,21.5
257.0,20.945766753005458,21.167268007201248,5.44479878299723,21.0,0,-0.16726800720124757,21.9361170484917,20.5,21.5
258.0,20.942666559411457,21.228030257969845,5.4465002320219025,21.0,0,-0.228030257969845,21.83565276565582,20.5,21.5
259.0,20.93956732614598,21.21533931015119,5.448201341017225,21.0,0,-0.21533931015119023,21.088429831964643,20.5,21.5
260.0,20.936469052948954,21.215809028907664,5.44990210868773,21.0,0,-0.21580902890766396,21.2205062164724,20.5,21.5
261.0,20.9333717395601,21.29582379196672,5.451602533738208,21.0,0,-0.2958237919667184,22.095971422557263,20.5,21.5
262.0,20.930275385718936,21.25233217217573,5.45330261487371,21.0,0,-0.25233217217573056,20.817415974265852,20.5,21.5
263.0,20.927179991164767,21.189320761803117,5.455002350799552,21.0,0,-0.18932076180311697,20.55920665807698,20.5,21.5
264.0,20.924085555636694,21.208081626296405,5.456701740221312,21.0,0,-0.20808162629640492,21.395690271229284,20.5,21.5
265.0,20.92099207887361,21.179987304648215,5.458400781844828,21.0,0,-0.17998730464821477,20.899044088166313,20.5,21.5
266.0,20.917899560614202,21.223080338386715,5.460099474376209,21.0,0,-0.22308033838671548,21.654010675771723,20.5,21.5
267.0,20.914808000596956,21.213135921067938,5.461797816521825,21.0,0,-0.21313592106793777,21.11369174788016,20.5,21.5
268.0,20.911717398560143,21.18444643102121,5.463495806988314,21.0,0,-0.18444643102121105,20.897551530553944,20.5,21.5
269.0,20.908627754241827,21.20903673345193,5.465193444482585,21.0,0,-0.2090367334519314,21.454939757759135,20.5,21.5
270.0,20.905539067379877,21.190003219833777,5.466890727711811,21.0,0,-0.19000321983377688,20.99966808365223,20.5,21.5
271.0,20.902451337711945,21.125439946978172,5.468587655383438,21.0,1,-0.1254399469781724,20.479807218422128,20.5,21.5
272.0,20.919364564975478,21.151498082146695,5.47028422620518,21.0,1,-0.1514980821466949,21.41207943383192,20.5,21.5
273.0,20.936274748907724,21.11608040384567,5.471980438885026,21.0,1,-0.11608040384567175,20.76190362083544,20.5,21.5
274.0,20.95318189004572,21.06987888511074,5.473676292131238,21.0,1,-0.06987888511073947,20.607863697761417,20.5,21.5
275.0,20.970085988926137,21.124151853618773,5.475371784652346,21.0,0,-0.12415185361877334,21.666881538699112,20.5,21.5
276.0,20.966987046085283,21.187620223155,5.477066915157161,21.0,0,-0.18762022315500104,21.822303918517278,20.5,21.5
277.0,20.963889062059096,21.235139076756223,5.478761682354769,21.0,0,-0.23513907675622292,21.71032761276844,20.5,21.5
278.0,20.960792036583154,21.30906765531245,5.480456084954527,21.0,0,-0.3090676553124503,22.048353440874724,20.5,21.5
279.0,20.957695969392827,21.30761773085582,5.482150121666077,21.0,0,-0.3076177308558208,21.293118486289526,20.5,21.5
280.0,20.95460086022328,21.395841722515307,5.483843791199336,21.0,0,-0.395841722515307,22.27808163911017,20.5,21.5
281.0,20.951506708809475,21.31698485822985,5.485537092264499,21.0,0,-0.31698485822985134,20.528416215375294,20.5,21.5
282.0,20.948413514886166,21.22522680488523,5.487230023572045,21.0,1,-0.2252268048852315,20.307646271439033,20.5,21.5
283.0,20.965321278187904,21.235068375046914,5.488922583832733,21.0,1,-0.23506837504691447,21.333484076663744,20.5,21.5
284.0,20.98222599844903,21.26627622010542,5.490614771757605,21.0,0,-0.2662762201054214,21.57835467069049,20.5,21.5
285.0,20.979127676203692,21.183952677270383,5.492306586057986,21.0,1,-0.18395267727038345,20.360717248920004,20.5,21.5
286.0,20.996030311985663,21.207770851284558,5.493998025445486,21.0,1,-0.20777085128455752,21.4459525914263,20.5,21.5
287.0,21.012929905528356,21.306263266635234,5.495689088632,21.0,0,-0.3062632666352343,22.291187420142002,20.5,21.5
288.0,21.009826457364976,21.341494537949593,5.497379774329709,21.0,0,-0.3414945379495933,21.693807251093183,20.5,21.5
289.0,21.006723968028368,21.36741450729226,5.499070081251085,21.0,0,-0.3674145072922599,21.626614200718926,20.5,21.5
290.0,21.00362243725101,21.411587106771997,5.500760008108883,21.0,0,-0.4115871067719965,21.853313101569363,20.5,21.5
291.0,21.000521864765183,21.46084300359317,5.502449553616151,21.0,0,-0.460843003593169,21.953401971804894,20.5,21.5
292.0,20.997422250302954,21.387895286565644,5.504138716486227,21.0,0,-0.3878952865656444,20.6584181162904,20.5,21.5
293.0,20.99432359359619,21.311487402604946,5.50582749543274,21.0,0,-0.31148740260494634,20.547408562997965,20.5,21.5
294.0,20.991225894376555,21.277201937037663,5.507515889169611,21.0,0,-0.27720193703766327,20.934347281364833,20.5,21.5
295.0,20.988129152375514,21.179681605762205,5.509203896411055,21.0,1,-0.17968160576220527,20.204478293007625,20.5,21.5
296.0,21.00503336732432,21.23329724752598,5.510891515871581,21.0,0,-0.2332972475259787,21.769453665163713,20.5,21.5
297.0,21.00193453895403,21.239517660841383,5.512578746265993,21.0,0,-0.2395176608413827,21.301721793995423,20.5,21.5
298.0,20.99883666779549,21.316672165489994,5.514265586309392,21.0,0,-0.3166721654899938,22.088217211976104,20.5,21.5
299.0,20.995739753579194,21.32081868681714,5.515952034717176,21.0,0,-0.320818686817141,21.362283900088613,20.5,21.5
300.0,20.99264379603542,21.43020646996959,5.5176380902050415,21.0,0,-0.43020646996959044,22.524084301494085,20.5,21.5
301.0,20.989548794894255,21.255024192837162,5.519323751488983,21.0,1,-0.25502419283716193,19.503201421512877,20.5,21.5
302.0,21.006454749885574,21.320157265388527,5.521009017285297,21.0,0,-0.3201572653885272,21.97148799090218,20.5,21.5
303.0,21.003357660739052,21.26153322421951,5.522693886310579,21.0,0,-0.26153322421950875,20.675292812529324,20.5,21.5
304.0,21.000261527984165,21.19133592223949,5.524378357281729,21.0,1,-0.1913359222394888,20.48936290243929,20.5,21.5
305.0,21.017166351350024,21.15671559766988,5.5260624289159495,21.0,1,-0.15671559766987997,20.81051235197379,20.5,21.5
306.0,21.034068130565537,21.260311530378097,5.527746099930746,21.0,0,-0.26031153037809673,22.296270857460264,20.5,21.5
307.0,21.03096686615941,21.254889295334742,5.529429369043929,21.0,0,-0.2548892953347419,21.200666944901194,20.5,21.5
308.0,21.027866558659987,21.350678038948654,5.531112234973618,21.0,0,-0.35067803894865435,22.30856547508778,20.5,21.5
309.0,21.02476720779525,21.399777762907625,5.532794696438235,21.0,0,-0.39977776290762534,21.890775002497335,20.5,21.5
310.0,21.02166881329298,21.362722327049703,5.534476752156514,21.0,0,-0.36272232704970264,20.992167968470476,20.5,21.5
311.0,21.018571374880754,21.398183098028184,5.536158400847495,21.0,0,-0.3981830980281842,21.752790807813,20.5,21.5
312.0,21.015474892285948,21.342176023342187,5.537839641230532,21.0,0,-0.3421760233421871,20.782105276482216,20.5,21.5
313.0,21.012379365235738,21.250559572081507,5.539520472025284,21.0,1,-0.2505595720815066,20.3343950594747,20.5,21.5
314.0,21.029284793457094,21.25857071285933,5.5412008919517275,21.0,1,-0.2585707128593313,21.33868212063758,20.5,21.5
315.0,21.046187176676792,21.28973739038438,5.542880899730148,21.0,0,-0.2897373903843814,21.601404165634882,20.5,21.5
316.0,21.043086515421404,21.308816776596757,5.544560494081149,21.0,0,-0.3088167765967569,21.49961063872051,20.5,21.5
317.0,21.039986810217137,21.328788541750775,5.546239673725643,21.0,0,-0.3287885417507752,21.52850619329096,20.5,21.5
318.0,21.03688806078984,21.323295265916368,5.547918437384865,21.0,0,-0.3232952659163679,21.268362507572295,20.5,21.5
319.0,21.033790266865157,21.374592802656924,5.549596783780361,21.0,0,-0.37459280265692385,21.887568170062483,20.5,21.5
320.0,21.03069342816854,21.33567149185871,5.551274711633998,21.0,0,-0.3356714918587116,20.94645838387659,20.5,21.5
321.0,21.027597544425234,21.319363293690635,5.5529522196679615,21.0,0,-0.31936329369063543,21.156281312009874,20.5,21.5
322.0,21.024502615360284,21.305256679943803,5.554629306604756,21.0,0,-0.30525667994380257,21.164190542475474,20.5,21.5
323.0,21.02140864069853,21.31073766308597,5.556305971167205,21.0,0,-0.31073766308596973,21.36554749450764,20.5,21.5
324.0,21.018315620164625,21.300327055801667,5.557982212078459,21.0,0,-0.30032705580166663,21.196220982958636,20.5,21.5
325.0,21.015223553483008,21.389194760938114,5.5596580280619845,21.0,0,-0.3891947609381141,22.27787181230259,20.5,21.5
326.0,21.012132440377922,21.35905108311145,5.561333417841576,21.0,0,-0.3590510831114493,21.0576143048448,20.5,21.5
327.0,21.009042280573414,21.402540770130386,5.563008380141351,21.0,0,-0.40254077013038625,21.837437640319756,20.5,21.5
328.0,21.00595307379333,21.384119540627413,5.564682913685753,21.0,0,-0.38411954062741316,21.199907245597682,20.5,21.5
329.0,21.002864819761307,21.37553597251384,5.566357017199552,21.0,0,-0.3755359725138412,21.28970029137812,20.5,21.5
330.0,20.999777518200794,21.33273849257509,5.568030689407845,21.0,0,-0.33273849257508914,20.90476369318757,20.5,21.5
331.0,20.996691168835035,21.260198422144374,5.569703929036058,21.0,0,-0.2601984221443736,20.53479771783722,20.5,21.5
332.0,20.993605771387074,21.214517631985867,5.571376734809947,21.0,0,-0.21451763198586704,20.7577097304008,20.5,21.5
333.0,20.99052132557976,21.241674062571313,5.573049105455596,21.0,0,-0.2416740625713132,21.513238368425775,20.5,21.5
334.0,20.987437831135736,21.239778057244717,5.5747210396994245,21.0,0,-0.2397780572447168,21.220818003978753,20.5,21.5
335.0,20.98435528777745,21.28464773209263,5.5763925362681785,21.0,0,-0.2846477320926297,21.73334448057176,20.5,21.5
336.0,20.98127369522715,21.335095971948803,5.578063593888944,21.0,0,-0.33509597194880314,21.839578370510537,20.5,21.5
337.0,20.97819305320688,21.322885201698348,5.579734211289135,21.0,0,-0.3228852016983481,21.200777499193798,20.5,21.5
338.0,20.975113361438495,21.244495801430222,5.581404387196505,21.0,1,-0.24449580143022231,20.460601798748964,20.5,21.5
339.0,20.992034619643647,21.146418753618995,5.583074120339143,21.0,1,-0.14641875361899537,20.165648275506726,20.5,21.5
340.0,21.008952827543787,21.016384028667638,5.5847434094454735,21.0,1,-0.01638402866763755,19.71603677915406,20.5,21.5
341.0,21.025867985660167,20.967360945330007,5.58641225324426,21.0,1,0.03263905466999262,20.477130111953706,20.5,21.5
342.0,21.042780094513684,20.97438244957176,5.588080650464608,21.0,1,0.02561755042824032,21.044597491989283,20.5,21.5
343.0,21.059689154624873,21.081976854609156,5.589748599835957,21.0,0,-0.08197685460915594,22.15792090498312,20.5,21.5
344.0,21.056595166513915,21.161285031073266,5.591416100088093,21.0,0,-0.16128503107326608,21.954366795714368,20.5,21.5
345.0,21.05350213070063,21.223203408152354,5.593083149951142,21.0,0,-0.2232034081523544,21.842387178943238,20.5,21.5
346.0,21.050410046904478,21.27325589300283,5.5947497481555715,21.0,0,-0.2732558930028297,21.773780741507583,20.5,21.5
347.0,21.047318914844727,21.42403899517255,5.596415893432196,21.0,0,-0.4240389951725483,22.931870016869734,20.5,21.5
348.0,21.044228734240445,21.442412757236365,5.598081584512173,21.0,0,-0.4424127572363652,21.626150377874534,20.5,21.5
349.0,21.0411395048105,21.416520465245473,5.599746820127006,21.0,0,-0.4165204652454726,21.157597545336547,20.5,21.5
350.0,21.038051226273563,21.495638450032725,5.6014115990085465,21.0,0,-0.49563845003272533,22.286818297905253,20.5,21.5
351.0,21.03496389834811,21.51868049822799,5.603075919888991,21.0,0,-0.5186804982279902,21.74910098018064,20.5,21.5
352.0,21.031877520752417,21.41134024104925,5.604739781500889,21.0,1,-0.41134024104924904,20.337937669261837,20.5,21.5
353.0,21.04879209320457,21.375057026231417,5.606403182577136,21.0,1,-0.375057026231417,21.012224878053097,20.5,21.5
354.0,21.065703615422443,21.428314072552475,5.608066121850981,21.0,0,-0.42831407255247456,21.96088453576305,20.5,21.5
355.0,21.06261208792373,21.348760274083954,5.609728598056021,21.0,0,-0.34876027408395416,20.55322228939875,20.5,21.5
356.0,21.059521511225753,21.455168507764082,5.611390609926211,21.0,0,-0.4551685077640819,22.51925084456536,20.5,21.5
357.0,21.056431885045495,21.491340047168944,5.613052156195855,21.0,0,-0.49134004716894353,21.85305544121756,20.5,21.5
358.0,21.053343209099726,21.522068812309932,5.6147132355996145,21.0,0,-0.5220688123099322,21.82935646371982,20.5,21.5
359.0,21.050255483105026,21.514983362466694,5.616373846872503,21.0,0,-0.514983362466694,21.44412886403431,20.5,21.5
360.0,21.04716870677778,21.59830076000207,5.618033988749895,21.0,0,-0.5983007600020684,22.431474735355813,20.5,21.5
361.0,21.044082879834175,21.490619768999295,5.619693659967519,21.0,1,-0.49061976899929505,20.41380985897156,20.5,21.5
362.0,21.060998001990203,21.413943204275004,5.621352859261464,21.0,1,-0.41394320427500375,20.64717755703209,20.5,21.5
363.0,21.077910072961657,21.329708440217804,5.623011585368176,21.0,1,-0.32970844021780366,20.487360799645803,20.5,21.5
364.0,21.09481909326414,21.39098656214035,5.624669837024465,21.0,0,-0.3909865621403483,22.003767781365795,20.5,21.5
365.0,21.09172506341289,21.294212064993488,5.626327612967499,21.0,1,-0.29421206499348784,20.326467093524883,20.5,21.5
366.0,21.108631983922802,21.28660969545418,5.62798491193481,21.0,1,-0.2866096954541817,21.21058600006112,20.5,21.5
367.0,21.125535854508403,21.276514133518724,5.629641732664292,21.0,1,-0.2765141335187238,21.175558514164145,20.5,21.5
368.0,21.142436675684035,21.317567960556918,5.631298073894205,21.0,0,-0.31756796055691794,21.72810623093886,20.5,21.5
369.0,21.139334447963677,21.231439682217985,5.632953934363172,21.0,1,-0.23143968221798517,20.370156898828657,20.5,21.5
370.0,21.156233171860958,21.325151519284958,5.634609312810184,21.0,0,-0.3251515192849581,22.262269889954688,20.5,21.5
371.0,21.153128847089146,21.42111260558902,5.636264207974598,21.0,0,-0.42111260558901975,22.380723468629636,20.5,21.5
372.0,21.150025474161325,21.52685930709307,5.63791861859614,21.0,0,-0.5268593070930692,22.584326322133563,20.5,21.5
373.0,21.14692305279021,21.613032440047476,5.6395725434149035,21.0,0,-0.6130324400474763,22.474763769591547,20.5,21.5
374.0,21.143821582688336,21.624677586702752,5.6412259811713525,21.0,0,-0.6246775867027523,21.741129053255513,20.5,21.5
375.0,21.140721063568034,21.653276202097672,5.642878930606323,21.0,0,-0.6532762020976719,21.939262356046868,20.5,21.5
376.0,21.137621495141442,21.562217204617674,5.644531390461022,21.0,0,-0.5622172046176743,20.6516272298177,20.5,21.5
377.0,21.134522877120506,21.558827076620013,5.646183359477029,21.0,0,-0.5588270766200125,21.524925796643394,20.5,21.5
378.0,21.131425209216978,21.520713220401994,5.6478348363962985,21.0,0,-0.5207132204019942,21.13957465822181,20.5,21.5
379.0,21.128328491142415,21.57919003371972,5.649485819961159,21.0,0,-0.5791900337197191,22.16395816689697,20.5,21.5
380.0,21.125232722608178,21.57117594303019,5.651136308914314,21.0,0,-0.571175943030191,21.49103503613491,20.5,21.5
381.0,21.122137903325438,21.58166900105808,5.652786301998844,21.0,0,-0.5816690010580814,21.686599581336985,20.5,21.5
382.0,21.119044033005174,21.48259281288839,5.654435797958207,21.0,1,-0.4825928128883916,20.491830931191494,20.5,21.5
383.0,21.135951111358164,21.426763059963932,5.656084795536243,21.0,1,-0.4267630599639318,20.868465530719334,20.5,21.5
384.0,21.152855138095,21.463006560966573,5.6577332934771665,21.0,0,-0.4630065609665728,21.825441570992982,20.5,21.5
385.0,21.149756113726074,21.42739955172878,5.659381290525575,21.0,0,-0.4273995517287794,21.071329459350846,20.5,21.5
386.0,21.146658038761434,21.439480383321506,5.661028785426446,21.0,0,-0.43948038332150574,21.56028869924877,20.5,21.5
387.0,21.143560912910768,21.5152123575209,5.662675776925142,21.0,0,-0.5152123575209018,22.272532099514862,20.5,21.5
388.0,21.140464735883572,21.64183295248167,5.664322263767406,21.0,0,-0.6418329524816713,22.908038902089366,20.5,21.5
389.0,21.13736950738915,21.550508323746847,5.665968244699369,21.0,0,-0.5505083237468469,20.637262036398603,20.5,21.5
390.0,21.134275227136612,21.510532024492647,5.667613718467542,21.0,0,-0.5105320244926475,21.110769031950653,20.5,21.5
391.0,21.131181894834878,21.543563200075766,5.669258683818827,21.0,0,-0.5435632000757664,21.873874955906956,20.5,21.5
392.0,21.128089510192673,21.52354817686426,5.67090313950051,21.0,0,-0.52354817686426,21.323397944749196,20.5,21.5
393.0,21.124998072918533,21.44090831898851,5.672547084260268,21.0,0,-0.4409083189885088,20.614509740230996,20.5,21.5
394.0,21.1219075827208,21.449557617167894,5.674190516846164,21.0,0,-0.4495576171678941,21.536050598961747,20.5,21.5
395.0,21.118818039307627,21.473342405085493,5.675833436006654,21.0,0,-0.47334240508549286,21.71119028426148,20.5,21.5
396.0,21.115729442386968,21.442991595652284,5.677475840490583,21.0,0,-0.4429915956522841,21.139483501320196,20.5,21.5
397.0,21.11264179166659,21.438394325057306,5.679117729047188,21.0,0,-0.43839432505730613,21.392421619107527,20.5,21.5
398.0,21.109555086854066,21.42353562133036,5.6807591004261,21.0,0,-0.42353562133035894,21.274948584060887,20.5,21.5
399.0,21.10646932765678,21.43769831463112,5.6823999533773435,21.0,0,-0.4376983146311204,21.579325247638735,20.5,21.5
400.0,21.103384513781922,21.419511290009588,5.684040286651338,21.0,0,-0.41951129000958787,21.237641043794262,20.5,21.5
401.0,21.100300644936496,21.39089274518981,5.685680098998897,21.0,0,-0.39089274518980943,21.104707296992025,20.5,21.5
402.0,21.09721772082731,21.346335425697635,5.687319389171233,21.0,0,-0.3463354256976352,20.900762230775893,20.5,21.5
403.0,21.09413574116098,21.311994429802915,5.688958155919954,21.0,0,-0.31199442980291536,20.968584470855717,20.5,21.5
404.0,21.09105470564393,21.32136254867854,5.690596397997069,21.0,0,-0.32136254867853964,21.415043737434782,20.5,21.5
405.0,21.0879746139824,21.321440990907764,5.692234114154986,21.0,0,-0.3214409909077638,21.322225413200005,20.5,21.5
406.0,21.084895465882436,21.271413428130053,5.693871303146512,21.0,0,-0.2714134281300531,20.771137800352946,20.5,21.5
407.0,21.08181726104989,21.2988674826943,5.695507963724856,21.0,0,-0.2988674826942983,21.57340802833675,20.5,21.5
408.0,21.07873999919042,21.367983043793082,5.6971440946436305,21.0,0,-0.3679830437930818,22.059138654780917,20.5,21.5
409.0,21.075663680009512,21.325583860738913,5.69877969465685,21.0,0,-0.325583860738913,20.901592030197225,20.5,21.5
410.0,21.07258830321244,21.325722246156342,5.7004147625189345,21.0,0,-0.32572224615634227,21.327106100330635,20.5,21.5
411.0,21.069513868504302,21.323700950344495,5.702049296984709,21.0,0,-0.3237009503444952,21.303487992226025,20.5,21.5
412.0,21.06644037559,21.376215407867214,5.703683296809404,21.0,0,-0.37621540786721397,21.9013599830944,20.5,21.5
413.0,21.063367824174243,21.39803226411151,5.705316760748657,21.0,0,-0.39803226411151016,21.616200826554472,20.5,21.5
414.0,21.060296213961557,21.40969878735094,5.706949687558514,21.0,0,-0.40969878735094056,21.526364019745245,20.5,21.5
415.0,21.057225544656276,21.356071033874873,5.708582075995432,21.0,0,-0.3560710338748727,20.819793499114194,20.5,21.5
416.0,21.054155815962545,21.398155195789773,5.710213924816274,21.0,0,-0.3981551957897729,21.818996814938775,20.5,21.5
417.0,21.051087027584316,21.33302792200892,5.711845232778318,21.0,0,-0.3330279220089203,20.681755184200394,20.5,21.5
418.0,21.048019179225356,21.234591806413505,5.71347599863925,21.0,1,-0.23459180641350486,20.25023065045935,20.5,21.5
419.0,21.064952270589238,21.27355535851897,5.715106221157173,21.0,0,-0.27355535851896917,21.663190879573612,20.5,21.5
420.0,21.061882301379352,21.33123657086697,5.716735899090601,21.0,0,-0.3312365708669702,21.90804869434698,20.5,21.5
421.0,21.058813272098895,21.39327214763508,5.718365031198462,21.0,0,-0.39327214763508067,22.013627915316185,20.5,21.5
422.0,21.055745182450714,21.393184261536963,5.719993616240102,21.0,0,-0.3931842615369625,21.39230540055578,20.5,21.5
423.0,21.05267803213747,21.429913561008167,5.7216216529752835,21.0,0,-0.429913561008167,21.797206555720212,20.5,21.5
424.0,21.04961182086164,21.329921673276644,5.723249140164184,21.0,1,-0.3299216732766439,20.330002795961413,20.5,21.5
425.0,21.066546548325498,21.346751656933968,5.724876076567403,21.0,0,-0.3467516569339679,21.515051493507208,20.5,21.5
426.0,21.063478214231147,21.316714472824543,5.726502460945957,21.0,0,-0.31671447282454324,21.016342631730296,20.5,21.5
427.0,21.060410819080488,21.338167413964122,5.728128292061283,21.0,0,-0.338167413964122,21.55269682535991,20.5,21.5
428.0,21.057344362575083,21.296557024352545,5.729753568675239,21.0,0,-0.29655702435254483,20.880453128236773,20.5,21.5
429.0,21.054278844416302,21.39823552328802,5.731378289550109,21.0,0,-0.3982355232880188,22.41502051264276,20.5,21.5
430.0,21.05121426430533,21.373204277662772,5.733002453448594,21.0,0,-0.3732042776627722,21.122891821410306,20.5,21.5
431.0,21.048150621943158,21.38957028720383,5.734626059133825,21.0,0,-0.38957028720383136,21.553230382614423,20.5,21.5
432.0,21.045087917030596,21.431399283713397,5.736249105369356,21.0,0,-0.43139928371339664,21.84968924880905,20.5,21.5
433.0,21.042026149268263,21.482865846882625,5.737871590919164,21.0,0,-0.4828658468826248,21.997531478574906,20.5,21.5
434.0,21.038965318356592,21.44152615621468,5.739493514547658,21.0,0,-0.4415261562146817,21.02812924953525,20.5,21.5
435.0,21.035905423995832,21.470127736344473,5.741114875019672,21.0,0,-0.47012773634447313,21.756143537642387,20.5,21.5
436.0,21.03284646588604,21.487932326145582,5.742735671100469,21.0,0,-0.48793232614558235,21.665978224156675,20.5,21.5
437.0,21.02978844372708,21.40216719078405,5.7443559015557435,21.0,0,-0.4021671907840485,20.54451583716871,20.5,21.5
438.0,21.026731357218647,21.427189807804474,5.745975565151618,21.0,0,-0.42718980780447424,21.67741597800873,20.5,21.5
439.0,21.023675206060233,21.393150847519593,5.747594660654649,21.0,0,-0.3931508475195926,21.052761244670776,20.5,21.5
440.0,21.02061998995115,21.466203127119456,5.749213186831824,21.0,0,-0.46620312711945644,22.196725923118095,20.5,21.5
441.0,21.017565708590528,21.392738060075583,5.750831142450566,21.0,0,-0.3927380600755832,20.65808738963685,20.5,21.5
442.0,21.0145123616773,21.466977824829783,5.752448526278731,21.0,0,-0.4669778248297831,22.209375472371782,20.5,21.5
443.0,21.011459948910222,21.378925618918032,5.7540653370846115,21.0,1,-0.3789256189180321,20.498403559800522,20.5,21.5
444.0,21.028408469987856,21.466902409357466,5.7556815736369344,21.0,0,-0.4669024093574663,22.346670313751808,20.5,21.5
445.0,21.025353924608584,21.418644460926295,5.757297234704866,21.0,0,-0.4186444609262949,20.93606497661458,20.5,21.5
446.0,21.022300313270602,21.38688179287208,5.75891231905801,21.0,0,-0.3868817928720816,21.069255112329948,20.5,21.5
447.0,21.01924763567176,21.324173145743124,5.7605268254664095,21.0,0,-0.3241731457431243,20.69708667445355,20.5,21.5
448.0,21.01619589150972,21.404703032278412,5.762140752700548,21.0,0,-0.4047030322784124,22.210001897631294,20.5,21.5
449.0,21.01314508048196,21.305224634321533,5.763754099531349,21.0,1,-0.305224634321533,20.31044065475274,20.5,21.5
450.0,21.030095202285768,21.282186541331576,5.765366864730179,21.0,1,-0.2821865413315763,21.05180561143201,20.5,21.5
451.0,21.04704225661826,21.38045309476791,5.766979047068848,21.0,0,-0.38045309476790834,22.36311862913123,20.5,21.5
452.0,21.04398624397635,21.382687907405174,5.768590645319607,21.0,0,-0.3826879074051739,21.40503603377783,20.5,21.5
453.0,21.040931164856616,21.366875926772266,5.770201658255156,21.0,0,-0.3668759267722663,21.20875612044319,20.5,21.5
454.0,21.037877018955296,21.441127606388005,5.771812084648637,21.0,0,-0.4411276063880045,22.183644402545386,20.5,21.5
455.0,21.034823805968436,21.3882825062715,5.7734219232736415,21.0,0,-0.3882825062715014,20.85983150510647,20.5,21.5
456.0,21.031771525591896,21.3619562507412,5.775031172904206,21.0,0,-0.3619562507412013,21.0986936954382,20.5,21.5
457.0,21.028720177521357,21.407650518702617,5.776639832314817,21.0,0,-0.40765051870261715,21.864593198316776,20.5,21.5
458.0,21.025669761452317,21.395816519748525,5.778247900280412,21.0,0,-0.39581651974852505,21.277476530207604,20.5,21.5
459.0,21.022620277080083,21.346456331109003,5.779855375576377,21.0,0,-0.3464563311090032,20.852854444713785,20.5,21.5
460.0,21.019571724099784,21.411931723561338,5.781462256978547,21.0,0,-0.411931723561338,22.066685648084686,20.5,21.5
461.0,21.01652410220636,21.457297582642624,5.783068543263215,21.0,0,-0.45729758264262443,21.91095617345549,20.5,21.5
462.0,21.013477411094573,21.400011257298644,5.784674233207123,21.0,0,-0.40001125729864384,20.827148003858838,20.5,21.5
463.0,21.010431650458997,21.42952844624184,5.786279325587468,21.0,0,-0.4295284462418394,21.724700335673795,20.5,21.5
464.0,21.00738681999402,21.494217734908894,5.787883819181902,21.0,0,-0.49421773490889365,22.141110621579436,20.5,21.5
465.0,21.00434291939386,21.448484191699336,5.789487712768534,21.0,0,-0.44848419169933607,20.99114875960376,20.5,21.5
466.0,21.001299948352536,21.418005009353415,5.79109100512593,21.0,0,-0.4180050093534149,21.113213185894203,20.5,21.5
467.0,20.99825790656389,21.370336226171027,5.792693695033112,21.0,0,-0.3703362261710268,20.893648394347146,20.5,21.5
468.0,20.995216793721582,21.25870329812202,5.794295781269561,21.0,1,-0.2587032981220183,20.142374017631933,20.5,21.5
469.0,21.01217660951909,21.194941882232165,5.79589726261522,21.0,1,-0.1949418822321647,20.55732772333363,20.5,21.5
470.0,21.029133353649712,21.19044332970184,5.797498137850493,21.0,1,-0.1904433297018393,21.145457804398585,20.5,21.5
471.0,21.046087026606553,21.187140604092086,5.79909840575624,21.0,1,-0.187140604092086,21.154113347994553,20.5,21.5
472.0,21.063037628882384,21.24982146081631,5.80069806511379,21.0,0,-0.2498214608163103,21.876630028058553,20.5,21.5
473.0,21.05998516096963,21.341608003394605,5.802297114704932,21.0,0,-0.3416080033946045,22.259473429177547,20.5,21.5
474.0,21.05693362336038,21.31301842051407,5.8038955533119205,21.0,0,-0.31301842051406936,21.027122591708718,20.5,21.5
475.0,21.05388301574637,21.283321992658763,5.805493379717475,21.0,0,-0.2833219926587631,20.9863577141057,20.5,21.5
476.0,21.050833337819164,21.312636096666488,5.80709059270478,21.0,0,-0.3126360966664876,21.605777136743733,20.5,21.5
477.0,21.04778458927014,21.35015217046017,5.80868719105749,21.0,0,-0.35015217046017,21.725312908396994,20.5,21.5
478.0,21.044736769790497,21.313933459388462,5.810283173559725,21.0,0,-0.31393345938846196,20.95174634867138,20.5,21.5
479.0,21.04168987907125,21.32583349289133,5.811878538996075,21.0,0,-0.3258334928913307,21.444833827920018,20.5,21.5
480.0,21.038643916803235,21.392218074672655,5.8134732861516,21.0,0,-0.39221807467265535,22.056063892485902,20.5,21.5
481.0,21.035598882677103,21.3887934687675,5.815067413811831,21.0,0,-0.3887934687674992,21.354547409715938,20.5,21.5
482.0,21.03255477638333,21.339954767304313,5.81666092076277,21.0,0,-0.33995476730431307,20.85156775267245,20.5,21.5
483.0,21.029511597612203,21.380372125938653,5.818253805790892,21.0,0,-0.38037212593865277,21.78454571228205,20.5,21.5
484.0,21.026469346053837,21.395365220824978,5.819846067683145,21.0,0,-0.3953652208249778,21.54529616968823,20.5,21.5
485.0,21.023428021398164,21.444304564551338,5.821437705226955,21.0,0,-0.44430456455133793,21.93369800181494,20.5,21.5
486.0,21.02038762333493,21.393557682164975,5.823028717210217,21.0,0,-0.39355768216497466,20.886088858301342,20.5,21.5
487.0,21.017348151553705,21.41818019718867,5.82461910242131,21.0,0,-0.4181801971886685,21.664405347425607,20.5,21.5
488.0,21.01430960574388,21.476213480238105,5.826208859649084,21.0,0,-0.47621348023810484,22.056546310732468,20.5,21.5
489.0,21.01127198559466,21.439957947129237,5.827797987682869,21.0,0,-0.43995794712923697,21.07740261604056,20.5,21.5
490.0,21.008235290795078,21.29657262100224,5.829386485312478,21.0,1,-0.296572621002241,19.86271935973228,20.5,21.5
491.0,21.025199521033983,21.36856752186022,5.830974351328199,21.0,0,-0.36856752186022135,22.088516530440025,20.5,21.5
492.0,21.02216067600004,21.395801417431407,5.8325615845208025,21.0,0,-0.3958014174314073,21.668140373143267,20.5,21.5
493.0,21.019122756181744,21.310657376814795,5.834148183681542,21.0,1,-0.3106573768147953,20.459216970648676,20.5,21.5
494.0,21.036085761267245,21.299115085633513,5.835734147602153,21.0,1,-0.2991150856335132,21.183692173820692,20.5,21.5
495.0,21.05304569094451,21.343348831146937,5.837319475074856,21.0,0,-0.3433488311469368,21.785686286281173,20.5,21.5
496.0,21.050002545701336,21.264018430244626,5.838904164892354,21.0,1,-0.2640184302446258,20.470714421221516,20.5,21.5
497.0,21.066960326025175,21.236503276748774,5.840488215847837,21.0,1,-0.23650327674877403,20.961351741790256,20.5,21.5
498.0,21.08391503160314,21.276516729636846,5.842071626734982,21.0,0,-0.27651672963684604,21.676651258517566,20.5,21.5
499.0,21.080866662922165,21.30395749350793,5.843654396347952,21.0,0,-0.3039574935079301,21.57836513221877,20.5,21.5
500.0,21.07781922046885,21.329235858317173,5.8452365234813985,21.0,0,-0.3292358583171726,21.582019506409598,20.5,21.5
501.0,21.07477270392945,21.354882089444743,5.846818006930464,21.0,0,-0.3548820894447431,21.611344400720448,20.5,21.5
502.0,21.07172711299005,21.375118955070498,5.84839884549078,21.0,0,-0.37511895507049786,21.577487611328046,20.5,21.5
503.0,21.06868244733655,21.339396004721742,5.8499790379584695,21.0,0,-0.3393960047217419,20.982166501234182,20.5,21.5
504.0,21.065638706654674,21.33163448827108,5.851558583130146,21.0,0,-0.33163448827108155,21.254019323764478,20.5,21.5
505.0,21.062595890629968,21.382416898877352,5.853137479802917,21.0,0,-0.3824168988773522,21.89024100494006,20.5,21.5
506.0,21.059553998947802,21.350978687783673,5.854715726774385,21.0,0,-0.35097868778367314,21.036596576846883,20.5,21.5
507.0,21.056513031293367,21.331909313560775,5.856293322842646,21.0,0,-0.33190931356077513,21.141215571331795,20.5,21.5
508.0,21.053472987351675,21.342585393524153,5.857870266806292,21.0,0,-0.3425853935241534,21.449346193157936,20.5,21.5
509.0,21.050433866807566,21.34218603041084,5.859446557464411,21.0,0,-0.34218603041083995,21.338192399277705,20.5,21.5
510.0,21.047395669345697,21.336680007246564,5.8610221936165905,21.0,0,-0.33668000724656366,21.2816197756038,20.5,21.5
511.0,21.04435839465055,21.360609772994103,5.8625971740629135,21.0,0,-0.3606097729941027,21.599907430469493,20.5,21.5
512.0,21.041322042406435,21.40281576812668,5.864171497603965,21.0,0,-0.4028157681266791,21.824875719452443,20.5,21.5
513.0,21.038286612297476,21.380705613759563,5.8657451630408275,21.0,0,-0.380705613759563,21.159604070088402,20.5,21.5
514.0,21.035252104007625,21.462650727734136,5.867318169175088,21.0,0,-0.46265072773413607,22.282101867479867,20.5,21.5
515.0,21.03221851722066,21.423480797321922,5.868890514808834,21.0,0,-0.4234807973219219,21.03178149319978,20.5,21.5
516.0,21.029185851620177,21.405785064876053,5.870462198744655,21.0,0,-0.4057850648760528,21.228827740417362,20.5,21.5
517.0,21.026154106889603,21.40494073027689,5.872033219785646,21.0,0,-0.40494073027689126,21.396497384285276,20.5,21.5
518.0,21.02312328271218,21.49278450831851,5.8736035767354045,21.0,0,-0.49278450831851117,22.37122228873471,20.5,21.5
519.0,21.020093378770987,21.407258446233076,5.875173268398037,21.0,0,-0.40725844623307594,20.551997825378724,20.5,21.5
520.0,21.017064394748914,21.310182280088377,5.876742293578155,21.0,1,-0.31018228008837667,20.339420618641384,20.5,21.5
521.0,21.03403633032868,21.29335090496572,5.878310651080877,21.0,1,-0.29335090496572036,21.125037153739157,20.5,21.5
522.0,21.051005185192828,21.26046697026606,5.87987833971183,21.0,1,-0.2604669702660587,20.931627623269442,20.5,21.5
523.0,21.067970959823732,21.20128139459984,5.881445358277152,21.0,1,-0.20128139459983885,20.60942563793764,20.5,21.5
524.0,21.084933654703423,21.27777747717814,5.88301170558349,21.0,0,-0.27777747717814094,22.042738302961162,20.5,21.5
525.0,21.0818932703136,21.333954607253435,5.884577380438002,21.0,0,-0.3339546072534354,21.89572590800638,20.5,21.5
526.0,21.078853807135626,21.359889434992148,5.88614238164836,21.0,0,-0.359889434992148,21.619237712379274,20.5,21.5
527.0,21.07581526485053,21.363708599108776,5.887706708022744,21.0,0,-0.36370859910877584,21.401900240275054,20.5,21.5
528.0,21.072777643139165,21.34660719812733,5.889270358369855,21.0,0,-0.3466071981273302,21.175593188312874,20.5,21.5
529.0,21.069740941682213,21.308000472938126,5.890833331498904,21.0,0,-0.3080004729381258,20.921933221046082,20.5,21.5
530.0,21.066705160160176,21.300602838076934,5.892395626219617,21.0,0,-0.30060283807693366,21.226626489465012,20.5,21.5
531.0,21.06367029825339,21.31954531386571,5.8939572413422425,21.0,0,-0.31954531386571006,21.508970071753474,20.5,21.5
532.0,21.060636355642007,21.261505651961873,5.895518175677539,21.0,0,-0.2615056519618726,20.681109032923498,20.5,21.5
533.0,21.057603332006014,21.32384230692907,5.89707842803679,21.0,0,-0.3238423069290697,21.94720885660104,20.5,21.5
534.0,21.05457122702522,21.31659362610739,5.898637997231793,21.0,0,-0.31659362610739095,21.244106817890604,20.5,21.5
535.0,21.051540040379262,21.438245406864226,5.90019688207487,21.0,0,-0.4382454068642261,22.654763214432577,20.5,21.5
536.0,21.0485097717476,21.475853409284177,5.9017550813788615,21.0,0,-0.4758534092841771,21.851933433483687,20.5,21.5
537.0,21.045480420809525,21.531005689445138,5.903312593957131,21.0,0,-0.5310056894451378,22.082528491054745,20.5,21.5
538.0,21.042451987244156,21.46102672514114,5.904869418623566,21.0,0,-0.4610267251411386,20.761237082101147,20.5,21.5
539.0,21.03942447073043,21.50182854369266,5.906425554192575,21.0,0,-0.5018285436926604,21.909846729207878,20.5,21.5
540.0,21.036397870947123,21.38972277173387,5.9079809994790935,21.0,1,-0.3897227717338687,20.268665052145952,20.5,21.5
541.0,21.05337218757283,21.33749466390172,5.9095357532985835,21.0,1,-0.3374946639017189,20.81521358558022,20.5,21.5
542.0,21.070343420285976,21.29938794068358,5.911089814467031,21.0,1,-0.2993879406835802,20.918320708502193,20.5,21.5
543.0,21.08731156956481,21.346685398001892,5.912643181800951,21.0,0,-0.3466853980018918,21.819659971185008,20.5,21.5
544.0,21.084276635887257,21.279524895426864,5.914195854117389,21.0,0,-0.27952489542686365,20.607919869676582,20.5,21.5
545.0,21.081242619730904,21.312031212937015,5.915747830233913,21.0,0,-0.31203121293701486,21.637094388038527,20.5,21.5
546.0,21.078209520773004,21.315504587541092,5.9172991089686295,21.0,0,-0.315504587541092,21.350238333581864,20.5,21.5
547.0,21.075177338690644,21.349280849723037,5.918849689140171,21.0,0,-0.3492808497230371,21.687043471542488,20.5,21.5
548.0,21.072146073160734,21.351882601562046,5.920399569567703,21.0,0,-0.3518826015620462,21.377900119952137,20.5,21.5
549.0,21.069115723860016,21.385225060225842,5.921948749070925,21.0,0,-0.38522506022584224,21.718649646863803,20.5,21.5
550.0,21.06608629046506,21.399804583799472,5.923497226470068,21.0,0,-0.39980458379947237,21.545599819535774,20.5,21.5
551.0,21.06305777265226,21.39995325074812,5.9250450005859,21.0,0,-0.39995325074811916,21.401439920234587,20.5,21.5
552.0,21.060030170097846,21.414429048965392,5.926592070239724,21.0,0,-0.4144290489653919,21.55918703113812,20.5,21.5
553.0,21.057003482477874,21.31200541145551,5.928138434253378,21.0,1,-0.31200541145550886,20.28776903635668,20.5,21.5
554.0,21.07397770946823,21.253997455548177,5.929684091449239,21.0,1,-0.253997455548177,20.67391789647486,20.5,21.5
555.0,21.090948850744628,21.290484479359666,5.931229040650223,21.0,0,-0.2904844793596659,21.655354717474555,20.5,21.5
556.0,21.08791690678261,21.269877548830557,5.932773280679783,21.0,0,-0.26987754883055715,21.06380824353947,20.5,21.5
557.0,21.08488587805739,21.294088107473907,5.934316810361912,21.0,0,-0.29408810747390746,21.53619369390741,20.5,21.5
558.0,21.081855764243848,21.38948232754743,5.935859628521147,21.0,0,-0.3894823275474302,22.343424528282657,20.5,21.5
559.0,21.078826565016705,21.466576177786735,5.937401733982563,21.0,0,-0.46657617778673455,22.23751468017978,20.5,21.5
560.0,21.0757982800505,21.408621360540696,5.9389431255717815,21.0,0,-0.4086213605406961,20.82907318808031,20.5,21.5
561.0,21.072770909019603,21.461348229086543,5.940483802114964,21.0,0,-0.4613482290865427,21.98861691454501,20.5,21.5
562.0,21.069744451598222,21.4363091880488,5.94202376243882,21.0,0,-0.43630918804879926,21.185918777671365,20.5,21.5
563.0,21.06671890746039,21.322733504809555,5.943563005370601,21.0,1,-0.3227335048095554,20.186976672417117,20.5,21.5
564.0,21.083694276279974,21.305614136145174,5.945101529738108,21.0,1,-0.30561413614517363,21.134420449501356,20.5,21.5
565.0,21.100666557730666,21.287320163408232,5.946639334369687,21.0,1,-0.2873201634082321,21.104380436038817,20.5,21.5
566.0,21.11763575228599,21.294141929459173,5.948176418094232,21.0,1,-0.2941419294591725,21.362359589968577,20.5,21.5
567.0,21.134601860419153,21.275033804328064,5.949712779741189,21.0,1,-0.27503380432806424,21.08395255301698,20.5,21.5
568.0,21.15156488260302,21.29272036939718,5.95124841814055,21.0,1,-0.2927203693971805,21.469586020088343,20.5,21.5
569.0,21.168524819310125,21.324110412522124,5.952783332122861,21.0,0,-0.32411041252212414,21.63801084377156,20.5,21.5
570.0,21.16548167101269,21.445686832476817,5.954317520519217,21.0,0,-0.4456868324768166,22.66145103202374,20.5,21.5
571.0,21.16243943818259,21.395662220405132,5.955850982161267,21.0,0,-0.3956622204051321,20.895416099688287,20.5,21.5
572.0,21.15939812049139,21.422186950802622,5.957383715881214,21.0,0,-0.42218695080262236,21.687434254777525,20.5,21.5
573.0,21.156357717610465,21.448557845255614,5.958915720511813,21.0,0,-0.44855784525561404,21.71226678978553,20.5,21.5
574.0,21.153318229211045,21.432820859077133,5.960446994886378,21.0,0,-0.4328208590771325,21.275450997292317,20.5,21.5
575.0,21.15027965496418,21.33153188949755,5.961977537838775,21.0,1,-0.3315318894975512,20.318642193701738,20.5,21.5
576.0,21.167241994540756,21.30485270862469,5.96350734820343,21.0,1,-0.30485270862468994,21.038060899896077,20.5,21.5
577.0,21.18420124761149,21.322932223051364,5.9650364248153265,21.0,0,-0.3229322230513638,21.503727367318103,20.5,21.5
578.0,21.181157414646933,21.408492720374042,5.966564766510005,21.0,0,-0.40849272037404205,22.264097693600824,20.5,21.5
579.0,21.178114496117306,21.433204159112684,5.968092372123566,21.0,0,-0.43320415911268384,21.6803185464991,20.5,21.5
580.0,21.175072491692507,21.48266726549547,5.969619240492674,21.0,0,-0.48266726549546846,21.977298329323315,20.5,21.5
581.0,21.17203140104227,21.642249661010375,5.9711453704545505,21.0,0,-0.642249661010375,23.23807361615944,20.5,21.5
582.0,21.16899122383615,21.67388221455645,5.972670760846981,21.0,0,-0.6738822145564498,21.9902077500172,20.5,21.5
583.0,21.165951959743552,21.605498864941666,5.974195410508315,21.0,0,-0.6054988649416657,20.921665368793825,20.5,21.5
584.0,21.162913608433705,21.648672733833934,5.9757193182774655,21.0,0,-0.6486727338339335,22.08041142275661,20.5,21.5
585.0,21.159876169575675,21.64435450777043,5.97724248299391,21.0,0,-0.64435450777043,21.601172247135395,20.5,21.5
586.0,21.15683964283836,21.55207523531009,5.978764903497693,21.0,0,-0.5520752353100917,20.62928251070671,20.5,21.5
587.0,21.15380402789049,21.50331704359842,5.980286578629424,21.0,0,-0.5033170435984218,21.015735126481722,20.5,21.5
588.0,21.15076932440064,21.525253251703063,5.981807507230282,21.0,0,-0.525253251703063,21.744615332749476,20.5,21.5
589.0,21.147735532037203,21.465106833833737,5.983327688142013,21.0,0,-0.46510683383373674,20.863642655140474,20.5,21.5
590.0,21.144702650468425,21.44586967375017,5.984847120206934,21.0,0,-0.4458696737501704,21.253498072914507,20.5,21.5
591.0,21.141670679362374,21.46456408982481,5.986365802267931,21.0,0,-0.46456408982480824,21.651508250571187,20.5,21.5
592.0,21.138639618386954,21.40148142081885,5.987883733168462,21.0,0,-0.4014814208188504,20.770654730759272,20.5,21.5
593.0,21.13560946720991,21.38673299745998,5.989400911752556,21.0,0,-0.3867329974599798,21.239248763871274,20.5,21.5
594.0,21.13258022549882,21.432321590115894,5.990917336864815,21.0,0,-0.4323215901158939,21.888207516675035,20.5,21.5
595.0,21.129551892921093,21.51029816865825,5.992433007350416,21.0,0,-0.5102981686582488,22.2900639540818,20.5,21.5
596.0,21.12652446914398,21.355866126680635,5.993947922055111,21.0,1,-0.35586612668063466,19.811545706904493,20.5,21.5
597.0,21.14349795383456,21.3557914255028,5.9954620798252245,21.0,1,-0.35579142550280096,21.355044413724464,20.5,21.5
598.0,21.16046834665976,21.360347756358628,5.99697547950766,21.0,1,-0.36034775635862815,21.4059110649169,20.5,21.5
599.0,21.177435648086327,21.334858611278595,5.9984881199499,21.0,1,-0.3348586112785945,21.079967160478258,20.5,21.5
600.0,21.1943998585807,21.255218260172377,6.0,21.0,1,-0.25521826017237714,20.458814749110203,20.5,21.5
601.0,21.211360978608983,21.379214393809285,6.001511118506599,21.0,0,-0.3792143938092849,22.619175730178362,20.5,21.5
602.0,21.208319008636963,21.496777999477054,6.003021474318914,21.0,0,-0.4967779994770538,22.672414056154743,20.5,21.5
603.0,21.2052779491301,21.550445794292866,6.004531066286745,21.0,0,-0.550445794292866,22.087123742450988,20.5,21.5
604.0,21.20223779975353,21.472768868696317,6.0060398932604695,21.0,0,-0.47276886869631696,20.695999612730827,20.5,21.5
605.0,21.19919856017223,21.5292328387483,6.007547954091052,21.0,0,-0.5292328387482996,22.093872539268126,20.5,21.5
606.0,21.196160230051014,21.56168831658989,6.009055247630038,21.0,0,-0.5616883165898905,21.8862430950058,20.5,21.5
607.0,21.19312280905453,21.51792375931945,6.010561772729559,21.0,0,-0.5179237593194514,21.08027818661506,20.5,21.5
608.0,21.190086296847262,21.497221013123166,6.012067528242327,21.0,0,-0.49722101312316624,21.290193551160314,20.5,21.5
609.0,21.187050693093543,21.503169202059574,6.013572513021648,21.0,0,-0.5031692020595742,21.562651091423653,20.5,21.5
610.0,21.18401599745753,21.38387390799284,6.015076725921408,21.0,1,-0.3838739079928395,20.190920967325493,20.5,21.5
611.0,21.20098220960322,21.330526826402558,6.016580165796085,21.0,1,-0.3305268264025578,20.79705601049974,20.5,21.5
612.0,21.21794532919446,21.29831389164492,6.018082831500743,21.0,1,-0.29831389164491995,20.97618454406854,20.5,21.5
613.0,21.23490535669492,21.388323234603938,6.019584721891037,21.0,0,-0.3883232346039378,22.288416664194116,20.5,21.5
614.0,21.23186229256796,21.416941943629432,6.021085835823211,21.0,0,-0.41694194362943193,21.703129033884373,20.5,21.5
615.0,21.22882013727661,21.49579096114328,6.022586172154104,21.0,0,-0.49579096114327825,22.28428113628174,20.5,21.5
616.0,21.225778890483586,21.558873655982328,6.024085729741143,21.0,0,-0.5588736559823282,22.189700604372828,20.5,21.5
617.0,21.222738551851435,21.621329791490528,6.02558450744235,21.0,0,-0.6213297914905276,22.24589114657252,20.5,21.5
618.0,21.219699121042552,21.494180062029734,6.02708250411634,21.0,1,-0.4941800620297343,20.2226827674218,20.5,21.5
619.0,21.236660597719165,21.501170576086317,6.028579718622325,21.0,0,-0.5011705760863165,21.57107571665214,20.5,21.5
620.0,21.233618981543344,21.491142609128463,6.0300761498201085,21.0,0,-0.4911426091284632,21.39086293954993,20.5,21.5
621.0,21.230578272977,21.440264871518792,6.031571796570095,21.0,0,-0.44026487151879223,20.931487495422083,20.5,21.5
622.0,21.22753847168172,21.437855468792858,6.033066657733284,21.0,0,-0.43785546879285775,21.413761441533513,20.5,21.5
623.0,21.22449957731893,21.514074726224976,6.034560732171273,21.0,0,-0.5140747262249761,22.27626730054616,20.5,21.5
624.0,21.2214615895499,21.487910724429188,6.036054018746261,21.0,0,-0.48791072442918804,21.226270706471308,20.5,21.5
625.0,21.21842450803574,21.491380107850055,6.037546516321043,21.0,0,-0.4913801078500555,21.52607394205873,20.5,21.5
626.0,21.215388332437396,21.48639258865119,6.039038223759019,21.0,0,-0.4863925886511886,21.43651739666252,20.5,21.5
627.0,21.21235306241566,21.464363173542218,6.040529139924188,21.0,0,-0.46436317354221757,21.244069022452507,20.5,21.5
628.0,21.20931869763116,21.41568000747874,6.042019263681153,21.0,0,-0.41568000747874123,20.928848346843978,20.5,21.5
629.0,21.20628523774437,21.453148285030167,6.043508593895119,21.0,0,-0.45314828503016713,21.827831060544426,20.5,21.5
630.0,21.203252682415602,21.420694482806237,6.044997129431898,21.0,0,-0.4206944828062369,21.096156460566934,20.5,21.5
631.0,21.200221031305006,21.506359893400663,6.046484869157903,21.0,0,-0.5063598934006635,22.36301399934493,20.5,21.5
632.0,21.197190284072576,21.509533807552348,6.047971811940158,21.0,0,-0.5095338075523479,21.541272949069192,20.5,21.5
633.0,21.19416044037815,21.543351853008947,6.04945795664629,21.0,0,-0.5433518530089465,21.881532307574933,20.5,21.5
634.0,21.1911314998814,21.52742440754911,6.050943302144535,21.0,0,-0.527424407549109,21.368149952950734,20.5,21.5
635.0,21.188103462241852,21.499756981332453,6.052427847303739,21.0,0,-0.49975698133245317,21.223082719165895,20.5,21.5
636.0,21.185076327118864,21.459754586475803,6.053911590993355,21.0,0,-0.45975458647580325,21.059730637909304,20.5,21.5
637.0,21.18205009417164,21.429048168307798,6.055394532083448,21.0,0,-0.4290481683077978,21.121983986627743,20.5,21.5
638.0,21.17902476305922,21.447446583451647,6.056876669444694,21.0,0,-0.44744658345164723,21.63143073489014,20.5,21.5
639.0,21.1760003334405,21.48465274734071,6.058358001948381,21.0,0,-0.48465274734071073,21.856714386231346,20.5,21.5
640.0,21.1729768049742,21.562654693243417,6.059838528466409,21.0,0,-0.5626546932434167,22.342674152270476,20.5,21.5
641.0,21.1699541773189,21.551614270963547,6.061318247871295,21.0,0,-0.5516142709635474,21.441210048164855,20.5,21.5
642.0,21.16693245013301,21.556446957135684,6.062797159036165,21.0,0,-0.5564469571356838,21.604773818857048,20.5,21.5
643.0,21.163911623074792,21.4407443203756,6.064275260834767,21.0,1,-0.4407443203756003,20.283717952774765,20.5,21.5
644.0,21.180891695802345,21.42413041375009,6.0657525521414595,21.0,1,-0.4241304137500883,21.25799134749497,20.5,21.5
645.0,21.197868667973612,21.394961639176632,6.067229031831223,21.0,1,-0.39496163917663196,21.10327389344207,20.5,21.5
646.0,21.214842540046384,21.469892774817616,6.068704698779653,21.0,0,-0.46989277481761604,22.219204131227457,20.5,21.5
647.0,21.21181331247813,21.542247587000336,6.070179551862964,21.0,0,-0.542247587000336,22.265795708827536,20.5,21.5
648.0,21.20878498572601,21.68076860738625,6.071653589957993,21.0,0,-0.6807686073862484,23.065978811245373,20.5,21.5
649.0,21.205757559446855,21.664565728142353,6.0731268119421955,21.0,0,-0.6645657281423532,21.5025369357034,20.5,21.5
650.0,21.202731033297354,21.739581095634044,6.074599216693647,21.0,0,-0.7395810956340441,22.489734770550953,20.5,21.5
651.0,21.199705406934033,21.70139902631329,6.07607080309105,21.0,0,-0.7013990263132897,21.319578333105746,20.5,21.5
652.0,21.196680680013266,21.70785274597364,6.077541570013726,21.0,0,-0.7078527459736392,21.772389942577135,20.5,21.5
653.0,21.193656852191268,21.626146169192438,6.079011516341622,21.0,0,-0.6261461691924382,20.809080401380427,20.5,21.5
654.0,21.190633923124096,21.652136552109546,6.08048064095531,21.0,0,-0.6521365521095461,21.912040381280626,20.5,21.5
655.0,21.18761189246766,21.581208108505656,6.081948942735988,21.0,0,-0.5812081085056562,20.871923672466757,20.5,21.5
656.0,21.184590759877715,21.48036130545993,6.083416420565479,21.0,1,-0.4803613054599296,20.471893275002664,20.5,21.5
657.0,21.201570525009853,21.461794755023934,6.084883073326237,21.0,1,-0.4617947550239343,21.27612925066398,20.5,21.5
658.0,21.218547187519516,21.44956041001422,6.086348899901341,21.0,1,-0.44956041001422165,21.327216959917095,20.5,21.5
659.0,21.23552074786199,21.415976489026843,6.087813899174501,21.0,1,-0.4159764890268427,21.080137279153053,20.5,21.5
660.0,21.25249120649225,21.38553997056772,6.089278070030054,21.0,1,-0.38553997056772005,21.081174785976494,20.5,21.5
661.0,21.26945856386496,21.48265382888213,6.0907414113529725,21.0,0,-0.48265382888212827,22.45379241202621,20.5,21.5
662.0,21.266422820434457,21.37127337201992,6.092203922028858,21.0,1,-0.37127337201992106,20.25746880339785,20.5,21.5
663.0,21.283387976654776,21.406003188781952,6.093665600943945,21.0,0,-0.40600318878195196,21.75330135640226,20.5,21.5
664.0,21.280350032179634,21.463882065420375,6.0951264469851,21.0,0,-0.4638820654203748,22.042670831804603,20.5,21.5
665.0,21.277312987462594,21.52076384105056,6.096586459039828,21.0,0,-0.5207638410505595,22.089581597352407,20.5,21.5
666.0,21.274276842156908,21.46937747337093,6.098045635996264,21.0,0,-0.4693774733709297,20.955513796574632,20.5,21.5
667.0,21.271241595915676,21.50819597464512,6.099503976743181,21.0,0,-0.508195974645119,21.896380987387012,20.5,21.5
668.0,21.268207248391843,21.521421475402935,6.100961480169991,21.0,0,-0.5214214754029349,21.653676482981094,20.5,21.5
669.0,21.265173799238198,21.599818749297512,6.102418145166741,21.0,0,-0.599818749297512,22.383791488243283,20.5,21.5
670.0,21.262141248107383,21.589166454182482,6.103873970624116,21.0,0,-0.5891664541824824,21.482643503032186,20.5,21.5
671.0,21.259109594651886,21.585548862286366,6.105328955433444,21.0,0,-0.585548862286366,21.549372943325203,20.5,21.5
672.0,21.256078838524044,21.614484094451818,6.106783098486688,21.0,0,-0.614484094451818,21.903836416106337,20.5,21.5
673.0,21.253048979376036,21.58863225999768,6.108236398676457,21.0,0,-0.5886322599976808,21.33011391545631,20.5,21.5
674.0,21.250020016859896,21.451318099647104,6.109688854895999,21.0,1,-0.45131809964710357,20.07817649614133,20.5,21.5
675.0,21.266991950627503,21.406603786571527,6.111140466039204,21.0,1,-0.4066037865715266,20.959460655815757,20.5,21.5
676.0,21.283960780330585,21.429056461277135,6.11259123100061,21.0,0,-0.4290564612771348,21.653583208333217,20.5,21.5
677.0,21.28092650642072,21.533498846135807,6.114041148675393,21.0,0,-0.5334988461358066,22.577922694722524,20.5,21.5
678.0,21.27789312934917,21.60226565385585,6.11549021795938,21.0,0,-0.6022656538558486,22.28993373105627,20.5,21.5
679.0,21.274860648766893,21.63928964455568,6.116938437749042,21.0,0,-0.6392896445556815,22.00952955155401,20.5,21.5
680.0,21.271829064324688,21.685015303154422,6.118385806941494,21.0,0,-0.6850153031544224,22.14227188914183,20.5,21.5
681.0,21.26879837567321,21.65367986864125,6.119832324434503,21.0,0,-0.6536798686412517,21.340325523509545,20.5,21.5
682.0,21.26576858246296,21.51367699900687,6.121277989126483,21.0,1,-0.5136769990068686,20.113648302663037,20.5,21.5
683.0,21.282739684344293,21.48397981625938,6.122722799916498,21.0,1,-0.4839798162593816,21.18700798878451,20.5,21.5
684.0,21.29970768096741,21.44441933377752,6.124166755704261,21.0,1,-0.4444193337775211,21.048814508958916,20.5,21.5
685.0,21.316672572782355,21.451436491704975,6.125609855390137,21.0,0,-0.4514364917049747,21.52160807097951,20.5,21.5
686.0,21.313634360238876,21.482820439422902,6.1270520978751435,21.0,0,-0.48282043942290187,21.796659916602174,20.5,21.5
687.0,21.3105970437864,21.498394286317883,6.128493482060948,21.0,0,-0.4983942863178825,21.65413275526769,20.5,21.5
688.0,21.307560623074057,21.538090232826317,6.129934006849876,21.0,0,-0.5380902328263168,21.93504969791066,20.5,21.5
689.0,21.304525097750812,21.494879161738503,6.131373671144904,21.0,0,-0.49487916173850266,21.06276845086036,20.5,21.5
690.0,21.30149046746549,21.50136969701505,6.132812473849666,21.0,0,-0.5013696970150505,21.56627504978053,20.5,21.5
691.0,21.298456731866768,21.524707653218442,6.1342504138684495,21.0,0,-0.5247076532184423,21.75808721525236,20.5,21.5
692.0,21.295423890603168,21.55038529055833,6.135687490106203,21.0,0,-0.5503852905583315,21.807161663957224,20.5,21.5
693.0,21.292391943323068,21.57723184781849,6.137123701468528,21.0,0,-0.5772318478184886,21.84569742042006,20.5,21.5
694.0,21.289360889674697,21.701468944484382,6.138559046861689,21.0,0,-0.7014689444843825,22.94383991114332,20.5,21.5
695.0,21.286330729306133,21.73094984061632,6.139993525192606,21.0,0,-0.7309498406163186,22.02575880193568,20.5,21.5
696.0,21.28330146186531,21.660028683972087,6.141427135368863,21.0,0,-0.6600286839720866,20.950817117529766,20.5,21.5
697.0,21.280273087000012,21.771239294794537,6.1428598762987034,21.0,0,-0.7712392947945368,22.88334540301904,20.5,21.5
698.0,21.277245604357873,21.69546902983833,6.1442917468910325,21.0,0,-0.6954690298383284,20.937766380276244,20.5,21.5
699.0,21.27421901358638,21.653163793608616,6.145722746055418,21.0,0,-0.6531637936086163,21.230111431311496,20.5,21.5
700.0,21.271193314332873,21.605116561074123,6.147152872702092,21.0,0,-0.6051165610741229,21.12464423572919,20.5,21.5
701.0,21.268168506244546,21.630538563402006,6.148582125741951,21.0,0,-0.6305385634020055,21.88475858668083,20.5,21.5
702.0,21.265144588968447,21.478219386221014,6.150010504086557,21.0,1,-0.47821938622101356,19.955027614411094,20.5,21.5
703.0,21.28212156215147,21.447452333673265,6.151438006648137,21.0,1,-0.4474523336732652,21.13978180819578,20.5,21.5
704.0,21.29909542544037,21.537781428677583,6.152864632339586,21.0,0,-0.537781428677583,22.44107237872076,20.5,21.5
705.0,21.296066179281752,21.56795316600644,6.1542903800744675,21.0,0,-0.5679531660064399,21.869670539295008,20.5,21.5
706.0,21.29303782412191,21.621316216999176,6.15571524876701,21.0,0,-0.6213162169991762,22.15494672692654,20.5,21.5
707.0,21.29001035960684,21.722555528684914,6.157139237332117,21.0,0,-0.7225555286849143,22.734948645542296,20.5,21.5
708.0,21.286983785382382,21.750105656873885,6.1585623446853575,21.0,0,-0.7501056568738846,22.025606938763588,20.5,21.5
709.0,21.283958101094242,21.694623309263143,6.159984569742974,21.0,0,-0.6946233092631431,21.139799833155728,20.5,21.5
710.0,21.280933306387972,21.688772674690803,6.1614059114218795,21.0,0,-0.6887726746908029,21.6302663289674,20.5,21.5
711.0,21.277909400908978,21.682936792739447,6.162826368639661,21.0,0,-0.6829367927394472,21.62457797322589,20.5,21.5
712.0,21.274886384302523,21.61920796905213,6.164245940314579,21.0,0,-0.6192079690521304,20.981919732178962,20.5,21.5
713.0,21.271864256213725,21.64120902125498,6.165664625365567,21.0,0,-0.6412090212549799,21.861219543283475,20.5,21.5
714.0,21.268843016287555,21.661585761771804,6.167082422712235,21.0,0,-0.6615857617718035,21.86535316694004,20.5,21.5
715.0,21.26582266416884,21.6264661527785,6.168499331274869,21.0,0,-0.6264661527785016,21.275270062845482,20.5,21.5
716.0,21.26280319950226,21.577824691189726,6.169915349974431,21.0,0,-0.5778246911897256,21.091410075301965,20.5,21.5
717.0,21.259784621932358,21.592651058050702,6.171330477732561,21.0,0,-0.5926510580507021,21.740914726660467,20.5,21.5
718.0,21.256766931103517,21.536343316463366,6.1727447134715785,21.0,0,-0.5363433164633662,20.973265900590008,20.5,21.5
719.0,21.25375012665999,21.602693236421224,6.17415805611448,21.0,0,-0.6026932364212243,22.266192435999805,20.5,21.5
720.0,21.25073420824588,21.639855847235815,6.175570504584947,21.0,0,-0.6398558472358147,22.01148195538172,20.5,21.5
721.0,21.24771917550515,21.556597305578986,6.176982057807334,21.0,0,-0.5565973055789861,20.7240118890107,20.5,21.5
722.0,21.24470502808161,21.54932334634714,6.178392714706684,21.0,0,-0.5493233463471405,21.476583754028685,20.5,21.5
723.0,21.241691765618935,21.576193880152445,6.179802474208721,21.0,0,-0.5761938801524451,21.84489921820549,20.5,21.5
724.0,21.23867938776065,21.51937428877964,6.181211335239851,21.0,0,-0.5193742887796411,20.9511783750516,20.5,21.5
725.0,21.235667894150147,21.432083100077985,6.1826192967271645,21.0,0,-0.43208310007798545,20.55917121306143,20.5,21.5
726.0,21.232657284430662,21.50185545160554,6.184026357598439,21.0,0,-0.5018554516055396,22.19957896688108,20.5,21.5
727.0,21.229647558245297,21.485252079661386,6.185432516782136,21.0,0,-0.48525207966138595,21.31921836021985,20.5,21.5
728.0,21.226638715237005,21.481536576181615,6.186837773207403,21.0,0,-0.4815365761816146,21.4443815413839,20.5,21.5
729.0,21.2236307550486,21.51756221526999,6.188242125804077,21.0,0,-0.5175622152699901,21.877818606153745,20.5,21.5
730.0,21.220623677322752,21.56085387352355,6.189645573502682,21.0,0,-0.5608538735235484,21.99377045605913,20.5,21.5
731.0,21.21761748170199,21.636730723203218,6.191048115234433,21.0,0,-0.6367307232032182,22.395499219999916,20.5,21.5
732.0,21.214612167828694,21.662893618661133,6.192449749931232,21.0,0,-0.6628936186611334,21.924522573240285,20.5,21.5
733.0,21.211607735345115,21.733221671422648,6.1938504765256726,21.0,0,-0.7332216714226476,22.43650219903779,20.5,21.5
734.0,21.208604183893353,21.645219434654198,6.195250293951043,21.0,0,-0.645219434654198,20.7651970669697,20.5,21.5
735.0,21.205601513115365,21.67798118868282,6.196649201141318,21.0,0,-0.6779811886828213,22.005598728969055,20.5,21.5
736.0,21.20259972265297,21.69907431926168,6.198047197031172,21.0,0,-0.6990743192616797,21.910005625050264,20.5,21.5
737.0,21.199598812147844,21.66791797963689,6.199444280555968,21.0,0,-0.6679179796368899,21.356354583388992,20.5,21.5
738.0,21.196598781241526,21.62268578944084,6.200840450651768,21.0,0,-0.6226857894408404,21.170363887480345,20.5,21.5
739.0,21.19359962957541,21.640023588129527,6.202235706255326,21.0,0,-0.6400235881295266,21.81340157501639,20.5,21.5
740.0,21.190601356790747,21.629656845430496,6.203630046304096,21.0,0,-0.629656845430496,21.52598941844019,20.5,21.5
741.0,21.187603962528648,21.58298654580239,6.2050234697362265,21.0,0,-0.5829865458023917,21.11628354952135,20.5,21.5
742.0,21.18460744643009,21.529349427626386,6.206415975490565,21.0,0,-0.5293494276263857,20.992978245866325,20.5,21.5
743.0,21.1816118081359,21.519458792135254,6.207807562506657,21.0,0,-0.5194587921352536,21.420552437223932,20.5,21.5
744.0,21.178617047286775,21.495441202787738,6.209198229724749,21.0,0,-0.4954412027877382,21.255265309312584,20.5,21.5
745.0,21.175623163523262,21.446347242607835,6.2105879760857885,21.0,0,-0.4463472426078354,20.955407640808808,20.5,21.5
746.0,21.172630156485774,21.482061897652226,6.211976800531422,21.0,0,-0.4820618976522262,21.839208448096134,20.5,21.5
747.0,21.16963802581458,21.543421289073354,6.213364702003999,21.0,0,-0.5434212890733541,22.157015203284633,20.5,21.5
748.0,21.166646771149818,21.48684128930206,6.214751679446573,21.0,0,-0.4868412893020597,20.921041291589116,20.5,21.5
749.0,21.16365639213148,21.47008825586061,6.216137731802901,21.0,0,-0.47008825586060965,21.30255792144611,20.5,21.5
750.0,21.160666888399412,21.499874590802275,6.217522858017441,21.0,0,-0.4998745908022748,21.797737940218926,20.5,21.5
751.0,21.157678259593336,21.442840770254495,6.218907057035362,21.0,0,-0.4428407702544952,20.8725025647767,20.5,21.5
752.0,21.154690505352825,21.45925386061851,6.220290327802536,21.0,0,-0.45925386061851015,21.62338476425866,20.5,21.5
753.0,21.151703625317314,21.455923530654463,6.22167266926554,21.0,0,-0.4559235306544629,21.42262023101399,20.5,21.5
754.0,21.148717619126103,21.45609926511732,6.2230540803716625,21.0,0,-0.45609926511732013,21.457856609745892,20.5,21.5
755.0,21.145732486418353,21.487678058890783,6.224434560068898,21.0,0,-0.48767805889078275,21.80346599662541,20.5,21.5
756.0,21.142748226833085,21.400148296564034,6.225814107305953,21.0,0,-0.4001482965640335,20.52485067329654,20.5,21.5
757.0,21.139764840009178,21.352523630602093,6.227192721032241,21.0,0,-0.3525236306020929,20.876276970982687,20.5,21.5
758.0,21.136782325585383,21.35769786574557,6.228570400197887,21.0,0,-0.35769786574557116,21.409440217180354,20.5,21.5
759.0,21.133800683200306,21.36430842989391,6.229947143753728,21.0,0,-0.3643084298939101,21.4304140713773,20.5,21.5
760.0,21.130819912492417,21.331624264666022,6.231322950651316,21.0,0,-0.33162426466602213,21.004782612387142,20.5,21.5
761.0,21.127840013100048,21.370022930550512,6.2326978198429135,21.0,0,-0.37002293055051183,21.75400958939541,20.5,21.5
762.0,21.124860984661396,21.391747697194397,6.2340717502814975,21.0,0,-0.39174769719439695,21.608995363633248,20.5,21.5
763.0,21.12188282681452,21.421938241533436,6.23544474092076,21.0,0,-0.42193824153343584,21.723843684923825,20.5,21.5
764.0,21.118905539197343,21.44138117540972,6.236816790715109,21.0,0,-0.4413811754097203,21.635810514172565,20.5,21.5
765.0,21.115929121447646,21.42452994862684,6.2381878986196675,21.0,0,-0.4245299486268408,21.256017680798045,20.5,21.5
766.0,21.11295357320308,21.457997156153024,6.23955806359028,21.0,0,-0.4579971561530236,21.792669231414852,20.5,21.5
767.0,21.109978894101157,21.448149510144173,6.240927284583504,21.0,0,-0.44814951014417304,21.349673050055667,20.5,21.5
768.0,21.107005083779253,21.458720809480013,6.24229556055662,21.0,0,-0.45872080948001326,21.564433802838415,20.5,21.5
769.0,21.104032141874608,21.410071492570793,6.2436628904676255,21.0,0,-0.41007149257079334,20.923578323478594,20.5,21.5
770.0,21.101060068024328,21.389588902203304,6.2450292732752395,21.0,0,-0.3895889022033039,21.18476299852841,20.5,21.5
771.0,21.098088861865378,21.390695292162313,6.246394707938901,21.0,0,-0.390695292162313,21.401759191752404,20.5,21.5
772.0,21.095118523034593,21.421465582177632,6.247759193418772,21.0,0,-0.42146558217763186,21.72916848233082,20.5,21.5
773.0,21.09214905116867,21.41203765498216,6.249122728675739,21.0,0,-0.4120376549821607,21.31775838302745,20.5,21.5
774.0,21.08918044590417,21.364494434571007,6.25048531267141,21.0,0,-0.3644944345710073,20.889062230459473,20.5,21.5
775.0,21.08621270687752,21.364990231133824,6.251846944368118,21.0,0,-0.3649902311338238,21.36994819676199,20.5,21.5
776.0,21.08324583372502,21.36030035693069,6.253207622728921,21.0,0,-0.36030035693068996,21.31340161489935,20.5,21.5
777.0,21.08027982608282,21.25685498800369,6.254567346717603,21.0,1,-0.25685498800368833,20.222401298733672,20.5,21.5
778.0,21.097314683586944,21.248223282976404,6.255926115298676,21.0,1,-0.2482232829764044,21.161906232703565,20.5,21.5
779.0,21.114346405873288,21.307725879727418,6.257283927437378,21.0,0,-0.3077258797274176,21.90275184723755,20.5,21.5
780.0,21.111374993377602,21.357739691219354,6.258640782099675,21.0,0,-0.35773969121935423,21.85787780613872,20.5,21.5
781.0,21.108404446535346,21.314142212829843,6.259996678252264,21.0,0,-0.314142212829843,20.87816742893473,20.5,21.5
782.0,21.105434764981688,21.394272525206357,6.261351614862573,21.0,0,-0.39427252520635747,22.195575648971502,20.5,21.5
783.0,21.102465948351664,21.34422383725286,6.262705590898755,21.0,0,-0.34422383725285854,20.84373695771787,20.5,21.5
784.0,21.099497996280174,21.301337818286733,6.264058605329701,21.0,0,-0.3013378182867328,20.872477628625475,20.5,21.5
785.0,21.096530908401984,21.3173912909483,6.265410657125032,21.0,0,-0.31739129094830076,21.47792601756398,20.5,21.5
786.0,21.09356468435173,21.395190289644596,6.2667617452551,21.0,0,-0.3951902896445958,22.173180276607546,20.5,21.5
787.0,21.09059932376391,21.377482291655888,6.268111868690994,21.0,0,-0.37748229165588754,21.200402311768805,20.5,21.5
788.0,21.087634826272897,21.349644322918692,6.269461026404535,21.0,0,-0.3496443229186923,21.07126463554674,20.5,21.5
789.0,21.084671191512925,21.40133138309077,6.2708092173682815,21.0,0,-0.40133138309077054,21.918201984811553,20.5,21.5
790.0,21.081708419118097,21.445051783328186,6.272156440555528,21.0,0,-0.44505178332818573,21.882255785702338,20.5,21.5
791.0,21.078746508722386,21.408499908325588,6.273502694940304,21.0,0,-0.408499908325588,21.04298115829961,20.5,21.5
792.0,21.07578545995963,21.444482792425397,6.2748479794973795,21.0,0,-0.4444827924253971,21.804311633423488,20.5,21.5
793.0,21.072825272463536,21.519784877446035,6.276192293202261,21.0,0,-0.5197848774460354,22.27280572765242,20.5,21.5
794.0,21.069865945867683,21.40852663078159,6.277535635031195,21.0,1,-0.4085266307815907,20.295944164137143,20.5,21.5
795.0,21.086907479805514,21.33448250754087,6.27887800396117,21.0,1,-0.3344825075408693,20.594041275133655,20.5,21.5
796.0,21.103945873910344,21.36937582146424,6.280219398969911,21.0,0,-0.36937582146423864,21.718308960697932,20.5,21.5
797.0,21.100981128615356,21.315378105309367,6.2815598190358894,21.0,0,-0.3153781053093674,20.775400943760655,20.5,21.5
798.0,21.09801724435344,21.22502493669783,6.282899263138315,21.0,1,-0.22502493669783163,20.321493250582474,20.5,21.5
799.0,21.115054220757195,21.34207673773036,6.2842377302571455,21.0,0,-0.34207673773035907,22.512594748055633,20.5,21.5
800.0,21.112088057459093,21.37545748098237,6.2855752193730785,21.0,0,-0.3754574809823694,21.709264913502473,20.5,21.5
801.0,21.109122754891477,21.323170459424894,6.286911729467558,21.0,0,-0.32317045942489386,20.80030024385014,20.5,21.5
802.0,21.106158312686393,21.363078950892064,6.288247259522773,21.0,0,-0.36307895089206355,21.76216386556376,20.5,21.5
803.0,21.10319473047576,21.48320915254852,6.28958180852166,21.0,0,-0.48320915254851826,22.684511169113065,20.5,21.5
804.0,21.100232007891368,21.43446947606322,6.290915375447901,21.0,0,-0.43446947606322084,20.947072711210247,20.5,21.5
805.0,21.097270144564877,21.465663589239384,6.292247959285928,21.0,0,-0.46566358923938367,21.777604721001012,20.5,21.5
806.0,21.094309140127823,21.459321847011104,6.293579559020919,21.0,0,-0.459321847011104,21.395904424728307,20.5,21.5
807.0,21.0913489942116,21.47013783161034,6.2949101736388045,21.0,0,-0.47013783161034084,21.57829767760271,20.5,21.5
808.0,21.088389706447487,21.412258369761346,6.296239802126262,21.0,0,-0.41225836976134644,20.833463751271402,20.5,21.5
809.0,21.085431276466622,21.43878641440042,6.297568443470722,21.0,0,-0.4387864144004183,21.704066860791137,20.5,21.5
810.0,21.08247370390002,21.381777822874596,6.298896096660367,21.0,0,-0.3817778228745965,20.811691907616378,20.5,21.5
811.0,21.079516988378572,21.3802616549158,6.3002227606841315,21.0,0,-0.3802616549157989,21.365099975327823,20.5,21.5
812.0,21.076561129533033,21.30323600588486,6.301548434531702,21.0,0,-0.3032360058848589,20.53297951557546,20.5,21.5
813.0,21.073606126994033,21.333605397948023,6.302873117193521,21.0,0,-0.33360539794802335,21.637299318579668,20.5,21.5
814.0,21.07065198039207,21.334831691777403,6.304196807660785,21.0,0,-0.3348316917774028,21.347094630071197,20.5,21.5
815.0,21.067698689357524,21.29815144839442,6.305519504925445,21.0,0,-0.298151448394421,20.931349014564603,20.5,21.5
816.0,21.06474625352064,21.279133608070968,6.306841207980211,21.0,0,-0.27913360807096765,21.088955204836434,20.5,21.5
817.0,21.06179467251153,21.38535130362321,6.308161915818548,21.0,0,-0.38535130362321013,22.447528259145635,20.5,21.5
818.0,21.05884394596019,21.423267227880523,6.309481627434679,21.0,0,-0.4232672278805225,21.802426470453646,20.5,21.5
819.0,21.055894073496486,21.46122574133248,6.310800341823588,21.0,0,-0.4612257413324805,21.84081087585206,20.5,21.5
820.0,21.05294505475015,21.479635296809935,6.3121180579810146,21.0,0,-0.4796352968099349,21.66373085158448,20.5,21.5
821.0,21.049996889350798,21.49917216640386,6.313434774903461,21.0,0,-0.4991721664038593,21.694540862343104,20.5,21.5
822.0,21.047049576927908,21.465259436185384,6.314750491588192,21.0,0,-0.46525943618538435,21.126132134000635,20.5,21.5
823.0,21.04410311711084,21.44448840774037,6.316065207033229,21.0,0,-0.44448840774036924,21.236778123290218,20.5,21.5
824.0,21.041157509528823,21.48918310860682,6.317378920237361,21.0,0,-0.4891831086068201,21.93613011727133,20.5,21.5
825.0,21.038212753810964,21.487077234452478,6.318691630200138,21.0,0,-0.4870772344524781,21.466018492909058,20.5,21.5
826.0,21.03526884958624,21.519024483739962,6.320003335921873,21.0,0,-0.5190244837399618,21.8384969766148,20.5,21.5
827.0,21.03232579648351,21.459179844066664,6.321314036403647,21.0,0,-0.45917984406666434,20.86073344733369,20.5,21.5
828.0,21.02938359413149,21.420395725454405,6.322623730647304,21.0,0,-0.42039572545440507,21.032554539331812,20.5,21.5
829.0,21.026442242158794,21.416082334195277,6.323932417655453,21.0,0,-0.41608233419527707,21.372948421603997,20.5,21.5
830.0,21.023501740193893,21.3442731952978,6.325240096431475,21.0,0,-0.34427319529779865,20.626181806323014,20.5,21.5
831.0,21.02056208786514,21.242135820944803,6.326546765979513,21.0,1,-0.24213582094480302,20.220762077414847,20.5,21.5
832.0,21.037623284800762,21.263323480774677,6.327852425304483,21.0,1,-0.2633234807746767,21.475200079073414,20.5,21.5
833.0,21.054681330628863,21.326847867465926,6.329157073412068,21.0,0,-0.32684786746592565,21.962091734378415,20.5,21.5
834.0,21.05173622577742,21.302917378376968,6.3304607093087215,21.0,0,-0.30291737837696786,21.06361248748739,20.5,21.5
835.0,21.048791970674127,21.39912499794293,6.331763332001668,21.0,0,-0.39912499794293055,22.361201193602557,20.5,21.5
836.0,21.045848564946393,21.50535642418653,6.333064940498905,21.0,0,-0.5053564241865303,22.567670686622527,20.5,21.5
837.0,21.042906008221504,21.478694027096065,6.3343655338091995,21.0,0,-0.4786940270960649,21.21207005619141,20.5,21.5
838.0,21.03996430012662,21.357595223318196,6.335665110942093,21.0,1,-0.3575952233181958,20.146607185539505,20.5,21.5
839.0,21.057023440288784,21.268405645676786,6.3369636709079025,21.0,1,-0.26840564567678626,20.37650986926269,20.5,21.5
840.0,21.074079428334908,21.238795974046916,6.3382612127177165,21.0,1,-0.23879597404691566,20.94269925774821,20.5,21.5
841.0,21.091132264691783,21.23129949436515,6.339557735383401,21.0,1,-0.23129949436514963,21.15633469754749,20.5,21.5
842.0,21.108181949785923,21.227091770147148,6.340853237917598,21.0,1,-0.22709177014714754,21.185014527967127,20.5,21.5
843.0,21.12522848404355,21.31332489992498,6.342147719333726,21.0,0,-0.3133248999249787,22.17565619770329,20.5,21.5
844.0,21.122271867890607,21.43164805265956,6.34344117864598,21.0,0,-0.4316480526595612,22.614879580005386,20.5,21.5
845.0,21.11931610175276,21.51014388214581,6.344733614869336,21.0,0,-0.5101438821458117,22.295102177008317,20.5,21.5
846.0,21.116361185255382,21.52051650339731,6.346025027019547,21.0,0,-0.5205165033973103,21.624242715912295,20.5,21.5
847.0,21.113407118023733,21.59476003300389,6.347315414113146,21.0,0,-0.5947600330038902,22.33719532906969,20.5,21.5
848.0,21.110453899682952,21.652036612009358,6.348604775167447,21.0,0,-0.6520366120093577,22.224802402064032,20.5,21.5
849.0,21.107501529858048,21.521967640043716,6.349893109200545,21.0,1,-0.5219676400437159,20.221277920387298,20.5,21.5
850.0,21.124550008173916,21.442280163816367,6.351180415231321,21.0,1,-0.4422801638163669,20.645405401542877,20.5,21.5
851.0,21.141595334255328,21.41848077885841,6.352466692279431,21.0,1,-0.4184807788584095,21.180486929278835,20.5,21.5
852.0,21.158637508526933,21.437131885889237,6.3537519393653215,21.0,0,-0.43713188588923657,21.623642956197507,20.5,21.5
853.0,21.1556765314131,21.45792139117557,6.35503615551022,21.0,0,-0.45792139117557085,21.665816444038914,20.5,21.5
854.0,21.15271640333792,21.48430425677479,6.3563193397361415,21.0,0,-0.4843042567747915,21.748132912766998,20.5,21.5
855.0,21.1497571239252,21.563663939660092,6.357601491065884,21.0,0,-0.563663939660092,22.357260768513097,20.5,21.5
856.0,21.146798692798626,21.613201032113455,6.358882608523033,21.0,0,-0.6132010321134551,22.108571956647086,20.5,21.5
857.0,21.14384110958177,21.550089899416964,6.360162691131963,21.0,0,-0.5500898994169638,20.91897857245205,20.5,21.5
858.0,21.140884373898082,21.53325656404008,6.361441737917835,21.0,0,-0.5332565640400801,21.364923210271243,20.5,21.5
859.0,21.137928485370885,21.597761210010383,6.3627197479066,21.0,0,-0.5977612100103826,22.242807669713407,20.5,21.5
860.0,21.13497344362339,21.566734207679715,6.363996720124997,21.0,0,-0.5667342076797155,21.256464184373044,20.5,21.5
861.0,21.13201924827869,21.524553590315154,6.365272653600556,21.0,0,-0.5245535903151541,21.10274741666954,20.5,21.5
862.0,21.129065898959755,21.557672651386316,6.3665475473615984,21.0,0,-0.5576726513863157,21.88886326209793,20.5,21.5
863.0,21.126113395289437,21.48395887129739,6.367821400437236,21.0,0,-0.48395887129738924,20.746821070408124,20.5,21.5
864.0,21.123161736890466,21.47130982505617,6.3690942118573775,21.0,0,-0.4713098250561707,21.344819362643985,20.5,21.5
865.0,21.12021092338546,21.389016094421994,6.370365980652718,21.0,0,-0.3890160944219936,20.566078788080222,20.5,21.5
866.0,21.117260954396915,21.44038054186091,6.371636705854753,21.0,0,-0.440380541860911,21.954025016250085,20.5,21.5
867.0,21.11431182954721,21.40520059294174,6.372906386495767,21.0,0,-0.40520059294173905,21.05340110375002,20.5,21.5
868.0,21.1113635484586,21.35206729754415,6.3741750216088455,21.0,0,-0.3520672975441492,20.82073434356825,20.5,21.5
869.0,21.10841611075323,21.323862276643215,6.375442610227868,21.0,0,-0.3238622766432151,21.041812067633874,20.5,21.5
870.0,21.105469516053123,21.34058489429366,6.376709151387508,21.0,0,-0.34058489429365935,21.507811070798102,20.5,21.5
871.0,21.10252376398019,21.281440602670312,6.377974644123241,21.0,0,-0.2814406026703118,20.689997686436836,20.5,21.5
872.0,21.09957885415622,21.282040645240663,6.37923908747134,21.0,0,-0.28204064524066297,21.288041070944175,20.5,21.5
873.0,21.096634786202884,21.36045013323245,6.380502480468874,21.0,0,-0.360450133232451,22.14454501315033,20.5,21.5
874.0,21.09369155974174,21.411583685845205,6.381764822153716,21.0,0,-0.4115836858452049,21.922919211972744,20.5,21.5
875.0,21.090749174394222,21.43071231292968,6.383026111564538,21.0,0,-0.4307123129296784,21.621998583774413,20.5,21.5
876.0,21.087807629781658,21.379213009868895,6.384286347740813,21.0,0,-0.37921300986889506,20.864219979261062,20.5,21.5
877.0,21.08486692552525,21.354089785889027,6.385545529722816,21.0,0,-0.35408978588902684,21.102857546090345,20.5,21.5
878.0,21.08192706124609,21.301392079836546,6.386803656551626,21.0,0,-0.30139207983654615,20.77441501931174,20.5,21.5
879.0,21.078988036565153,21.209405345482345,6.3880607272691226,21.0,1,-0.20940534548234524,20.289538001940336,20.5,21.5
880.0,21.096049851103295,21.188822823259883,6.3893167409179945,21.0,1,-0.18882282325988342,20.982997601035265,20.5,21.5
881.0,21.113108504481257,21.250702086654712,6.3905716965417305,21.0,0,-0.2507020866547123,21.869494720603,20.5,21.5
882.0,21.11016399711967,21.29359161005177,6.391825593184628,21.0,0,-0.29359161005177015,21.72248684402235,20.5,21.5
883.0,21.107220329438885,21.36907531774823,6.393078429891791,21.0,0,-0.36907531774823,22.12391239471283,20.5,21.5
884.0,21.104277501058977,21.472221206552653,6.394330205709129,21.0,0,-0.4722212065526534,22.503680094596888,20.5,21.5
885.0,21.101335511599906,21.540579968785618,6.39558091968336,21.0,0,-0.5405799687856181,22.224167591115265,20.5,21.5
886.0,21.098394360681525,21.518379322157557,6.3968305708620115,21.0,0,-0.518379322157557,21.296372855876946,20.5,21.5
887.0,21.09545404792356,21.591356164323074,6.39807915829342,21.0,0,-0.5913561643230736,22.32112458597824,20.5,21.5
888.0,21.092514572945635,21.49338284964868,6.39932668102673,21.0,0,-0.49338284964867896,20.513649702904733,20.5,21.5
889.0,21.08957593536725,21.40351863249658,6.400573138111902,21.0,0,-0.4035186324965814,20.504876460975606,20.5,21.5
890.0,21.0866381348078,21.32344975865248,6.401818528599701,21.0,0,-0.3234497586524796,20.522761020211462,20.5,21.5
891.0,21.083701170886556,21.36499768745617,6.403062851541711,21.0,0,-0.3649976874561709,21.780476975493084,20.5,21.5
892.0,21.080765043222687,21.32201753440537,6.404306105990325,21.0,0,-0.3220175344053686,20.892216003897346,20.5,21.5
893.0,21.077829751435242,21.407112667232397,6.40554829099875,21.0,0,-0.40711266723239703,22.25806399550268,20.5,21.5
894.0,21.074895295143154,21.3680335468559,6.406789405621008,21.0,0,-0.3680335468559015,20.977242343090946,20.5,21.5
895.0,21.071961673965248,21.399676329258742,6.408029448911937,21.0,0,-0.3996763292587424,21.71610415328715,20.5,21.5
896.0,21.069028887520236,21.381607775744605,6.409268419927189,21.0,0,-0.38160777574460525,21.200922240603234,20.5,21.5
897.0,21.066096935426717,21.392450358502128,6.410506317723235,21.0,0,-0.3924503585021277,21.500876186077353,20.5,21.5
898.0,21.063165817303176,21.32577196762293,6.411743141357362,21.0,0,-0.3257719676229307,20.65898805883096,20.5,21.5
899.0,21.060235532767987,21.461106242098367,6.412978889887674,21.0,0,-0.46110624209836715,22.81444898685273,20.5,21.5
900.0,21.05730608143941,21.47605350449154,6.414213562373095,21.0,0,-0.4760535044915386,21.625526128423253,20.5,21.5
901.0,21.054377462935598,21.378260884974733,6.415447157873368,21.0,1,-0.37826088497473265,20.400334689806673,20.5,21.5
902.0,21.071449676874586,21.38811577173098,6.416679675449058,21.0,1,-0.38811577173098044,21.48666463929346,20.5,21.5
903.0,21.0885187228743,21.46254001230105,6.417911114161547,21.0,0,-0.46254001230105146,22.20678241800176,20.5,21.5
904.0,21.085584601352558,21.360525324493995,6.419141473073042,21.0,1,-0.3605253244939952,20.340378446423433,20.5,21.5
905.0,21.102651312726902,21.378531202818653,6.420370751246571,21.0,0,-0.37853120281865316,21.558589986065233,20.5,21.5
906.0,21.099714856614607,21.47491690056579,6.421598947745985,21.0,0,-0.47491690056579117,22.43877387803717,20.5,21.5
907.0,21.096779233432834,21.383187736862148,6.422826061635959,21.0,1,-0.3831877368621477,20.465896099825713,20.5,21.5
908.0,21.113844442798474,21.25667071809166,6.424052091981993,21.0,1,-0.25667071809165876,19.99150053038677,20.5,21.5
909.0,21.13090648432831,21.316529491118875,6.425277037850411,21.0,0,-0.3165294911188745,21.915117221391032,20.5,21.5
910.0,21.127965358439013,21.319013750582947,6.426500898308364,21.0,0,-0.3190137505829469,21.34385634522367,20.5,21.5
911.0,21.125025065546986,21.38293694820114,6.427723672423827,21.0,0,-0.38293694820114155,22.022168924383088,20.5,21.5
912.0,21.12208560526836,21.472419862904154,6.428945359265606,21.0,0,-0.47241986290415383,22.367249009934277,20.5,21.5
913.0,21.11914697721916,21.534204733231004,6.430165957903335,21.0,0,-0.5342047332310038,22.152053436499504,20.5,21.5
914.0,21.116209181015297,21.524021540447553,6.4313854674074715,21.0,0,-0.5240215404475528,21.422189612613042,20.5,21.5
915.0,21.113272216272573,21.55153462506695,6.432603886849308,21.0,0,-0.5515346250669495,21.826665471260917,20.5,21.5
916.0,21.11033608260669,21.48780779781573,6.4338212153009655,21.0,0,-0.48780779781573,20.850539525303535,20.5,21.5
917.0,21.107400779633227,21.444637539863834,6.435037451835394,21.0,0,-0.4446375398638338,21.01293496034487,20.5,21.5
918.0,21.10446630696767,21.48224906504644,6.436252595526378,21.0,0,-0.48224906504643883,21.85836431687249,20.5,21.5
919.0,21.10153266422538,21.47305842328823,6.437466645448531,21.0,0,-0.47305842328822933,21.381152005706134,20.5,21.5
920.0,21.098599851021625,21.44514567836273,6.438679600677302,21.0,0,-0.44514567836273145,21.166018229107753,20.5,21.5
921.0,21.095667866971556,21.426257389309917,6.439891460288973,21.0,0,-0.4262573893099173,21.237374498781776,20.5,21.5
922.0,21.09273671169022,21.451600676894607,6.4411022233606605,21.0,0,-0.45160067689460703,21.705033552741504,20.5,21.5
923.0,21.089806384792553,21.377956339683244,6.442311888970315,21.0,0,-0.3779563396832444,20.641512967569618,20.5,21.5
924.0,21.08687688589339,21.37089367797941,6.443520456196724,21.0,0,-0.3708936779794101,21.300267060941067,20.5,21.5
925.0,21.08394821460745,21.35674191130439,6.444727924119511,21.0,0,-0.3567419113043897,21.215224244554186,20.5,21.5
926.0,21.081020370549354,21.382318473887928,6.445934291819136,21.0,0,-0.3823184738879277,21.638084099723308,20.5,21.5
927.0,21.078093353333607,21.269708396032303,6.4471395583768984,21.0,1,-0.26970839603230345,20.14360761747606,20.5,21.5
928.0,21.095167162574615,21.336127606154268,6.4483437228749345,21.0,0,-0.3361276061542675,22.000319707373908,20.5,21.5
929.0,21.092237797886675,21.312071607063288,6.4495467843962215,21.0,0,-0.31207160706328807,21.071511616153494,20.5,21.5
930.0,21.089309259683976,21.30903071954054,6.450748742024575,21.0,0,-0.30903071954054084,21.27862184431307,20.5,21.5
931.0,21.086381547580444,21.347447666856226,6.451949594844653,21.0,0,-0.3474476668562261,21.73161714001308,20.5,21.5
932.0,21.083454661189897,21.38285181930572,6.453149341941952,21.0,0,-0.38285181930572065,21.736893343800666,20.5,21.5
933.0,21.080528600126048,21.403778135934907,6.454347982402814,21.0,0,-0.40377813593490686,21.61304130222677,20.5,21.5
934.0,21.077603364002503,21.433913144498355,6.455545515314421,21.0,0,-0.43391314449835505,21.735263230132837,20.5,21.5
935.0,21.074678952432766,21.442851764524445,6.4567419397648,21.0,0,-0.44285176452444475,21.53223796478534,20.5,21.5
936.0,21.07175536503023,21.341598745360706,6.4579372548428235,21.0,1,-0.3415987453607059,20.329068553723317,20.5,21.5
937.0,21.088832601408193,21.343451258827113,6.459131459638204,21.0,1,-0.3434512588271126,21.36197639349118,20.5,21.5
938.0,21.105906661179837,21.36279270023445,6.460324553241504,21.0,0,-0.36279270023445065,21.55620711430783,20.5,21.5
939.0,21.10297754475825,21.359515136039786,6.461516534744132,21.0,0,-0.3595151360397857,21.326739494093136,20.5,21.5
940.0,21.100049252556246,21.399621049226397,6.4627074032383405,21.0,0,-0.39962104922639696,21.80068018109251,20.5,21.5
941.0,21.09712178418638,21.422549602194906,6.463897157817232,21.0,0,-0.42254960219490556,21.65183513187999,20.5,21.5
942.0,21.094195139261107,21.44241118552865,6.4650857975747575,21.0,0,-0.44241118552864833,21.641027018866076,20.5,21.5
943.0,21.09126931739277,21.320707627874206,6.466273321605715,21.0,1,-0.3207076278742065,20.103672051329788,20.5,21.5
944.0,21.108344318193613,21.267611086766017,6.4674597290057525,21.0,1,-0.2676110867660171,20.736645675684123,20.5,21.5
945.0,21.125416141275775,21.220629872215397,6.468645018871371,21.0,1,-0.22062987221539743,20.7508177267092,20.5,21.5
946.0,21.142484787051295,21.237860704563936,6.46982919029992,21.0,1,-0.2378607045639356,21.410169028049317,20.5,21.5
947.0,21.159550255931943,21.286224089666717,6.471012242389601,21.0,0,-0.2862240896667174,21.769857940694536,20.5,21.5
948.0,21.156612548329235,21.376655681710766,6.472194174239469,21.0,0,-0.3766556817107656,22.280971602151247,20.5,21.5
949.0,21.15367566465442,21.41552404358098,6.47337498494943,21.0,0,-0.41552404358098016,21.804207662283126,20.5,21.5
950.0,21.150739604518478,21.36485570211974,6.474554673620248,21.0,0,-0.3648557021197405,20.858172287507344,20.5,21.5
951.0,21.1478043675323,21.377333464168597,6.475733239353537,21.0,0,-0.37733346416859703,21.502111084657162,20.5,21.5
952.0,21.144869953306664,21.345655936475872,6.476910681251767,21.0,0,-0.3456559364758718,21.02888065954862,20.5,21.5
953.0,21.141936361452252,21.35123699902997,6.478086998418267,21.0,0,-0.35123699902997174,21.40704762457097,20.5,21.5
954.0,21.139003591579645,21.370544364569398,6.479262189957219,21.0,0,-0.37054436456939754,21.563618019963656,20.5,21.5
955.0,21.13607164329932,21.406465546132836,6.4804362549736645,21.0,0,-0.4064655461328357,21.765677361767217,20.5,21.5
956.0,21.133140516221655,21.404125590349494,6.4816091925735,21.0,0,-0.40412559034949425,21.38072603251608,20.5,21.5
957.0,21.130210209956925,21.440529313262736,6.482781001863485,21.0,0,-0.44052931326273637,21.804566542395158,20.5,21.5
958.0,21.127280724115305,21.430772836885488,6.483951681951233,21.0,0,-0.4307728368854882,21.333208073113006,20.5,21.5
959.0,21.124352058306872,21.47001884987443,6.485121231945222,21.0,0,-0.47001884987443177,21.862478979763868,20.5,21.5
960.0,21.1214242121416,21.463386185156317,6.486289650954788,21.0,0,-0.4633861851563168,21.397059537975167,20.5,21.5
961.0,21.118497185229366,21.511756242920963,6.487456938090131,21.0,0,-0.5117562429209634,21.99545682056743,20.5,21.5
962.0,21.11557097717994,21.454670248374526,6.4886230924623085,21.0,0,-0.4546702483745264,20.883810302910156,20.5,21.5
963.0,21.112645587602994,21.515316552536007,6.489788113183244,21.0,0,-0.5153165525360066,22.12177959415081,20.5,21.5
964.0,21.10972101610811,21.50454658735094,6.490951999365724,21.0,0,-0.5045465873509407,21.39684693550028,20.5,21.5
965.0,21.106797262304763,21.537289681060425,6.492114750123399,21.0,0,-0.5372896810604253,21.86472061815527,20.5,21.5
966.0,21.103874325802327,21.466442641686342,6.493276364570782,21.0,0,-0.4664426416863421,20.75797224794551,20.5,21.5
967.0,21.10095220621008,21.439091504604647,6.494436841823255,21.0,0,-0.4390915046046473,21.1655801337877,20.5,21.5
968.0,21.098030903137204,21.359384770446887,6.4955961809970635,21.0,0,-0.3593847704468871,20.562317428869285,20.5,21.5
969.0,21.095110416192774,21.31633897850853,6.49675438120932,21.0,0,-0.3163389785085293,20.88588105912495,20.5,21.5
970.0,21.09219074498578,21.293019395409523,6.497911441578005,21.0,0,-0.29301939540952304,21.05982356441946,20.5,21.5
971.0,21.089271889125097,21.348824311740394,6.499067361221965,21.0,0,-0.34882431174039397,21.906873475049103,20.5,21.5
972.0,21.086353848219517,21.43623336087035,6.500222139260919,21.0,0,-0.43623336087035014,22.310323852169912,20.5,21.5
973.0,21.083436621877723,21.465295442606326,6.501375774815453,21.0,0,-0.46529544260632605,21.755916259966085,20.5,21.5
974.0,21.08052020970831,21.46990602806629,6.502528267007023,21.0,0,-0.46990602806629056,21.516011882665936,20.5,21.5
975.0,21.07760461131977,21.383140092588846,6.503679614957955,21.0,0,-0.38314009258884596,20.5154807378144,20.5,21.5
976.0,21.074689826320498,21.30484460816325,6.504829817791449,21.0,0,-0.30484460816325054,20.521889763907296,20.5,21.5
977.0,21.07177585431879,21.352278671382578,6.505978874631575,21.0,0,-0.35227867138257807,21.826619303575853,20.5,21.5
978.0,21.068862694922853,21.315977822981964,6.507126784603276,21.0,0,-0.31597782298196364,20.95296933897582,20.5,21.5
979.0,21.065950347740788,21.380165798099405,6.508273546832369,21.0,0,-0.3801657980994051,22.02204554927382,20.5,21.5
980.0,21.063038812380608,21.51223977140026,6.509419160445544,21.0,0,-0.5122397714002602,22.83297950440881,20.5,21.5
981.0,21.06012808845022,21.5680457109371,6.510563624570367,21.0,0,-0.5680457109370991,22.126105106305488,20.5,21.5
982.0,21.057218175557445,21.47560545547495,6.511706938335279,21.0,0,-0.47560545547494826,20.55120290085344,20.5,21.5
983.0,21.05430907331,21.469747965536644,6.512849100869596,21.0,0,-0.46974796553664433,21.411173066153605,20.5,21.5
984.0,21.051400781315515,21.43354454462454,6.513990111303513,21.0,0,-0.43354454462453873,21.071510335503483,20.5,21.5
985.0,21.048493299181512,21.41251994674884,6.515129968768099,21.0,0,-0.41251994674884074,21.20227396799186,20.5,21.5
986.0,21.04558662651543,21.40169197879869,6.516268672395304,21.0,0,-0.40169197879869145,21.2934122992972,20.5,21.5
987.0,21.042680762924604,21.383668008609032,6.517406221317956,21.0,0,-0.38366800860903183,21.203428306712436,20.5,21.5
988.0,21.039775708016283,21.380590698584946,6.518542614669761,21.0,0,-0.3805906985849461,21.34981759834409,20.5,21.5
989.0,21.036871461397613,21.306275905759797,6.519677851585308,21.0,0,-0.30627590575979724,20.56312797750831,20.5,21.5
990.0,21.03396802267565,21.231961112934645,6.520811931200062,21.0,1,-0.23196111293464483,20.48881318468312,20.5,21.5
991.0,21.051065391457357,21.22649842656748,6.521944852650374,21.0,1,-0.2264984265674812,21.171871562895845,20.5,21.5
992.0,21.068159567349596,21.257752693498674,6.523076615073474,21.0,0,-0.2577526934986736,21.570295362810597,20.5,21.5
993.0,21.065250550759142,21.28173754357771,6.524207217607476,21.0,0,-0.28173754357770875,21.52158604436806,20.5,21.5
994.0,21.06234234209251,21.343557809512674,6.525336659391376,21.0,0,-0.34355780951267434,21.96176046886233,20.5,21.5
995.0,21.05943494095597,21.398845138831728,6.526464939565058,21.0,0,-0.398845138831728,21.951718432022265,20.5,21.5
996.0,21.05652834695569,21.407253749652007,6.527592057269285,21.0,0,-0.407253749652007,21.491339857854797,20.5,21.5
997.0,21.053622559697754,21.43829079532865,6.528718011645708,21.0,0,-0.43829079532865123,21.748661252095093,20.5,21.5
998.0,21.050717578788145,21.37675217311261,6.529842801836864,21.0,0,-0.3767521731126102,20.7613659509522,20.5,21.5
999.0,21.047813403832755,21.39197883002989,6.5309664269861765,21.0,0,-0.3919788300298883,21.54424539920267,20.5,21.5
1000.0,21.044910034437386,21.348314241776936,6.532088886237956,21.0,0,-0.3483142417769365,20.911668359247418,20.5,21.5
1001.0,21.042007470207746,21.360836324839266,6.533210178737401,21.0,0,-0.36083632483926564,21.486057155462557,20.5,21.5
1002.0,21.039105710749453,21.27384382519991,6.534330303630599,21.0,1,-0.27384382519991135,20.40391882880637,20.5,21.5
1003.0,21.05620475566803,21.34750727153148,6.535449260064525,21.0,0,-0.3475072715314802,22.08414173484717,20.5,21.5
1004.0,21.05330060456891,21.29584108082868,6.536567047187047,21.0,0,-0.29584108082868,20.779179173800678,20.5,21.5
1005.0,21.050397257857433,21.31529172180715,6.537683664146919,21.0,0,-0.31529172180714937,21.509798131591843,20.5,21.5
1006.0,21.04749471513869,21.27642902769833,6.53879911009379,21.0,0,-0.276429027698331,20.887802086610147,20.5,21.5
1007.0,21.044592976017682,21.314978850518887,6.539913384178199,21.0,0,-0.3149788505188873,21.70047707872445,20.5,21.5
1008.0,21.041692040099313,21.365671889148103,6.541026485551578,21.0,0,-0.36567188914810345,21.872602275440265,20.5,21.5
1009.0,21.038791906988404,21.39520273987435,6.542138413366253,21.0,0,-0.3952027398743496,21.69051124713681,20.5,21.5
1010.0,21.03589257628968,21.438653550968702,6.54324916677544,21.0,0,-0.4386535509687022,21.873161661912228,20.5,21.5
1011.0,21.032994047607776,21.425915240976302,6.544358744933254,21.0,0,-0.42591524097630185,21.2985321410523,20.5,21.5
1012.0,21.03009632054724,21.506387250547117,6.545467146994702,21.0,0,-0.5063872505471174,22.311107346255273,20.5,21.5
1013.0,21.02719939471253,21.485984851067478,6.546574372115688,21.0,0,-0.485984851067478,21.281960856271084,20.5,21.5
1014.0,21.02430326970801,21.427867795015796,6.5476804194530125,21.0,0,-0.4278677950157963,20.84669723449898,20.5,21.5
1015.0,21.02140794513796,21.358420858214977,6.548785288164371,21.0,0,-0.35842085821497705,20.663951490206784,20.5,21.5
1016.0,21.018513420606563,21.371852001049916,6.54988897740836,21.0,0,-0.3718520010499162,21.506163429399308,20.5,21.5
1017.0,21.015619695717923,21.258864611846278,6.5509914863444685,21.0,1,-0.2588646118462776,20.12899071980989,20.5,21.5
1018.0,21.03272677007605,21.222876834454837,6.552092814133092,21.0,1,-0.22287683445483708,20.86299906054043,20.5,21.5
1019.0,21.04983064328486,21.23371687745144,6.553192959935519,21.0,1,-0.23371687745143888,21.342117307417457,20.5,21.5
1020.0,21.06693131574819,21.222971318736064,6.554291922913942,21.0,1,-0.22297131873606446,21.11551573158232,20.5,21.5
1021.0,21.08402878786962,21.290826311955435,6.555389702231452,21.0,0,-0.29082631195543485,21.96937624414914,20.5,21.5
1022.0,21.08112306005249,21.402242088241206,6.556486297052042,21.0,0,-0.40224208824120566,22.516399851098914,20.5,21.5
1023.0,21.07821813269989,21.363827792878997,6.557581706540608,21.0,0,-0.3638277928789968,20.979684839256908,20.5,21.5
1024.0,21.07531400541466,21.40376306122628,6.5586759298629485,21.0,0,-0.4037630612262788,21.8031157446991,20.5,21.5
1025.0,21.07241067779955,21.44391748215172,6.559768966185763,21.0,0,-0.44391748215171845,21.845461691406115,20.5,21.5
1026.0,21.069508149457228,21.411488655345007,6.560860814676659,21.0,0,-0.411488655345007,21.087200387277893,20.5,21.5
1027.0,21.066606419990272,21.32069858079031,6.561951474504146,21.0,1,-0.3206985807903102,20.412797835243342,20.5,21.5
1028.0,21.083705489001176,21.34889312754127,6.5630409448376374,21.0,0,-0.34889312754127033,21.63083859505087,20.5,21.5
1029.0,21.080801356092344,21.37678159610991,6.564129224847456,21.0,0,-0.376781596109911,21.655666281796318,20.5,21.5
1030.0,21.077898021666094,21.411736929133163,6.565216313704828,21.0,0,-0.41173692913316273,21.76129025936568,20.5,21.5
1031.0,21.0749954853245,21.421924675287155,6.566302210581888,21.0,0,-0.4219246752871548,21.523802136827076,20.5,21.5
1032.0,21.07209374666955,21.447467826193872,6.56738691465168,21.0,0,-0.44746782619387204,21.702899335261044,20.5,21.5
1033.0,21.06919280530315,21.468722913168996,6.568470425088152,21.0,0,-0.46872291316899606,21.681273782920236,20.5,21.5
1034.0,21.066292660827106,21.392967250539208,6.569552741066166,21.0,0,-0.39296725053920767,20.635410624241324,20.5,21.5
1035.0,21.063393312843154,21.348534947430885,6.57063386176149,21.0,0,-0.34853494743088476,20.904211916347656,20.5,21.5
1036.0,21.06049476095294,21.309200865115134,6.571713786350804,21.0,0,-0.3092008651151339,20.915860041957625,20.5,21.5
1037.0,21.05759700475802,21.32998392227963,6.572792514011698,21.0,0,-0.3299839222796308,21.5378144939246,20.5,21.5
1038.0,21.05470004385987,21.252071902326485,6.573870043922675,21.0,1,-0.2520719023264846,20.472951702795022,20.5,21.5
1039.0,21.07180387785988,21.309321789726255,6.574946375263147,21.0,0,-0.3093217897262548,21.881820663723957,20.5,21.5
1040.0,21.068904506359363,21.375393705789868,6.576021507213444,21.0,0,-0.3753937057898682,22.036112866426002,20.5,21.5
1041.0,21.066005929759534,21.365796491473752,6.577095438954804,21.0,0,-0.36579649147375193,21.26982434831259,20.5,21.5
1042.0,21.063108147661374,21.328209040997542,6.5781681696693814,21.0,0,-0.32820904099754244,20.952334536235448,20.5,21.5
1043.0,21.060211159665776,21.451406354514003,6.5792396985402455,21.0,0,-0.4514063545140026,22.683379489678604,20.5,21.5
1044.0,21.05731496537355,21.392583679962694,6.58031002475138,21.0,0,-0.3925836799626943,20.80435693444961,20.5,21.5
1045.0,21.054419564385427,21.346985557824375,6.581379147487686,21.0,0,-0.34698555782437523,20.891004336441185,20.5,21.5
1046.0,21.051524956302046,21.33747683145606,6.58244706593498,21.0,0,-0.33747683145605833,21.24238956777289,20.5,21.5
1047.0,21.048631140723973,21.298897981278113,6.583513779279994,21.0,0,-0.2988979812781132,20.91310947949866,20.5,21.5
1048.0,21.045738117251684,21.19521149994931,6.584579286710381,21.0,1,-0.1952114999493091,20.158346686661268,20.5,21.5
1049.0,21.062845885485576,21.283069105954496,6.58564358741471,21.0,0,-0.2830691059544961,22.161645166006366,20.5,21.5
1050.0,21.05995044502596,21.29094726423815,6.58670668058247,21.0,0,-0.29094726423814876,21.369728847074676,20.5,21.5
1051.0,21.057055796273072,21.306492678007665,6.587768565404069,21.0,0,-0.30649267800766467,21.461946815702824,20.5,21.5
1052.0,21.054161938826898,21.35287329420848,6.588829241070837,21.0,0,-0.3528732942084787,21.81667945621662,20.5,21.5
1053.0,21.051268872287345,21.40503216529151,6.58988870677502,21.0,0,-0.40503216529150876,21.92662087612181,20.5,21.5
1054.0,21.048376596254244,21.306188108956956,6.5909469617097916,21.0,1,-0.30618810895695603,20.31774754561143,20.5,21.5
1055.0,21.065485110327334,21.323618769224794,6.592004005069244,21.0,1,-0.3236187692247938,21.49792537190317,20.5,21.5
1056.0,21.08259041410628,21.30118259325015,6.5930598360483925,21.0,1,-0.3011825932501502,21.076820833503714,20.5,21.5
1057.0,21.09969250799067,21.35093014210796,6.594114453843176,21.0,0,-0.35093014210795914,21.84840563068605,20.5,21.5
1058.0,21.096791392379842,21.35916371628467,6.595167857650457,21.0,0,-0.3591637162846695,21.441499458051773,20.5,21.5
1059.0,21.093891067672896,21.406662656462615,6.596220046668023,21.0,0,-0.4066626564626148,21.881652058242068,20.5,21.5
1060.0,21.090991533468696,21.36771144767267,6.597271020094586,21.0,0,-0.3677114476726686,20.978199359773207,20.5,21.5
1061.0,21.08809278936602,21.321532022388062,6.598320777129784,21.0,0,-0.32153202238806244,20.859737769542,20.5,21.5
1062.0,21.085194834963573,21.30637931376584,6.599369316974181,21.0,0,-0.3063793137658415,21.154852227543632,20.5,21.5
1063.0,21.082297669859976,21.24186622652629,6.6004166388292695,21.0,0,-0.24186622652629097,20.596735354130786,20.5,21.5
1064.0,21.07940129365377,21.310195497554297,6.601462741897467,21.0,0,-0.31019549755429665,21.993488207834353,20.5,21.5
1065.0,21.07650570594342,21.302042208645638,6.602507625382121,21.0,0,-0.3020422086456378,21.22050931955905,20.5,21.5
1066.0,21.073610906327307,21.38245014699995,6.603551288487508,21.0,0,-0.3824501469999504,22.186529530543076,20.5,21.5
1067.0,21.070716894403738,21.337458619637186,6.6045937304188325,21.0,0,-0.3374586196371858,20.88754334600954,20.5,21.5
1068.0,21.06782366977094,21.426543018206626,6.605634950382229,21.0,0,-0.4265430182066261,22.31738700390103,20.5,21.5
1069.0,21.064931232027064,21.366676599390566,6.606674947584764,21.0,0,-0.3666765993905656,20.76801241122996,20.5,21.5
1070.0,21.062039580770175,21.447619289521533,6.607713721234434,21.0,0,-0.4476192895215334,22.25704619083121,20.5,21.5
1071.0,21.05914871559827,21.42391946062888,6.608751270540169,21.0,0,-0.42391946062888053,21.186921171702352,20.5,21.5
1072.0,21.05625863610926,21.469817060887774,6.609787594711828,21.0,0,-0.46981706088777386,21.928793063476707,20.5,21.5
1073.0,21.05336934190098,21.518476946047628,6.610822692960206,21.0,0,-0.5184769460476275,22.005075797646164,20.5,21.5
1074.0,21.05048083257119,21.556765307189035,6.611856564497032,21.0,0,-0.5567653071890355,21.939648918603115,20.5,21.5
1075.0,21.047593107717574,21.53287977208941,6.612889208534965,21.0,0,-0.5328797720894087,21.29402442109314,20.5,21.5
1076.0,21.044706166937736,21.537478483370712,6.613920624287604,21.0,0,-0.5374784833707125,21.58346559618375,20.5,21.5
1077.0,21.041820009829205,21.53181263064726,6.6149508109694795,21.0,0,-0.5318126306472593,21.475154103412727,20.5,21.5
1078.0,21.038934635989435,21.36231996355052,6.615979767796061,21.0,1,-0.36231996355051876,19.667393292583114,20.5,21.5
1079.0,21.056050045015795,21.3086129759516,6.617007493983752,21.0,1,-0.30861297595160053,20.771543099962418,20.5,21.5
1080.0,21.07316223650559,21.35036245129954,6.618033988749895,21.0,0,-0.3503624512995387,21.76785720477892,20.5,21.5
1081.0,21.07027121085604,21.3926015754366,6.619059251312769,21.0,0,-0.39260157543660057,21.81499281680722,20.5,21.5
1082.0,21.06738096846413,21.459764365947773,6.620083280891592,21.0,0,-0.45976436594777326,22.1313922710595,20.5,21.5
1083.0,21.064491508926615,21.486237232966236,6.621106076706521,21.0,0,-0.48623723296623567,21.75096590315086,20.5,21.5
1084.0,21.061602831840172,21.49353616614445,6.622127637978653,21.0,0,-0.4935361661444517,21.566525497926612,20.5,21.5
1085.0,21.0587149368014,21.480971793426722,6.623147963930025,21.0,0,-0.4809717934267219,21.355328066249424,20.5,21.5
1086.0,21.055827823406826,21.433293619758704,6.624167053783612,21.0,0,-0.43329361975870384,20.956511883078523,20.5,21.5
1087.0,21.052941491252902,21.367548162013055,6.6251849067633355,21.0,0,-0.36754816201305474,20.710093584556564,20.5,21.5
1088.0,21.050055939936005,21.42211331763938,6.626201522094055,21.0,0,-0.4221133176393792,21.967764873902624,20.5,21.5
1089.0,21.047171169052437,21.450590208993713,6.627216899001574,21.0,0,-0.45059020899371305,21.73535912253705,20.5,21.5
1090.0,21.044287178198427,21.39475044400242,6.628231036712639,21.0,0,-0.394750444002419,20.83635279408948,20.5,21.5
1091.0,21.04140396697013,21.448039239204153,6.629243934454938,21.0,0,-0.448039239204153,21.980927191221493,20.5,21.5
1092.0,21.03852153496363,21.44761311785406,6.630255591457108,21.0,0,-0.4476131178540612,21.443351904353143,20.5,21.5
1093.0,21.035639881774927,21.42987528304814,6.631266006948728,21.0,0,-0.4298752830481405,21.252496934988933,20.5,21.5
1094.0,21.03275900699996,21.281067172193396,6.63227518016032,21.0,1,-0.2810671721933957,19.792986063645948,20.5,21.5
1095.0,21.049878910234593,21.152615161552028,6.633283110323358,21.0,1,-0.1526151615520277,19.868095055138348,20.5,21.5
1096.0,21.066995591074612,21.154047778911995,6.634289796670257,21.0,1,-0.15404777891199473,21.168373952511665,20.5,21.5
1097.0,21.08410904991573,21.13049108801556,6.635295238434383,21.0,1,-0.1304910880155603,20.894924179051216,20.5,21.5
1098.0,21.101219287153434,21.199059467463677,6.636299434850047,21.0,0,-0.19905946746367675,21.88474326194484,20.5,21.5
1099.0,21.098326303182972,21.334021441238587,6.637302385152511,21.0,0,-0.3340214412385869,22.68364117898769,20.5,21.5
1100.0,21.095434098399366,21.46968395554299,6.638304088577984,21.0,0,-0.46968395554299036,22.826309098587025,20.5,21.5
1101.0,21.092542672397403,21.43610248069572,6.639304544363625,21.0,0,-0.43610248069571966,21.100287732223013,20.5,21.5
1102.0,21.089652024771798,21.410101788682937,6.640303751747544,21.0,0,-0.4101017886829368,21.150094868555108,20.5,21.5
1103.0,21.086762155117192,21.33383659087738,6.641301709968801,21.0,0,-0.3338365908773788,20.5711846128218,20.5,21.5
1104.0,21.08387306302816,21.25849684389441,6.6422984182674085,21.0,0,-0.2584968438944095,20.505099374064716,20.5,21.5
1105.0,21.08098474809921,21.214227824792637,6.643293875884327,21.0,0,-0.21422782479263702,20.771537633774912,20.5,21.5
1106.0,21.078097209924767,21.21826057329279,6.6442880820614745,21.0,0,-0.21826057329278825,21.2585880582943,20.5,21.5
1107.0,21.075210448099195,21.3175045111576,6.64528103604172,21.0,0,-0.31750451115760114,22.30994388980573,20.5,21.5
1108.0,21.072324462216784,21.309804718834542,6.646272737068884,21.0,0,-0.30980471883454186,21.23280679560395,20.5,21.5
1109.0,21.069439251871753,21.41706711924953,6.647263184387744,21.0,0,-0.41706711924953055,22.489691123399417,20.5,21.5
1110.0,21.066554816658257,21.496631536811933,6.648252377244031,21.0,0,-0.4966315368119325,22.292275712435952,20.5,21.5
1111.0,21.063671156170376,21.477331984281243,6.649240314884432,21.0,0,-0.4773319842812427,21.284336458974344,20.5,21.5
1112.0,21.060788270002117,21.428690024271585,6.65022699655659,21.0,0,-0.4286900242715852,20.94227042417501,20.5,21.5
1113.0,21.05790615774743,21.459074943252755,6.651212421509103,21.0,0,-0.4590749432527552,21.762924133064455,20.5,21.5
1114.0,21.05502481900018,21.42618718310688,6.6521965889915275,21.0,0,-0.42618718310687953,21.097309581648123,20.5,21.5
1115.0,21.05214425335418,21.368859959186274,6.653179498254377,21.0,0,-0.368859959186274,20.79558771998022,20.5,21.5
1116.0,21.04926446040316,21.487542135896827,6.654161148549123,21.0,0,-0.4875421358968275,22.674363903002362,20.5,21.5
1117.0,21.04638543974079,21.38692990406658,6.655141539128198,21.0,1,-0.3869299040665801,20.380807585764106,20.5,21.5
1118.0,21.063507190960667,21.397084604170097,6.656120669244989,21.0,1,-0.3970846041700966,21.49863160520526,20.5,21.5
1119.0,21.080625713656325,21.349169008515663,6.657098538153847,21.0,1,-0.3491690085156627,20.870013051971323,20.5,21.5
1120.0,21.097741008221224,21.398533318820444,6.658075145110083,21.0,0,-0.3985333188204443,21.89217642186826,20.5,21.5
1121.0,21.0948530750486,21.37961534005109,6.659050489369968,21.0,0,-0.3796153400510889,21.190435552357535,20.5,21.5
1122.0,21.091965914531464,21.49684728569411,6.6600245701907355,21.0,0,-0.4968472856941091,22.66916674212431,20.5,21.5
1123.0,21.089079526262594,21.426029662277575,6.660997386830578,21.0,0,-0.42602966227757477,20.71785342811223,20.5,21.5
1124.0,21.08619390983471,21.495329422391553,6.6619689385486565,21.0,0,-0.49532942239155275,22.188327023531333,20.5,21.5
1125.0,21.083309064840453,21.565166679085713,6.662939224605091,21.0,0,-0.5651666790857135,22.26353924602732,20.5,21.5
1126.0,21.080424990872405,21.566034538227623,6.663908244260965,21.0,0,-0.5660345382276226,21.574713129646714,20.5,21.5
1127.0,21.077541687523084,21.534590476312605,6.6648759967783295,21.0,0,-0.534590476312605,21.22014985716243,20.5,21.5
1128.0,21.074659154384936,21.66307899951944,6.665842481420199,21.0,0,-0.6630789995194384,22.947964231587772,20.5,21.5
1129.0,21.071777391050343,21.64505293255005,6.666807697450553,21.0,0,-0.6450529325500511,21.46479226285618,20.5,21.5
1130.0,21.068896397111622,21.564648583010943,6.667771644134336,21.0,0,-0.5646485830109427,20.760605087619858,20.5,21.5
1131.0,21.066016172161028,21.47724760583804,6.668734320737463,21.0,0,-0.47724760583804127,20.603237834109027,20.5,21.5
1132.0,21.063136715790744,21.514499655841668,6.669695726526813,21.0,0,-0.5144996558416679,21.887020155877934,20.5,21.5
1133.0,21.06025802759289,21.453154583881236,6.670655860770234,21.0,0,-0.4531545838812363,20.83970386427692,20.5,21.5
1134.0,21.057380107159528,21.469274950293148,6.671614722736541,21.0,0,-0.4692749502931477,21.63047861441226,20.5,21.5
1135.0,21.054502954082643,21.39806537338847,6.672572311695519,21.0,0,-0.39806537338846937,20.685969604341686,20.5,21.5
1136.0,21.051626567954166,21.459542321487078,6.673528626917923,21.0,0,-0.45954232148707774,22.07431180247316,20.5,21.5
1137.0,21.04875094836596,21.369570373831426,6.674483667675478,21.0,1,-0.36957037383142577,20.469850897274906,20.5,21.5
1138.0,21.06587609490982,21.304293855823396,6.6754374332408775,21.0,1,-0.30429385582339563,20.651528675743094,20.5,21.5
1139.0,21.082998007177487,21.330765989159616,6.676389922887788,21.0,0,-0.33076598915961597,21.59548732252182,20.5,21.5
1140.0,21.08011668556063,21.405971311707297,6.677341135890848,21.0,0,-0.4059713117072974,22.15802453718411,20.5,21.5
1141.0,21.077236130450697,21.350390788490138,6.678291071525667,21.0,0,-0.35039078849013805,20.794585556318545,20.5,21.5
1142.0,21.07435634143891,21.39921641780434,6.679239729068827,21.0,0,-0.3992164178043396,21.887472710946355,20.5,21.5
1143.0,21.071477318116436,21.462025842244433,6.680187107797884,21.0,0,-0.462025842244433,22.090120086645367,20.5,21.5
1144.0,21.068599060074373,21.389982518874312,6.681133206991369,21.0,0,-0.38998251887431223,20.669549285173105,20.5,21.5
1145.0,21.065721566903758,21.314325083760618,6.682078025928785,21.0,0,-0.3143250837606182,20.557750732623678,20.5,21.5
1146.0,21.062844838195563,21.33624778713775,6.6830215638906125,21.0,0,-0.3362477871377507,21.555474820909076,20.5,21.5
1147.0,21.0599688735407,21.328076463722127,6.683963820158306,21.0,0,-0.32807646372212673,21.246363229565887,20.5,21.5
1148.0,21.057093672530023,21.309785122059424,6.684904794014296,21.0,0,-0.30978512205942366,21.126871705432393,20.5,21.5
1149.0,21.05421923475432,21.334110117860778,6.685844484741989,21.0,0,-0.33411011786077793,21.57736007587432,20.5,21.5
1150.0,21.051345559804318,21.33960915978716,6.686782891625771,21.0,0,-0.3396091597871589,21.39459957905097,20.5,21.5
1151.0,21.048472647270682,21.304927600328075,6.687720013951005,21.0,0,-0.30492760032807453,20.95811200573723,20.5,21.5
1152.0,21.04560049674402,21.307499218866933,6.688655851004031,21.0,0,-0.30749921886693343,21.333215404255522,20.5,21.5
1153.0,21.04272910781487,21.335252881823312,6.689590402072167,21.0,0,-0.3352528818233118,21.612789511387096,20.5,21.5
1154.0,21.039858480073722,21.31704158750005,6.690523666443712,21.0,0,-0.31704158750005007,21.134928644267433,20.5,21.5
1155.0,21.036988613110996,21.375602026430677,6.691455643407947,21.0,0,-0.37560202643067697,21.961206415736946,20.5,21.5
1156.0,21.034119506517055,21.38348500299744,6.692386332255128,21.0,0,-0.38348500299743904,21.46231476866506,20.5,21.5
1157.0,21.031251159882203,21.391368797486134,6.693315732276497,21.0,0,-0.39136879748613396,21.470206742373083,20.5,21.5
1158.0,21.02838357279668,21.352290613980472,6.6942438427642745,21.0,0,-0.3522906139804718,20.96150877892385,20.5,21.5
1159.0,21.025516744850673,21.403170442359723,6.695170663011664,21.0,0,-0.4031704423597233,21.91196872615224,20.5,21.5
1160.0,21.022650675634306,21.394895723964616,6.696096192312852,21.0,0,-0.39489572396461625,21.312148540013546,20.5,21.5
1161.0,21.019785364737643,21.386972955223523,6.697020429963008,21.0,0,-0.3869729552235235,21.307745267812596,20.5,21.5
1162.0,21.016920811750687,21.367111770489082,6.697943375258283,21.0,0,-0.36711177048908183,21.168499923144665,20.5,21.5
1163.0,21.01405701626339,21.40101216710321,6.698865027495816,21.0,0,-0.40101216710321097,21.740016133244502,20.5,21.5
1164.0,21.011193977865638,21.30435791990653,6.699785385973728,21.0,1,-0.30435791990652916,20.33781544793971,20.5,21.5
1165.0,21.02833169614726,21.22482786340145,6.700704449991125,21.0,1,-0.2248278634014511,20.42952729835067,20.5,21.5
1166.0,21.045466170698027,21.262287321045534,6.701622218848103,21.0,0,-0.26228732104553387,21.63688189748636,20.5,21.5
1167.0,21.042597401907656,21.338583488240992,6.702538691845737,21.0,0,-0.3385834882409924,22.101545160195577,20.5,21.5
1168.0,21.039729390165643,21.338296074184,6.703453868286095,21.0,0,-0.3382960741840009,21.335421933614086,20.5,21.5
1169.0,21.036862135061266,21.419956981431355,6.704367747472231,21.0,0,-0.41995698143135485,22.236566053904895,20.5,21.5
1170.0,21.03399563618375,21.50111377661174,6.705280328708184,21.0,0,-0.5011137766117386,22.312681728415576,20.5,21.5
1171.0,21.031129893122255,21.44026336139273,6.706191611298986,21.0,0,-0.4402633613927307,20.83175920920265,20.5,21.5
1172.0,21.02826490546589,21.272128007074855,6.707101594550655,21.0,1,-0.27212800707485485,19.590774463896096,20.5,21.5
1173.0,21.045400672803705,21.25597393199588,6.708010277770198,21.0,1,-0.2559739319958787,21.094433181206117,20.5,21.5
1174.0,21.062533194724697,21.248635459725815,6.708917660265615,21.0,1,-0.2486354597258149,21.175250737025177,20.5,21.5
1175.0,21.079662471617805,21.2909622210015,6.709823741345893,21.0,0,-0.29096222100150015,21.714229833758353,20.5,21.5
1176.0,21.07678850387175,21.29762887407083,6.710728520321013,21.0,0,-0.2976288740708313,21.364295404764142,20.5,21.5
1177.0,21.07391529187504,21.42188721104265,6.711631996501946,21.0,0,-0.4218872110426517,22.664470580760856,20.5,21.5
1178.0,21.071042835215966,21.373832974785945,6.712534169200657,21.0,0,-0.37383297478594457,20.893290612218873,20.5,21.5
1179.0,21.068171133482764,21.317785775226064,6.713435037730099,21.0,0,-0.31778577522606355,20.757313779627253,20.5,21.5
1180.0,21.065300186263613,21.24896443326433,6.714334601404225,21.0,0,-0.24896443326433015,20.560751013646996,20.5,21.5
1181.0,21.06242999314664,21.302711086884067,6.715232859537975,21.0,0,-0.30271108688406656,21.84017762308143,20.5,21.5
1182.0,21.05956055371992,21.210190035150834,6.716129811447289,21.0,1,-0.21019003515083412,20.28497951781851,20.5,21.5
1183.0,21.076691867571466,21.262904247900753,6.717025456449098,21.0,0,-0.26290424790075306,21.790046375399942,20.5,21.5
1184.0,21.07381993428924,21.255108456705578,6.717919793861329,21.0,0,-0.25510845670557813,21.17715054475383,20.5,21.5
1185.0,21.070948754261156,21.33871189761299,6.718812823002906,21.0,0,-0.33871189761298837,22.17474630668709,20.5,21.5
1186.0,21.068078327074904,21.363707615172096,6.719704543193747,21.0,0,-0.36370761517209615,21.613664790763174,20.5,21.5
1187.0,21.065208652318127,21.393085689474326,6.72059495375477,21.0,0,-0.39308568947432576,21.686866432496622,20.5,21.5
1188.0,21.062339729578415,21.390082895447325,6.721484054007887,21.0,0,-0.3900828954473248,21.360054955177315,20.5,21.5
1189.0,21.059471558443303,21.437688310906783,6.722371843276012,21.0,0,-0.4376883109067826,21.91374246550136,20.5,21.5
1190.0,21.05660413850027,21.357746556952037,6.723258320883051,21.0,0,-0.35774655695203705,20.55832901740458,20.5,21.5
1191.0,21.053737469336745,21.265757940916085,6.724143486153917,21.0,1,-0.2657579409160853,20.345871780556568,20.5,21.5
1192.0,21.070871550540108,21.323766811235892,6.725027338414515,21.0,0,-0.3237668112358918,21.903855514433957,20.5,21.5
1193.0,21.06800238169768,21.3124554826236,6.7259098769917545,21.0,0,-0.31245548262360145,21.199342196500698,20.5,21.5
1194.0,21.06513396319674,21.34330469294374,6.726791101213543,21.0,0,-0.34330469294373955,21.65179679614512,20.5,21.5
1195.0,21.062266294624344,21.237896385377788,6.727671010408791,21.0,1,-0.23789638537778757,20.183813309718268,20.5,21.5
1196.0,21.0793993755675,21.279966768285753,6.7285496039074095,21.0,0,-0.2799667682857532,21.70067059736541,20.5,21.5
1197.0,21.07652920561317,21.231958855132785,6.72942688104031,21.0,0,-0.2319588551327847,20.7518797236031,20.5,21.5
1198.0,21.073659785148255,21.224861220069688,6.730302841139409,21.0,0,-0.22486122006968756,21.153884869438716,20.5,21.5
1199.0,21.07079111375945,21.149265926545944,6.731177483537624,21.0,1,-0.14926592654594373,20.393312991308505,20.5,21.5
1200.0,21.087923191033408,21.256313748864308,-5.267949192431123,21.0,0,-0.2563137488643079,22.32679197204795,20.5,21.5
1201.0,21.082652016556715,21.23138161726451,-5.267077187431906,21.0,0,-0.23138161726451045,20.982060301266536,20.5,21.5
1202.0,21.077382070715917,21.221571068717033,-5.266206502128794,21.0,0,-0.22157106871703292,21.123465583242258,20.5,21.5
1203.0,21.07211335300135,21.14267244230576,-5.265337137184854,21.0,1,-0.14267244230575926,20.353686178193023,20.5,21.5
1204.0,21.08684586290331,21.153168643754004,-5.264469093262143,21.0,1,-0.15316864375400385,21.25813065823645,20.5,21.5
1205.0,21.101575599912078,21.135146072231418,-5.263602371021715,21.0,1,-0.13514607223141795,20.95492035700556,20.5,21.5
1206.0,21.11630256431789,21.182572443478684,-5.262736971123617,21.0,0,-0.1825724434786835,21.65683615595134,20.5,21.5
1207.0,21.1110267564108,21.245678538235307,-5.261872894226889,21.0,0,-0.24567853823530683,21.87673948580154,20.5,21.5
1208.0,21.105752176480674,21.33221420676385,-5.261010140989562,21.0,0,-0.33221420676385094,22.197570892049292,20.5,21.5
1209.0,21.10047882401718,21.355134615931878,-5.260148712068661,21.0,0,-0.35513461593187756,21.584338707612144,20.5,21.5
1210.0,21.095206698509962,21.402834141569475,-5.259288608120201,21.0,0,-0.4028341415694747,21.879829397945446,20.5,21.5
1211.0,21.089935799448636,21.38278342852669,-5.258429829799189,21.0,0,-0.38278342852668956,21.182276298098838,20.5,21.5
1212.0,21.084666126322787,21.270188051749905,-5.2575723777596215,21.0,1,-0.2701880517499049,20.14423428398206,20.5,21.5
1213.0,21.09939767862197,21.291432791642727,-5.256716252654486,21.0,0,-0.29143279164272684,21.503880190570946,20.5,21.5
1214.0,21.094126455835713,21.353192698927902,-5.255861455135759,21.0,0,-0.35319269892790217,21.970791771779655,20.5,21.5
1215.0,21.08885645825352,21.375882788143354,-5.255007985854406,21.0,0,-0.37588278814335396,21.602783680297872,20.5,21.5
1216.0,21.083587685364698,21.357119711218466,-5.254155845460381,21.0,0,-0.3571197112184663,21.16948894196959,20.5,21.5
1217.0,21.078320136658533,21.393513731761928,-5.253305034602626,21.0,0,-0.39351373176192794,21.757453937196544,20.5,21.5
1218.0,21.07305381162428,21.369350358831582,-5.252455553929069,21.0,0,-0.36935035883158207,21.127716629528123,20.5,21.5
1219.0,21.06778870975117,21.298311988628026,-5.25160740408663,21.0,0,-0.29831198862802566,20.58792828659246,20.5,21.5
1220.0,21.062524830528403,21.282707453826948,-5.250760585721208,21.0,0,-0.28270745382694784,21.12666210581617,20.5,21.5
1221.0,21.057262173445153,21.24553554534581,-5.249915099477695,21.0,0,-0.24553554534580968,20.873816460534428,20.5,21.5
1222.0,21.052000737990568,21.262580903211038,-5.249070945999964,21.0,0,-0.2625809032110382,21.433034481863324,20.5,21.5
1223.0,21.04674052365377,21.2606359894285,-5.248228125930876,21.0,0,-0.26063598942850064,21.241186851603125,20.5,21.5
1224.0,21.041481529923853,21.279959800082864,-5.247386639912273,21.0,0,-0.2799598000828638,21.473197906626496,20.5,21.5
1225.0,21.036223756289886,21.2039728850792,-5.246546488584984,21.0,1,-0.20397288507919953,20.444103735042557,20.5,21.5
1226.0,21.050967202240912,21.32779168916229,-5.245707672588822,21.0,0,-0.3277916891622894,22.565979729993188,20.5,21.5
1227.0,21.045707867265946,21.365677554152043,-5.244870192562582,21.0,0,-0.36567755415204317,21.74453620404958,20.5,21.5
1228.0,21.04044975165398,21.355812080377333,-5.244034049144039,21.0,0,-0.3558120803773335,21.257157342630236,20.5,21.5
1229.0,21.035192854893822,21.35822726515367,-5.243199242969954,21.0,0,-0.3582272651536691,21.382379112917025,20.5,21.5
1230.0,21.02993717647425,21.44502290342744,-5.2423657746760695,21.0,0,-0.44502290342743933,22.31297928616514,20.5,21.5
1231.0,21.02468271588402,21.37867060911003,-5.241533644897106,21.0,0,-0.37867060911003136,20.71514766593595,20.5,21.5
1232.0,21.01942947261186,21.377234088742856,-5.240702854266767,21.0,0,-0.37723408874285624,21.362868885071105,20.5,21.5
1233.0,21.014177446146487,21.35043319807574,-5.239873403417736,21.0,0,-0.35043319807574136,21.082424291404593,20.5,21.5
1234.0,21.008926635976575,21.2953845066127,-5.239045292981676,21.0,0,-0.29538450661269877,20.744897591982273,20.5,21.5
1235.0,21.003677041590784,21.278259441492406,-5.238218523589229,21.0,0,-0.27825944149240556,21.107008790289473,20.5,21.5
1236.0,20.998428662477746,21.25077485136403,-5.237393095870016,21.0,0,-0.25077485136403155,20.97592895008029,20.5,21.5
1237.0,20.993181498126077,21.23161305003968,-5.2365690104526355,21.0,0,-0.23161305003968025,21.039995036796167,20.5,21.5
1238.0,20.98793554802436,21.231948794772904,-5.2357462679646645,21.0,0,-0.23194879477290442,21.235306242105146,20.5,21.5
1239.0,20.98269081166116,21.246484629256383,-5.234924869032658,21.0,0,-0.2464846292563827,21.391842974091166,20.5,21.5
1240.0,20.977447288525024,21.158410430863434,-5.234104814282146,21.0,1,-0.15841043086343376,20.277668446933944,20.5,21.5
1241.0,20.992204978104464,21.1332335479705,-5.233286104337637,21.0,1,-0.13323354797050158,20.88146471904118,20.5,21.5
1242.0,21.006959879887976,21.12112834800411,-5.232468739822613,21.0,1,-0.12112834800410965,21.00007634834019,20.5,21.5
1243.0,21.021711994164033,21.16405790092901,-5.231652721359533,21.0,0,-0.1640579009290093,21.593353430178006,20.5,21.5
1244.0,21.016461321220927,21.21723514247294,-5.230838049569832,21.0,0,-0.21723514247294062,21.749007557912254,20.5,21.5
1245.0,21.01121186134677,21.192439048120473,-5.230024725073917,21.0,0,-0.1924390481204732,20.9444781045958,20.5,21.5
1246.0,21.005963614029486,21.171834579314456,-5.229212748491168,21.0,0,-0.17183457931445645,20.96578989125429,20.5,21.5
1247.0,21.000716578756982,21.199088473606704,-5.228402120439943,21.0,0,-0.1990884736067038,21.471627416529177,20.5,21.5
1248.0,20.995470755017145,21.17437141844238,-5.227592841537571,21.0,0,-0.17437141844238013,20.927200866799144,20.5,21.5
1249.0,20.990226142297836,21.099767176993243,-5.22678491240035,21.0,1,-0.09976717699324311,20.353724762501873,20.5,21.5
1250.0,21.004982740086895,21.204159813712447,-5.225978333643557,21.0,0,-0.2041598137124474,22.24808618090449,20.5,21.5
1251.0,20.99973654787215,21.250361844008534,-5.225173105881433,21.0,0,-0.250361844008534,21.7123821469694,20.5,21.5
1252.0,20.9944915659414,21.277743430619,-5.2243692297271975,21.0,0,-0.277743430619001,21.55155929672367,20.5,21.5
1253.0,20.989247793782265,21.24092605605936,-5.223566705793035,21.0,0,-0.24092605605936157,20.872752310462968,20.5,21.5
1254.0,20.98400523088235,21.285501416612878,-5.222765534690103,21.0,0,-0.28550141661287753,21.731255022148037,20.5,21.5
1255.0,20.978763876729236,21.193168945508667,-5.221965717028527,21.0,1,-0.19316894550866692,20.26984423446656,20.5,21.5
1256.0,20.993523730810484,21.142476417943957,-5.221167253417405,21.0,1,-0.14247641794395705,20.63555114229686,20.5,21.5
1257.0,21.00828079261364,21.076768499445503,-5.2203701444648,21.0,1,-0.07676849944550312,20.419689314460964,20.5,21.5
1258.0,21.023035062426224,21.140219194917073,-5.219574390777747,21.0,0,-0.1402191949170728,21.77472614963277,20.5,21.5
1259.0,21.017786540535585,21.138318400728018,-5.218779992962245,21.0,0,-0.13831840072801782,21.119310458837468,20.5,21.5
1260.0,21.012539227228885,21.222512315676333,-5.217986951623264,21.0,0,-0.22251231567633312,22.064451465159486,20.5,21.5
1261.0,21.007293121993115,21.297927003117344,-5.2171952673647395,21.0,0,-0.2979270031173442,22.052073877527455,20.5,21.5
1262.0,21.002048224315242,21.328744394474523,-5.216404940789572,21.0,0,-0.32874439447452275,21.636918308046308,20.5,21.5
1263.0,20.996804533682223,21.316393201358494,-5.215615972499631,21.0,0,-0.316393201358494,21.192881270198207,20.5,21.5
1264.0,20.99156204958099,21.33553082742531,-5.214828363095749,21.0,0,-0.33553082742530904,21.52690708809346,20.5,21.5
1265.0,20.986320771498452,21.265246531510265,-5.214042113177726,21.0,0,-0.26524653151026456,20.56240357235982,20.5,21.5
1266.0,20.981080698921517,21.250693204582703,-5.213257223344325,21.0,0,-0.25069320458270283,21.105159935307086,20.5,21.5
1267.0,20.975841831337064,21.253642962333526,-5.212473694193274,21.0,0,-0.2536429623335259,21.283140539841757,20.5,21.5
1268.0,20.970604168231958,21.18504271086701,-5.211691526321264,21.0,1,-0.18504271086700896,20.49904019620184,20.5,21.5
1269.0,20.985367709093047,21.16903858538834,-5.21091072032395,21.0,1,-0.16903858538833916,21.00899733060164,20.5,21.5
1270.0,21.000128453407164,21.24736956908896,-5.21013127679595,21.0,0,-0.2473695690889599,22.030679406095167,20.5,21.5
1271.0,20.994886401461123,21.26064436467845,-5.209353196330844,21.0,0,-0.2606443646784484,21.393392320573334,20.5,21.5
1272.0,20.989645553541564,21.301473910670694,-5.208576479521174,21.0,0,-0.30147391067069407,21.70976937059315,20.5,21.5
1273.0,20.984405909134953,21.34186492788319,-5.2078011269584445,21.0,0,-0.34186492788319,21.74577510000815,20.5,21.5
1274.0,20.979167467727734,21.391241903629226,-5.207027139233119,21.0,0,-0.3912419036292256,21.88501166108958,20.5,21.5
1275.0,20.973930228806342,21.304043930374583,-5.2062545169346235,21.0,1,-0.30404393037458277,20.432064197828154,20.5,21.5
1276.0,20.988694191857192,21.292216542951298,-5.205483260651343,21.0,1,-0.29221654295129795,21.17394266871845,20.5,21.5
1277.0,21.00345535636669,21.226801209742938,-5.204713370970623,21.0,1,-0.22680120974293771,20.572647877659335,20.5,21.5
1278.0,21.018213722621223,21.244805298030723,-5.203944848478769,21.0,1,-0.24480529803072315,21.424846180908578,20.5,21.5
1279.0,21.032969290907,21.180876506710995,-5.2031776937610426,21.0,1,-0.18087650671099453,20.54158859351371,20.5,21.5
1280.0,21.04772206151007,21.20158609552928,-5.202411907401666,21.0,1,-0.20158609552927942,21.40868198371213,20.5,21.5
1281.0,21.062472034716286,21.244063039151552,-5.201647489983819,21.0,0,-0.24406303915155192,21.668832475374277,20.5,21.5
1282.0,21.057219210811347,21.277288417105247,-5.200884442089639,21.0,0,-0.27728841710524677,21.609542196642195,20.5,21.5
1283.0,21.051967590080768,21.331844097002136,-5.20012276430022,21.0,0,-0.33184409700213635,21.877400895971032,20.5,21.5
1284.0,21.046717172009892,21.440272950629474,-5.199362457195613,21.0,0,-0.440272950629474,22.52456148690285,20.5,21.5
1285.0,21.041467956084052,21.53340786175605,-5.1986035213548245,21.0,0,-0.53340786175605,22.46475697302181,20.5,21.5
1286.0,21.036219941788563,21.445954014004414,-5.197845957355817,21.0,0,-0.44595401400441403,20.571415536488054,20.5,21.5
1287.0,21.030973128608736,21.490991363812032,-5.197089765775509,21.0,0,-0.49099136381203223,21.941364861888214,20.5,21.5
1288.0,21.02572751602986,21.423306993037848,-5.196334947189772,21.0,0,-0.4233069930378477,20.746463285296002,20.5,21.5
1289.0,21.020483103537217,21.394395649559986,-5.195581502173436,21.0,0,-0.39439564955998563,21.105282214781365,20.5,21.5
1290.0,21.015239890616076,21.297546672909924,-5.194829431300279,21.0,1,-0.29754667290992387,20.329056906409306,20.5,21.5
1291.0,21.029997876751693,21.38547318807707,-5.194078735143037,21.0,0,-0.3854731880770714,22.264738339748547,20.5,21.5
1292.0,21.024753061429315,21.348602855162145,-5.193329414273398,21.0,0,-0.3486028551621452,20.979899526012883,20.5,21.5
1293.0,21.019509444934176,21.38430657378609,-5.192581469262003,21.0,0,-0.3843065737860911,21.74134376002555,20.5,21.5
1294.0,21.014267026751337,21.347876074887388,-5.191834900678444,21.0,0,-0.34787607488738814,20.98357108590036,20.5,21.5
1295.0,21.00902580636585,21.38304209493409,-5.191089709091264,21.0,0,-0.38304209493409047,21.734702295401114,20.5,21.5
1296.0,21.00378578326276,21.33539458542756,-5.190345895067961,21.0,0,-0.3353945854275615,20.858919490362272,20.5,21.5
1297.0,20.998546956927093,21.309313048115648,-5.189603459174981,21.0,0,-0.30931304811564786,21.04849767499651,20.5,21.5
1298.0,20.993309326843875,21.272980330903604,-5.188862401977721,21.0,0,-0.27298033090360363,20.90965315878316,20.5,21.5
1299.0,20.98807289249811,21.26889339000573,-5.188122724040529,21.0,0,-0.2688933900057293,21.228023981026986,20.5,21.5
1300.0,20.9828376533748,21.289861187655813,-5.1873844259267,21.0,0,-0.2898611876558128,21.499539164156648,20.5,21.5
1301.0,20.97760360895894,21.30745280538387,-5.186647508198482,21.0,0,-0.3074528053838712,21.483368982664455,20.5,21.5
1302.0,20.972370758735508,21.275595198461616,-5.18591197141707,21.0,0,-0.27559519846161606,20.957019129239065,20.5,21.5
1303.0,20.967139102189478,21.279413470785546,-5.185177816142606,21.0,0,-0.27941347078554557,21.31759619402484,20.5,21.5
1304.0,20.961908638805813,21.241380821916994,-5.184445042934183,21.0,0,-0.2413808219169944,20.861054333231483,20.5,21.5
1305.0,20.956679368069466,21.203348173048443,-5.183713652349837,21.0,0,-0.20334817304844321,20.82302168436293,20.5,21.5
1306.0,20.951451289465382,21.121685337219116,-5.182983644946557,21.0,1,-0.12168533721911601,20.305056978925844,20.5,21.5
1307.0,20.9662244024785,21.1566015609605,-5.182255021280272,21.0,0,-0.1566015609604996,21.505763798374335,20.5,21.5
1308.0,20.96099470659375,21.20798955580396,-5.181527781905863,21.0,0,-0.20798955580395884,21.72186950423855,20.5,21.5
1309.0,20.955766202096047,21.19547320350128,-5.1808019273771535,21.0,0,-0.1954732035012796,21.070309680474487,20.5,21.5
1310.0,20.950538888470152,21.152233607880806,-5.180077458246913,21.0,0,-0.15223360788080598,20.71983765167607,20.5,21.5
1311.0,20.94531276520081,21.148337943914314,-5.179354375066858,21.0,0,-0.14833794391431354,21.10938130424939,20.5,21.5
1312.0,20.940087831772757,21.171851104153966,-5.178632678387646,21.0,0,-0.17185110415396565,21.406982706550487,20.5,21.5
1313.0,20.934864087670725,21.098457047359922,-5.17791236875888,21.0,1,-0.098457047359922,20.364516479419486,20.5,21.5
1314.0,20.949641532379438,21.144155185598187,-5.17719344672911,21.0,0,-0.14415518559818707,21.601136567980838,20.5,21.5
1315.0,20.944416165383615,21.17935274285201,-5.176475912845823,21.0,0,-0.17935274285201075,21.531328315390247,20.5,21.5
1316.0,20.93919198696797,21.221984258447613,-5.175759767655454,21.0,0,-0.2219842584476126,21.64829941440363,20.5,21.5
1317.0,20.933968996617043,21.229162116752576,-5.175045011703379,21.0,0,-0.22916211675257614,21.30094069980221,20.5,21.5
1318.0,20.92874719381538,21.219017025195715,-5.174331645533915,21.0,0,-0.21901702519571487,21.117566109627102,20.5,21.5
1319.0,20.92352657804751,21.21462702068549,-5.1736196696903205,21.0,0,-0.21462702068549078,21.17072697558325,20.5,21.5
1320.0,20.918307148797965,21.22342797665505,-5.1729090847147985,21.0,0,-0.22342797665504932,21.311437536350635,20.5,21.5
1321.0,20.913088905551263,21.232050712121502,-5.172199891148488,21.0,0,-0.2320507121215023,21.318278066786032,20.5,21.5
1322.0,20.907871847791924,21.16404634981396,-5.171492089531473,21.0,1,-0.1640463498139617,20.484002726738556,20.5,21.5
1323.0,20.92265597500446,21.20902854397314,-5.170785680402773,21.0,0,-0.2090285439731403,21.658850485564926,20.5,21.5
1324.0,20.91743728667338,21.135091979058597,-5.17008066430035,21.0,1,-0.13509197905859693,20.395726329913163,20.5,21.5
1325.0,20.932219783083184,21.162844931397878,-5.169377041761106,21.0,1,-0.1628449313978777,21.440374454790685,20.5,21.5
1326.0,20.946999463718214,21.22391980295387,-5.168674813320878,21.0,0,-0.22391980295386915,21.834668518513784,20.5,21.5
1327.0,20.941776328862804,21.230556332913544,-5.167973979514445,21.0,0,-0.23055633291354383,21.29692163251029,20.5,21.5
1328.0,20.93655437880113,21.288686567358937,-5.167274540875521,21.0,0,-0.28868656735893694,21.869988911812868,20.5,21.5
1329.0,20.931333613017195,21.38813895418109,-5.166576497936759,21.0,0,-0.3881389541810911,22.382662822402633,20.5,21.5
1330.0,20.926114030995002,21.356684967199747,-5.165879851229752,21.0,0,-0.3566849671997474,21.04214509738631,20.5,21.5
1331.0,20.920895632218556,21.29887355781635,-5.1651846012850235,21.0,0,-0.29887355781634994,20.720759463982375,20.5,21.5
1332.0,20.915678416171854,21.310925300321827,-5.164490748632038,21.0,0,-0.3109253003218271,21.4314427253766,20.5,21.5
1333.0,20.910462382338892,21.24323754431955,-5.163798293799194,21.0,0,-0.24323754431954825,20.56635998429676,20.5,21.5
1334.0,20.905247530203663,21.208385521778347,-5.163107237313826,21.0,0,-0.20838552177834657,20.85986529636633,20.5,21.5
1335.0,20.90003385925016,21.150232167821883,-5.162417579702204,21.0,0,-0.15023216782188342,20.568698628257252,20.5,21.5
1336.0,20.894821368962372,21.096685758680074,-5.161729321489531,21.0,0,-0.09668575868007423,20.561221667261982,20.5,21.5
1337.0,20.88961005882428,21.066490420472952,-5.161042463199948,21.0,0,-0.0664904204729524,20.764537038401734,20.5,21.5
1338.0,20.884399928319876,21.110270646572957,-5.160357005356525,21.0,0,-0.11027064657295682,21.548072907573,20.5,21.5
1339.0,20.879190976933142,21.069950969803724,-5.159672948481269,21.0,0,-0.06995096980372395,20.666754202111395,20.5,21.5
1340.0,20.873983204148058,21.06131008069229,-5.158990293095119,21.0,0,-0.061310080692290825,20.97490118957796,20.5,21.5
1341.0,20.86877660944861,21.093194291642796,-5.158309039717947,21.0,0,-0.09319429164279569,21.412036401147844,20.5,21.5
1342.0,20.863571192318776,21.14795361021284,-5.157629188868558,21.0,0,-0.14795361021284137,21.695546795913298,20.5,21.5
1343.0,20.858366952242537,21.136621782038095,-5.156950741064685,21.0,0,-0.1366217820380946,21.023303500290627,20.5,21.5
1344.0,20.853163888703875,21.087245347576467,-5.156273696822999,21.0,0,-0.08724534757646651,20.593481002960186,20.5,21.5
1345.0,20.84796200118677,21.160854798932334,-5.155598056659096,21.0,0,-0.16085479893233412,21.89694931249101,20.5,21.5
1346.0,20.8427612891752,21.090429367413897,-5.1549238210875075,21.0,1,-0.09042936741389695,20.386175052229525,20.5,21.5
1347.0,20.85756175215315,21.11663784748337,-5.154250990621691,21.0,1,-0.11663784748337136,21.378722648178115,20.5,21.5
1348.0,20.872359389604593,21.061215280186318,-5.153579565774038,21.0,1,-0.0612152801863175,20.50698960721578,20.5,21.5
1349.0,20.887154201813516,21.098067010504412,-5.152909547055867,21.0,1,-0.09806701050441191,21.466584313685356,20.5,21.5
1350.0,20.901946189063743,21.11641524560892,-5.152240934977426,21.0,1,-0.1164152456089198,21.299897596654,20.5,21.5
1351.0,20.916735351638934,21.238466996221625,-5.151573730047893,21.0,0,-0.23846699622162504,22.458984502348677,20.5,21.5
1352.0,20.911521689822596,21.184471186157406,-5.1509079327753735,21.0,0,-0.1844711861574062,20.644513085515218,20.5,21.5
1353.0,20.906309203898076,21.1808059841143,-5.150243543666901,21.0,0,-0.1808059841143006,21.144153963683245,20.5,21.5
1354.0,20.901097893348563,21.272893442657,-5.149580563228436,21.0,0,-0.27289344265700066,22.193768028084,20.5,21.5
1355.0,20.89588775765725,21.266404776762066,-5.148918991964868,21.0,0,-0.26640477676206586,21.201518117812718,20.5,21.5
1356.0,20.890678796307323,21.22606489574077,-5.14825883038001,21.0,0,-0.2260648957407696,20.822666085527807,20.5,21.5
1357.0,20.885471008781987,21.23232545004473,-5.147600078976607,21.0,0,-0.23232545004472982,21.294930993084332,20.5,21.5
1358.0,20.880264394564435,21.19562668046794,-5.1469427382563255,21.0,0,-0.19562668046793874,20.828638984700028,20.5,21.5
1359.0,20.87505895313787,21.12076530709096,-5.146286808719759,21.0,1,-0.12076530709095934,20.372151573321165,20.5,21.5
1360.0,20.889854683985497,21.144745226756704,-5.145632290866425,21.0,1,-0.14474522675670443,21.384544423414155,20.5,21.5
1361.0,20.904647586590528,21.150115409548853,-5.14497918519477,21.0,1,-0.15011540954885305,21.20381723747034,20.5,21.5
1362.0,20.91943766123617,21.193124813304866,-5.1443274922021605,21.0,0,-0.1931248133048662,21.623218850864998,20.5,21.5
1363.0,20.914224908205483,21.29810707627599,-5.143677212384889,21.0,0,-0.29810707627598987,22.347929705987227,20.5,21.5
1364.0,20.909013327781366,21.31295143739413,-5.143028346238173,21.0,0,-0.3129514373941298,21.46139504857553,20.5,21.5
1365.0,20.903802919446562,21.23333066777303,-5.142380894256151,21.0,1,-0.23333066777302847,20.437122971562015,20.5,21.5
1366.0,20.91859368268382,21.27127767503925,-5.141734856931888,21.0,0,-0.2712776750392507,21.650747747701473,20.5,21.5
1367.0,20.913381616975897,21.245512821956616,-5.1410902347573675,21.0,0,-0.24551282195661628,20.987864291130272,20.5,21.5
1368.0,20.90817072260555,21.159725433395362,-5.140447028223497,21.0,1,-0.15972543339536216,20.30185154778282,20.5,21.5
1369.0,20.922960999055384,21.176449171703347,-5.139805237820108,21.0,1,-0.1764491717033465,21.34368655478319,20.5,21.5
1370.0,20.93774844580801,21.271858475198023,-5.139164864035951,21.0,0,-0.2718584751980231,22.22595151014479,20.5,21.5
1371.0,20.93253306314604,21.305831368260463,-5.138525907358698,21.0,0,-0.3058313682604634,21.645560298884867,20.5,21.5
1372.0,20.927318851351938,21.317076093866575,-5.137888368274943,21.0,0,-0.3170760938665751,21.429523349927692,20.5,21.5
1373.0,20.92210580990801,21.308744042916913,-5.1372522472702,21.0,0,-0.3087440429169135,21.225423533420297,20.5,21.5
1374.0,20.916893938296575,21.273897862268754,-5.136617544828902,21.0,0,-0.273897862268754,20.92543605578716,20.5,21.5
1375.0,20.91168323599995,21.249188540676577,-5.135984261434404,21.0,0,-0.24918854067657747,21.002095324754812,20.5,21.5
1376.0,20.906473702500463,21.174081240154628,-5.135352397568976,21.0,1,-0.1740812401546279,20.423008234935132,20.5,21.5
1377.0,20.92126533728045,21.152872396579493,-5.134721953713812,21.0,1,-0.15287239657949314,20.940783960828146,20.5,21.5
1378.0,20.93605413982225,21.16847089710047,-5.134092930349022,21.0,1,-0.16847089710046959,21.324455902310234,20.5,21.5
1379.0,20.950840110408215,21.114950396231094,-5.133465327953635,21.0,1,-0.11495039623109449,20.579745387537344,20.5,21.5
1380.0,20.965623249320544,21.14341015428611,-5.132839147005597,21.0,1,-0.1434101542861086,21.42800773483625,20.5,21.5
1381.0,20.980403556841278,21.09788436280801,-5.132214387981771,21.0,1,-0.09788436280800994,20.642626448027023,20.5,21.5
1382.0,20.99518103325231,21.104756409274497,-5.131591051357941,21.0,1,-0.10475640927449703,21.173476873939368,20.5,21.5
1383.0,21.00995567883539,21.115476546615426,-5.130969137608803,21.0,1,-0.11547654661542595,21.222677920024715,20.5,21.5
1384.0,21.0247274938721,21.209308311819534,-5.130348647207971,21.0,0,-0.2093083118195338,22.147625963860612,20.5,21.5
1385.0,21.019496478643884,21.152489185544134,-5.129729580627977,21.0,0,-0.15248918554413393,20.584297922790135,20.5,21.5
1386.0,21.01426663343203,21.22942824225088,-5.129111938340266,21.0,0,-0.22942824225087932,21.998818809318333,20.5,21.5
1387.0,21.009037957717677,21.219298970961088,-5.128495720815199,21.0,0,-0.21929897096108775,21.118006258063172,20.5,21.5
1388.0,21.00381045098197,21.24771197939102,-5.127880928522053,21.0,0,-0.24771197939102052,21.53184206369035,20.5,21.5
1389.0,20.99858411270607,21.260750921418822,-5.1272675619290204,21.0,0,-0.26075092141882195,21.391140341696836,20.5,21.5
1390.0,20.99335894237114,21.2922279074189,-5.126655621503205,21.0,0,-0.29222790741890137,21.606997767419696,20.5,21.5
1391.0,20.988134939458366,21.30188945024721,-5.126045107710626,21.0,0,-0.30188945024720937,21.39850487853029,20.5,21.5
1392.0,20.982912103448932,21.260372777826852,-5.125436021016217,21.0,0,-0.2603727778268521,20.84520605362328,20.5,21.5
1393.0,20.977690433824037,21.240551904057885,-5.124828361883823,21.0,0,-0.2405519040578845,21.04234316636821,20.5,21.5
1394.0,20.972469930064896,21.213030146873255,-5.124222130776205,21.0,0,-0.21303014687325472,20.937812575026957,20.5,21.5
1395.0,20.96725059165273,21.246683830505074,-5.1236173281550315,21.0,0,-0.2466838305050736,21.583220666823262,20.5,21.5
1396.0,20.962032418068766,21.229845420027793,-5.123013954480888,21.0,0,-0.22984542002779307,21.061461315254988,20.5,21.5
1397.0,20.956815408794256,21.269218735865685,-5.122412010213269,21.0,0,-0.26921873586568523,21.662951894244607,20.5,21.5
1398.0,20.951599563310456,21.307375231767104,-5.121811495810582,21.0,0,-0.3073752317671037,21.688940190781288,20.5,21.5
1399.0,20.94638488109863,21.312967301136243,-5.121212411730143,21.0,0,-0.3129673011362435,21.36888799482764,20.5,21.5
1400.0,20.941171361640066,21.26671249839484,-5.120614758428183,21.0,0,-0.26671249839483835,20.804164470980787,20.5,21.5
1401.0,20.935959004416052,21.21809832276832,-5.12001853635984,21.0,0,-0.21809832276831997,20.731956566503136,20.5,21.5
1402.0,20.930747808907896,21.153087936109834,-5.119423745979162,21.0,0,-0.1530879361098343,20.502984069524977,20.5,21.5
1403.0,20.92553777459692,21.02003215378185,-5.118830387739109,21.0,1,-0.020032153781851747,19.689474330502026,20.5,21.5
1404.0,20.940328900964452,21.04713654326816,-5.118238462091549,21.0,1,-0.047136543268159414,21.318180438131236,20.5,21.5
1405.0,20.95511718749184,21.043782428400768,-5.117647969487258,21.0,1,-0.043782428400767515,21.01024127972685,20.5,21.5
1406.0,20.969902634460446,21.07658656664596,-5.117058910375924,21.0,1,-0.07658656664596108,21.404627949097897,20.5,21.5
1407.0,20.98468524215148,21.107906773829335,-5.116471285206139,21.0,1,-0.10790677382933467,21.42110884566307,20.5,21.5
1408.0,20.999465010846006,21.25580585040093,-5.115885094425407,21.0,0,-0.25580585040092885,22.73479661611687,20.5,21.5
1409.0,20.994241940824953,21.195124321873873,-5.115300338480136,21.0,0,-0.19512432187387319,20.588309036603317,20.5,21.5
1410.0,20.98902003236909,21.179475257351775,-5.114717017815643,21.0,0,-0.1794752573517755,21.0229846121308,20.5,21.5
1411.0,20.983799284959055,21.166618139727223,-5.114135132876154,21.0,0,-0.16661813972722328,21.0380469634817,20.5,21.5
1412.0,20.97857969807549,21.199325088092323,-5.113554684104798,21.0,0,-0.19932508809232274,21.526394571743317,20.5,21.5
1413.0,20.973361271199053,21.157054963292914,-5.112975671943612,21.0,0,-0.15705496329291435,20.73435371529883,20.5,21.5
1414.0,20.968144003810426,21.14843567676528,-5.112398096833541,21.0,0,-0.14843567676528124,21.06224281148895,20.5,21.5
1415.0,20.962927895390298,21.12032716405938,-5.111821959214431,21.0,0,-0.12032716405937904,20.839242037000357,20.5,21.5
1416.0,20.957712945419377,21.064045043640945,-5.111247259525038,21.0,0,-0.06404504364094521,20.501223839456607,20.5,21.5
1417.0,20.952499153378387,21.062106473686093,-5.110673998203019,21.0,0,-0.06210647368609301,21.04272077413757,20.5,21.5
1418.0,20.947286518748072,21.00290853259353,-5.110102175684938,21.0,1,-0.0029085325935298556,20.4109291216679,20.5,21.5
1419.0,20.962075041009186,20.983423374232345,-5.109531792406264,21.0,1,0.016576625767655173,20.788571790620495,20.5,21.5
1420.0,20.976860719642502,21.077313646459725,-5.108962848801367,21.0,0,-0.07731364645972505,22.016216368733527,20.5,21.5
1421.0,20.971643554928814,21.155490174684473,-5.1083953453035225,21.0,0,-0.15549017468447346,21.937255456931958,20.5,21.5
1422.0,20.96642754714877,21.24343413854415,-5.107829282344909,21.0,0,-0.2434341385441492,22.122873777140907,20.5,21.5
1423.0,20.96121269578287,21.394316185710643,-5.107264660356609,21.0,0,-0.3943161857106432,22.903136657375583,20.5,21.5
1424.0,20.955999000311643,21.470226707395863,-5.106701479768607,21.0,0,-0.47022670739586303,22.22933192424806,20.5,21.5
1425.0,20.950786460215628,21.377340631758678,-5.106139741009789,21.0,1,-0.3773406317586776,20.448479875386823,20.5,21.5
1426.0,20.965575074975384,21.38054005908438,-5.105579444507942,21.0,1,-0.3805400590843817,21.412534332341423,20.5,21.5
1427.0,20.980360844071487,21.323301017950957,-5.105020590689758,21.0,1,-0.323301017950957,20.75091060661671,20.5,21.5
1428.0,20.995143767784537,21.332053363348173,-5.104463179980828,21.0,1,-0.33205336334817304,21.419576817320333,20.5,21.5
1429.0,21.009923846394983,21.348391926359493,-5.1039072128056455,21.0,0,-0.34839192635949345,21.511777556472698,20.5,21.5
1430.0,21.004701080183143,21.401436933708617,-5.103352689587601,21.0,0,-0.40143693370861655,21.931887007199848,20.5,21.5
1431.0,20.99947946942919,21.379528671005286,-5.102799610748991,21.0,0,-0.37952867100528564,21.160446043971977,20.5,21.5
1432.0,20.994259013613153,21.36577086427336,-5.102247976711007,21.0,0,-0.3657708642733617,21.228192796954122,20.5,21.5
1433.0,20.98903971221509,21.271476987695344,-5.101697787893743,21.0,1,-0.271476987695344,20.328538221915167,20.5,21.5
1434.0,21.003821564715068,21.237944629136482,-5.101149044716193,21.0,1,-0.23794462913648218,20.902621043547864,20.5,21.5
1435.0,21.018600570593183,21.226691365307104,-5.1006017475962455,21.0,1,-0.22669136530710432,21.114158727013326,20.5,21.5
1436.0,21.033376730129543,21.216172588444447,-5.100055896950695,21.0,1,-0.2161725884444472,21.110984819817876,20.5,21.5
1437.0,21.048150043604128,21.239368344717867,-5.099511493195228,21.0,1,-0.2393683447178674,21.47132590745207,20.5,21.5
1438.0,21.062920511296767,21.224455538734166,-5.098968536744433,21.0,1,-0.22445553873416557,21.075327478897147,20.5,21.5
1439.0,21.077688133487158,21.268814787099622,-5.098427028011793,21.0,0,-0.2688147870996218,21.712407270754184,20.5,21.5
1440.0,21.072452910454857,21.22182271469763,-5.097886967409693,21.0,0,-0.22182271469763037,20.751901990677716,20.5,21.5
1441.0,21.067218842479285,21.197786206364903,-5.0973483553494106,21.0,0,-0.19778620636490274,20.957421123037626,20.5,21.5
1442.0,21.061985929039718,21.228343733120944,-5.096811192241123,21.0,0,-0.22834373312094414,21.533919000681358,20.5,21.5
1443.0,21.056754169615463,21.313080743280743,-5.096275478493904,21.0,0,-0.313080743280743,22.16045084487873,20.5,21.5
1444.0,21.05152356368584,21.36707191052769,-5.095741214515723,21.0,0,-0.3670719105276916,21.906983582997178,20.5,21.5
1445.0,21.0462941107302,21.443302070370994,-5.095208400713443,21.0,0,-0.44330207037099356,22.205603668804013,20.5,21.5
1446.0,21.041065810227913,21.564807193442405,-5.094677037492827,21.0,0,-0.5648071934424053,22.779858424156522,20.5,21.5
1447.0,21.035838661658367,21.555885914729693,-5.094147125258531,21.0,0,-0.5558859147296928,21.46667312760257,20.5,21.5
1448.0,21.030612664500985,21.525672242017528,-5.093618664414106,21.0,0,-0.5256722420175279,21.22353551489588,20.5,21.5
1449.0,21.025387818235203,21.48194657706037,-5.093091655361997,21.0,0,-0.4819465770603699,21.04468992748879,20.5,21.5
1450.0,21.020164122340482,21.519144334182062,-5.092566098503546,21.0,0,-0.5191443341820623,21.891121905398986,20.5,21.5
1451.0,21.014941576296312,21.46744442678301,-5.092041994238986,21.0,0,-0.4674444267830111,20.9504453527925,20.5,21.5
1452.0,21.009720179582207,21.448246218048403,-5.091519342967446,21.0,0,-0.4482462180484035,21.256264130702327,20.5,21.5
1453.0,21.004499931677696,21.47102820299471,-5.090998145086948,21.0,0,-0.4710282029947095,21.69884805245777,20.5,21.5
1454.0,20.999280832062343,21.458360767230765,-5.090478400994405,21.0,0,-0.458360767230765,21.33168640959132,20.5,21.5
1455.0,20.994062880215733,21.40725029552951,-5.089960111085627,21.0,0,-0.4072502955295114,20.896145578516975,20.5,21.5
1456.0,20.988846075617474,21.396747090962975,-5.089443275755313,21.0,0,-0.39674709096297534,21.291715045297614,20.5,21.5
1457.0,20.9836304177472,21.42741318444674,-5.088927895397056,21.0,0,-0.42741318444673837,21.73407411928437,20.5,21.5
1458.0,20.97841590608457,21.387021099905727,-5.08841397040334,21.0,0,-0.3870210999057271,20.983100254495614,20.5,21.5
1459.0,20.973202540109273,21.379672600787345,-5.0879015011655415,21.0,0,-0.37967260078734455,21.30618760960352,20.5,21.5
1460.0,20.96799031930102,21.37657939842708,-5.087390488073929,21.0,0,-0.3765793984270793,21.345647374824427,20.5,21.5
1461.0,20.962779243139543,21.354372403777525,-5.08688093151766,21.0,0,-0.3543724037775249,21.13230245728198,20.5,21.5
1462.0,20.957569311104614,21.215652979133502,-5.086372831884785,21.0,1,-0.2156529791335018,19.82845873269327,20.5,21.5
1463.0,20.972360522676016,21.15939473444605,-5.0858661895622435,21.0,1,-0.15939473444604957,20.596812287571527,20.5,21.5
1464.0,20.987148877333567,21.14799383205446,-5.085361004935866,21.0,1,-0.14799383205446048,21.03398480813857,20.5,21.5
1465.0,21.001934375357113,21.158883650914383,-5.084857278390372,21.0,1,-0.15888365091438317,21.26778183951361,20.5,21.5
1466.0,21.016717017026362,21.269701723663555,-5.08435501030937,21.0,0,-0.26970172366355527,22.377882451155276,20.5,21.5
1467.0,21.011496802620897,21.38869032305808,-5.083854201075361,21.0,0,-0.3886903230580785,22.57857631700331,20.5,21.5
1468.0,21.00627773242016,21.42501479250286,-5.083354851069734,21.0,0,-0.42501479250286067,21.788259486950682,20.5,21.5
1469.0,21.001059805903463,21.330369563534642,-5.082856960672762,21.0,1,-0.3303695635346422,20.383917273852457,20.5,21.5
1470.0,21.015843022550147,21.28734085801573,-5.082360530263614,21.0,1,-0.2873408580157317,20.857053802826627,20.5,21.5
1471.0,21.030623381839582,21.186206774508943,-5.081865560220341,21.0,1,-0.18620677450894263,20.17486593944105,20.5,21.5
1472.0,21.04540088405117,21.138497341449828,-5.081372050919885,21.0,1,-0.13849734144982762,20.661403010858677,20.5,21.5
1473.0,21.060175529464175,21.17191385752411,-5.080880002738075,21.0,0,-0.17191385752411037,21.506079018266938,20.5,21.5
1474.0,21.054947318357733,21.227512649668107,-5.080389416049626,21.0,0,-0.2275126496681068,21.78350057110807,20.5,21.5
1475.0,21.049720251010854,21.23171293600014,-5.079900291228142,21.0,0,-0.23171293600013954,21.273715799320467,20.5,21.5
1476.0,21.044494326902406,21.21567441981294,-5.079412628646114,21.0,0,-0.21567441981294166,21.055289257940963,20.5,21.5
1477.0,21.039269545511296,21.24718657192811,-5.078926428674916,21.0,0,-0.24718657192811122,21.562308093079807,20.5,21.5
1478.0,21.034045906316457,21.273968785490318,-5.078441691684812,21.0,0,-0.2739687854903181,21.541790921112387,20.5,21.5
1479.0,21.028823408796857,21.35226414266034,-5.077958418044949,21.0,0,-0.35226414266033856,22.135217714360543,20.5,21.5
1480.0,21.02360205243149,21.343993391451427,-5.077476608123362,21.0,0,-0.34399339145142704,21.261285879362312,20.5,21.5
1481.0,21.018381836699376,21.38608885420562,-5.07699626228697,21.0,0,-0.3860888542056209,21.80704348174756,20.5,21.5
1482.0,21.013162761079577,21.436492147452693,-5.076517380901578,21.0,0,-0.43649214745269305,21.940525079923415,20.5,21.5
1483.0,21.00794482505118,21.42394398614336,-5.076039964331873,21.0,0,-0.42394398614336026,21.298462373050032,20.5,21.5
1484.0,21.0027280280933,21.35186289315625,-5.075564012941429,21.0,0,-0.35186289315625174,20.631051963285167,20.5,21.5
1485.0,20.997512369685094,21.452943777064032,-5.075089527092706,21.0,0,-0.4529437770640321,22.463752616141836,20.5,21.5
1486.0,20.99229784930574,21.499725059631732,-5.074616507147042,21.0,0,-0.4997250596317322,21.967537885308733,20.5,21.5
1487.0,20.98708446643445,21.457723566956247,-5.074144953464666,21.0,0,-0.45772356695624694,21.037708640201394,20.5,21.5
1488.0,20.98187222055047,21.401516682081386,-5.073674866404684,21.0,0,-0.401516682081386,20.839447833332777,20.5,21.5
1489.0,20.97666111113308,21.428575792490065,-5.073206246325088,21.0,0,-0.42857579249006506,21.699166896576855,20.5,21.5
1490.0,20.97145113766159,21.309409923999972,-5.072739093582754,21.0,1,-0.30940992399997214,20.117751239099043,20.5,21.5
1491.0,20.98624229961534,21.27869336689442,-5.072273408533438,21.0,1,-0.27869336689441937,20.97152779583889,20.5,21.5
1492.0,21.00103059647371,21.278964278768637,-5.07180919153178,21.0,1,-0.27896427876863683,21.28167339751081,20.5,21.5
1493.0,21.01581602851611,21.384793514769854,-5.071346442931301,21.0,0,-0.3847935147698536,22.44308587478202,20.5,21.5
1494.0,21.01059859602182,21.373563414554102,-5.070885163084403,21.0,0,-0.373563414554102,21.261262412396587,20.5,21.5
1495.0,21.005382299269996,21.343922763811722,-5.070425352342374,21.0,0,-0.3439227638117224,21.047516256387926,20.5,21.5
1496.0,21.000167137739673,21.356159530754375,-5.069967011055377,21.0,0,-0.35615953075437545,21.478527200180906,20.5,21.5
1497.0,20.994953110909915,21.3485659607635,-5.0695101395724596,21.0,0,-0.34856596076350144,21.27263026085476,20.5,21.5
1498.0,20.98974021825982,21.315475813082013,-5.06905473824155,21.0,0,-0.31547581308201345,20.984574336267134,20.5,21.5
1499.0,20.984528459268518,21.28072125050627,-5.068600807409455,21.0,0,-0.2807212505062715,20.933175624748852,20.5,21.5
1500.0,20.97931783341518,21.32095981176547,-5.068148347421864,21.0,0,-0.3209598117654693,21.723345424357447,20.5,21.5
1501.0,20.97410834017901,21.32243498647062,-5.067697358623343,21.0,0,-0.3224349864706184,21.33718673352211,20.5,21.5
1502.0,20.96889997903925,21.350189043935003,-5.067247841357341,21.0,0,-0.3501890439350035,21.627729618578854,20.5,21.5
1503.0,20.96369274947517,21.296387940020082,-5.066799795966185,21.0,0,-0.2963879400200824,20.75837690087087,20.5,21.5
1504.0,20.958486650966083,21.342987537645776,-5.066353222791081,21.0,0,-0.34298753764577583,21.80898351390271,20.5,21.5
1505.0,20.95328168299133,21.356308636143737,-5.065908122172114,21.0,0,-0.3563086361437371,21.48951962112335,20.5,21.5
1506.0,20.948077845030298,21.287667863797598,-5.065464494448246,21.0,0,-0.2876678637975978,20.601260140336205,20.5,21.5
1507.0,20.942875136562403,21.189264568572078,-5.065022339957321,21.0,1,-0.18926456857207796,20.20523161631688,20.5,21.5
1508.0,20.9576735570671,21.20741432833204,-5.064581659036058,21.0,1,-0.20741432833203888,21.388911925931648,20.5,21.5
1509.0,20.97246910602388,21.224802882537894,-5.064142452020054,21.0,1,-0.22480288253789382,21.398688424596443,20.5,21.5
1510.0,20.98726178371227,21.28171904485884,-5.063704719243784,21.0,0,-0.28171904485883914,21.850880668068292,20.5,21.5
1511.0,20.98205159041168,21.281816927544718,-5.063268461040603,21.0,0,-0.28181692754471754,21.2827957544035,20.5,21.5
1512.0,20.976842526401388,21.271607192854525,-5.062833677742738,21.0,0,-0.2716071928545247,21.169509845952597,20.5,21.5
1513.0,20.97163459116056,21.342643928714956,-5.0624003696812965,21.0,0,-0.3426439287149563,22.053011287319272,20.5,21.5
1514.0,20.966427784168392,21.311295774841287,-5.061968537186261,21.0,0,-0.31129577484128745,20.9978142361046,20.5,21.5
1515.0,20.96122210490412,21.24063794036463,-5.061538180586491,21.0,0,-0.24063794036462838,20.534059595598038,20.5,21.5
1516.0,20.956017552847023,21.303603668089604,-5.061109300209722,21.0,0,-0.30360366808960393,21.93326094533936,20.5,21.5
1517.0,20.950814127476413,21.409890396688166,-5.060681896382565,21.0,0,-0.40989039668816574,22.472757682673784,20.5,21.5
1518.0,20.94561182827164,21.302277331051403,-5.060255969430506,21.0,1,-0.3022773310514033,20.22614667468378,20.5,21.5
1519.0,20.9604106547121,21.27220805830311,-5.059831519677909,21.0,1,-0.2722080583031108,20.971515330820186,20.5,21.5
1520.0,20.975206606277222,21.30034253744834,-5.059408547448007,21.0,0,-0.3003425374483406,21.58168732890064,20.5,21.5
1521.0,20.969999683246478,21.250199470946022,-5.058987053062915,21.0,0,-0.250199470946022,20.748768805922836,20.5,21.5
1522.0,20.964793885899216,21.21486954124838,-5.058567036843618,21.0,0,-0.21486954124837965,20.861570244271956,20.5,21.5
1523.0,20.95958921371467,21.27858654138715,-5.058148499109977,21.0,0,-0.2785865413871491,21.915756542774844,20.5,21.5
1524.0,20.954385666172104,21.302306811084506,-5.057731440180728,21.0,0,-0.30230681108450597,21.539509508058075,20.5,21.5
1525.0,20.949183242750834,21.23949179534275,-5.057315860373477,21.0,0,-0.2394917953427509,20.6113416379252,20.5,21.5
1526.0,20.943981942930208,21.271204506403468,-5.056901760004708,21.0,0,-0.2712045064034676,21.588331617010635,20.5,21.5
1527.0,20.93878176618962,21.25788280293545,-5.056489139389775,21.0,0,-0.2578828029354483,21.124665768255255,20.5,21.5
1528.0,20.933582712008505,21.164266254239845,-5.056077998842907,21.0,1,-0.16426625423984476,20.22810076728381,20.5,21.5
1529.0,20.948384779866334,21.143923188381997,-5.055668338677207,21.0,1,-0.14392318838199714,20.94049252980352,20.5,21.5
1530.0,20.963183969242625,21.273805028212415,-5.055260159204646,21.0,0,-0.2738050282124149,22.572623426516593,20.5,21.5
1531.0,20.957980280416937,21.311717036939584,-5.054853460736074,21.0,0,-0.31171703693958364,21.69083712421127,20.5,21.5
1532.0,20.952777713668706,21.331997191416544,-5.0544482435812075,21.0,0,-0.33199719141654427,21.53479873618615,20.5,21.5
1533.0,20.947576268477256,21.366736296623102,-5.054044508048636,21.0,0,-0.3667362966231025,21.714127348688685,20.5,21.5
1534.0,20.942375944321952,21.441199474997198,-5.0536422544458235,21.0,0,-0.44119947499719814,22.185831258738155,20.5,21.5
1535.0,20.937176740682197,21.348116726662578,-5.053241483079103,21.0,1,-0.3481167266625782,20.41728924331638,20.5,21.5
1536.0,20.951978657037444,21.332553963805857,-5.05284219425368,21.0,1,-0.3325539638058572,21.176926335238647,20.5,21.5
1537.0,20.966777692867186,21.26274605660787,-5.052444388273629,21.0,1,-0.2627460566078703,20.564666984628,20.5,21.5
1538.0,20.981573848450957,21.28320395258745,-5.052048065441896,21.0,1,-0.28320395258744924,21.48778291238324,20.5,21.5
1539.0,20.99636712406818,21.243701161466518,-5.051653226060301,21.0,1,-0.2437011614665181,20.848673250257207,20.5,21.5
1540.0,21.011157519998154,21.359134086291323,-5.051259870429529,21.0,0,-0.3591340862913235,22.513463334539377,20.5,21.5
1541.0,21.005945036520068,21.346613407540552,-5.050867998849139,21.0,0,-0.34661340754055203,21.221406620032838,20.5,21.5
1542.0,21.000733673912993,21.3542874301106,-5.0504776116175565,21.0,0,-0.35428743011059893,21.431027655811068,20.5,21.5
1543.0,20.995523431655887,21.40515675171753,-5.05008870903208,21.0,0,-0.40515675171753074,21.91384996778685,20.5,21.5
1544.0,20.99031430922775,21.477994067015807,-5.049701291388874,21.0,0,-0.47799406701580693,22.20636721999857,20.5,21.5
1545.0,20.985106306107625,21.401539524669793,-5.049315358982975,21.0,0,-0.4015395246697935,20.63699410120966,20.5,21.5
1546.0,20.979899421774608,21.30661703086539,-5.048930912108287,21.0,1,-0.3066170308653895,20.35739209282135,20.5,21.5
1547.0,20.99469365570783,21.347420356500745,-5.048547951057583,21.0,0,-0.347420356500745,21.7554536128543,20.5,21.5
1548.0,20.989485007386477,21.30318154912967,-5.048166476122505,21.0,0,-0.3031815491296683,20.8607934754189,20.5,21.5
1549.0,20.984277477089776,21.221244360044725,-5.047786487593562,21.0,1,-0.22124436004472514,20.401872469195293,20.5,21.5
1550.0,20.99907106429684,21.21667089165642,-5.047407985760133,21.0,1,-0.2166708916564204,21.170936207773373,20.5,21.5
1551.0,21.013861768486827,21.2999159924505,-5.047030970910463,21.0,0,-0.2999159924505008,22.132367000391305,20.5,21.5
1552.0,21.008649589938948,21.29928287117465,-5.046655443331664,21.0,0,-0.29928287117465047,21.292951658416147,20.5,21.5
1553.0,21.003438528932293,21.25400837719237,-5.0462814033097185,21.0,0,-0.25400837719237046,20.80126343736957,20.5,21.5
1554.0,20.998228584945846,21.26942488478814,-5.045908851129473,21.0,0,-0.2694248847881404,21.42358996074584,20.5,21.5
1555.0,20.99301975745863,21.260366100704168,-5.045537787074642,21.0,0,-0.260366100704168,21.169778259864444,20.5,21.5
1556.0,20.987812045949724,21.208022225547715,-5.045168211427808,21.0,0,-0.20802222554771532,20.68458347398319,20.5,21.5
1557.0,20.982605449898248,21.21464280013897,-5.044800124470418,21.0,0,-0.21464280013897152,21.280848546051534,20.5,21.5
1558.0,20.977399968783374,21.306473982051035,-5.044433526482788,21.0,0,-0.3064739820510347,22.224785801171667,20.5,21.5
1559.0,20.97219560208432,21.286226877217405,-5.0440684177440955,21.0,0,-0.2862268772174055,21.083755828881113,20.5,21.5
1560.0,20.966992349280353,21.25828454331426,-5.043704798532389,21.0,0,-0.2582845433142609,20.978861204282815,20.5,21.5
1561.0,20.96179020985079,21.334866559828033,-5.043342669124579,21.0,0,-0.3348665598280327,22.10068672496575,20.5,21.5
1562.0,20.956589183274996,21.32620412256631,-5.042982029796443,21.0,0,-0.3262041225663097,21.23957974994908,20.5,21.5
1563.0,20.951389269032383,21.250853419168557,-5.042622880822624,21.0,1,-0.25085341916855697,20.49734638519103,20.5,21.5
1564.0,20.966190466602413,21.298229755654965,-5.04226522247663,21.0,0,-0.29822975565496535,21.77199312051905,20.5,21.5
1565.0,20.960988775464596,21.41480478184214,-5.041909055030832,21.0,0,-0.41480478184213965,22.580555043713883,20.5,21.5
1566.0,20.955788195898496,21.3491535888355,-5.0415543787564685,21.0,0,-0.34915358883549885,20.69264165876909,20.5,21.5
1567.0,20.950588727383565,21.384378015883364,-5.04120119392364,21.0,0,-0.38437801588336384,21.736622286362014,20.5,21.5
1568.0,20.945390369399302,21.413191284806224,-5.040849500801312,21.0,0,-0.41319128480622425,21.70132397403483,20.5,21.5
1569.0,20.940193121425263,21.390258561198163,-5.040499299657315,21.0,0,-0.3902585611981628,21.16093132511755,20.5,21.5
1570.0,20.934996982941048,21.270680278462894,-5.040150590758341,21.0,1,-0.2706802784628941,20.074897451110207,20.5,21.5
1571.0,20.94980195342631,21.311184766093866,-5.0398033743699475,21.0,0,-0.31118476609386647,21.71622964240359,20.5,21.5
1572.0,20.94460403236075,21.24866991602235,-5.039457650756557,21.0,0,-0.2486699160223509,20.623521415307195,20.5,21.5
1573.0,20.939407220024126,21.16892671231225,-5.039113420181449,21.0,1,-0.1689267123122491,20.37149467521123,20.5,21.5
1574.0,20.954211515896084,21.193113453398052,-5.038770682906774,21.0,1,-0.19311345339805186,21.43498086425608,20.5,21.5
1575.0,20.969012919456322,21.20325092920959,-5.038429439193539,21.0,1,-0.20325092920959165,21.30462568732499,20.5,21.5
1576.0,20.98381143098459,21.187934828315843,-5.038089689301617,21.0,1,-0.18793482831584285,21.034773819378355,20.5,21.5
1577.0,20.998607050760533,21.20758526535566,-5.037751433489742,21.0,1,-0.2075852653556609,21.40408963575384,20.5,21.5
1578.0,21.013399779063683,21.274204977659473,-5.03741467201551,21.0,0,-0.2742049776594726,21.94040210069759,20.5,21.5
1579.0,21.008189616173468,21.210258672484123,-5.03707940513538,21.0,0,-0.2102586724841231,20.570795620730628,20.5,21.5
1580.0,21.002980562369206,21.209019873464573,-5.0367456331046725,21.0,0,-0.20901987346457318,21.196631883269074,20.5,21.5
1581.0,20.99777261713011,21.240478002155612,-5.036413356177569,21.0,0,-0.2404780021556121,21.555059289066,20.5,21.5
1582.0,20.992565779935447,21.23235392933639,-5.0360825746071125,21.0,0,-0.23235392933639076,21.151113201144177,20.5,21.5
1583.0,20.987360050264538,21.222497086721994,-5.035753288645209,21.0,0,-0.22249708672199375,21.123928660578024,20.5,21.5
1584.0,20.982155427596755,21.25795930105972,-5.035425498542622,21.0,0,-0.25795930105972076,21.61258144443699,20.5,21.5
1585.0,20.976951911411525,21.30971629656583,-5.035099204548981,21.0,0,-0.30971629656583133,21.827286251626937,20.5,21.5
1586.0,20.971749501188334,21.280944474572145,-5.03477440691277,21.0,0,-0.280944474572145,20.99322625463528,20.5,21.5
1587.0,20.966548196406713,21.234248783676144,-5.034451105881337,21.0,0,-0.23424878367614355,20.76729187471613,20.5,21.5
1588.0,20.961347996546255,21.165616692581278,-5.034129301700892,21.0,1,-0.16561669258127765,20.47929578163262,20.5,21.5
1589.0,20.976148901086606,21.262801011799432,-5.0338089946165,21.0,0,-0.26280101179943216,22.234644203980977,20.5,21.5
1590.0,20.970946909507465,21.2952109155877,-5.033490184872091,21.0,0,-0.29521091558769896,21.619309953470367,20.5,21.5
1591.0,20.965746022088588,21.277958893560132,-5.033172872710451,21.0,0,-0.2779588935601325,21.105438673284468,20.5,21.5
1592.0,20.96054623830963,21.36673002940071,-5.032857058373228,21.0,0,-0.36673002940070987,22.254441387806484,20.5,21.5
1593.0,20.955347557650292,21.452206979432823,-5.032542742100929,21.0,0,-0.4522069794328232,22.306976479753956,20.5,21.5
1594.0,20.950149979590343,21.325317932563955,-5.032229924132917,21.0,1,-0.325317932563955,20.056427463875274,20.5,21.5
1595.0,20.9649535036096,21.20384334914499,-5.0319186047074185,21.0,1,-0.20384334914498936,19.989097514955333,20.5,21.5
1596.0,20.979754129187935,21.228468126927957,-5.0316087840615165,21.0,1,-0.22846812692795737,21.474715904757637,20.5,21.5
1597.0,20.994551856605284,21.183631242366094,-5.031300462431152,21.0,1,-0.18363124236609352,20.735262396747455,20.5,21.5
1598.0,21.009346686141477,21.218933647334772,-5.030993640051127,21.0,0,-0.21893364733477227,21.57195769702156,20.5,21.5
1599.0,21.004138618076237,21.22183802146599,-5.030688317155098,21.0,0,-0.22183802146599163,21.250881762778185,20.5,21.5
1600.0,20.99893165268919,21.302868764898847,-5.030384493975584,21.0,0,-0.3028687648988466,22.113176199227397,20.5,21.5
1601.0,20.99372578945986,21.31428063600558,-5.030082170743958,21.0,0,-0.31428063600558076,21.428399347072922,20.5,21.5
1602.0,20.98852102786782,21.383014525994398,-5.029781347690452,21.0,0,-0.38301452599439756,22.070353425882566,20.5,21.5
1603.0,20.983317367392708,21.42020926233112,-5.029482025044157,21.0,0,-0.4202092623311202,21.792156625698347,20.5,21.5
1604.0,20.97811480751422,21.450602893781042,-5.02918420303302,21.0,0,-0.450602893781042,21.75453920828026,20.5,21.5
1605.0,20.97291334771211,21.502350124125122,-5.028887881883844,21.0,0,-0.5023501241251225,22.019822427565927,20.5,21.5
1606.0,20.967712987466193,21.472506542128066,-5.028593061822293,21.0,0,-0.4725065421280661,21.174070722157502,20.5,21.5
1607.0,20.962513726256336,21.404499431040147,-5.028299743072883,21.0,0,-0.4044994310401471,20.724428320160957,20.5,21.5
1608.0,20.95731556356247,21.262644089124542,-5.02800792585899,21.0,1,-0.2626440891245423,19.844090669968494,20.5,21.5
1609.0,20.972118498864585,21.226672368068034,-5.027717610402846,21.0,1,-0.2266723680680336,20.866955157502947,20.5,21.5
1610.0,20.986918531642733,21.138190481597483,-5.027428796925538,21.0,1,-0.13819048159748348,20.253371616891982,20.5,21.5
1611.0,21.00171566217702,21.157310690202866,-5.027141485647009,21.0,1,-0.15731069020286625,21.348512776256694,20.5,21.5
1612.0,21.016509890747454,21.174893356315664,-5.026855676786061,21.0,1,-0.17489335631566405,21.350720017443642,20.5,21.5
1613.0,21.031301217633946,21.244059791412347,-5.026571370560349,21.0,0,-0.24405979141234724,21.93572414237918,20.5,21.5
1614.0,21.026089643116308,21.27527938422664,-5.026288567186386,21.0,0,-0.2752793842266392,21.58747531236956,20.5,21.5
1615.0,21.02087916747425,21.270374527273784,-5.026007266879536,21.0,0,-0.2703745272737841,21.221325957745233,20.5,21.5
1616.0,21.015669790187378,21.275864108997332,-5.025727469854024,21.0,0,-0.2758641089973324,21.330759926232815,20.5,21.5
1617.0,21.010461510735368,21.257028115501836,-5.025449176322927,21.0,0,-0.2570281155018357,21.06866818054687,20.5,21.5
1618.0,21.005254328597957,21.270437791958337,-5.025172386498177,21.0,0,-0.2704377919583365,21.404534556523345,20.5,21.5
1619.0,21.000048243254938,21.202882058631786,-5.024897100590563,21.0,0,-0.20288205863178632,20.527324725366284,20.5,21.5
1620.0,20.99484325418617,21.227714204212,-5.0246233188097245,21.0,0,-0.22771420421199906,21.476035660014126,20.5,21.5
1621.0,20.989639360871568,21.26619993837996,-5.024351041364161,21.0,0,-0.2661999383799589,21.651057280059558,20.5,21.5
1622.0,20.98443656279112,21.260841038698434,-5.024080268461222,21.0,0,-0.2608410386984339,21.207252041883184,20.5,21.5
1623.0,20.97923485942487,21.211275126524896,-5.023811000307113,21.0,0,-0.211275126524896,20.715616004789517,20.5,21.5
1624.0,20.974034250252924,21.29508582323502,-5.023543237106894,21.0,0,-0.29508582323502,22.13319279033626,20.5,21.5
1625.0,20.96883473475545,21.317900311430567,-5.0232769790644785,21.0,0,-0.3179003114305665,21.546045193386032,20.5,21.5
1626.0,20.963636312412685,21.28355764539996,-5.023012226382633,21.0,0,-0.2835576453999593,20.940130985093887,20.5,21.5
1627.0,20.958438982704926,21.365482732443365,-5.022748979262978,21.0,0,-0.3654827324433647,22.18473360287742,20.5,21.5
1628.0,20.953242745112533,21.454996009042315,-5.022487237905988,21.0,0,-0.45499600904231485,22.350128775031816,20.5,21.5
1629.0,20.94804759911593,21.41300342693435,-5.022227002510991,21.0,0,-0.413003426934349,20.99307760585469,20.5,21.5
1630.0,20.942853544195607,21.36878151705878,-5.021968273276166,21.0,0,-0.36878151705877826,20.92656241830307,20.5,21.5
1631.0,20.937660579832112,21.29290355351441,-5.021711050398548,21.0,0,-0.2929035535144102,20.53412391807073,20.5,21.5
1632.0,20.932468705506068,21.167192758353927,-5.021455334074023,21.0,1,-0.16719275835392722,19.910084806749097,20.5,21.5
1633.0,20.947277920698152,21.05786360121254,-5.02120112449733,21.0,1,-0.05786360121253864,19.964572029798653,20.5,21.5
1634.0,20.962084224889114,21.112953818961877,-5.0209484218620615,21.0,0,-0.11295381896187706,21.66385599645526,20.5,21.5
1635.0,20.956887618359765,21.156979508770817,-5.020697226360659,21.0,0,-0.15697950877081723,21.59723640686022,20.5,21.5
1636.0,20.951692101390822,21.235181514287888,-5.020447538184422,21.0,0,-0.2351815142878877,22.017201569458592,20.5,21.5
1637.0,20.946497673462908,21.242858401021188,-5.020199357523497,21.0,0,-0.24285840102118783,21.31962726835419,20.5,21.5
1638.0,20.94130433405671,21.288027333134526,-5.019952684566885,21.0,0,-0.2880273331345258,21.739716654267905,20.5,21.5
1639.0,20.936112082652986,21.246906990686572,-5.019707519502438,21.0,0,-0.24690699068657196,20.835703566207034,20.5,21.5
1640.0,20.930920918732554,21.165368356706818,-5.01946386251686,21.0,1,-0.16536835670681782,20.349982016909276,20.5,21.5
1641.0,20.945730841776303,21.189290768283087,-5.019221713795705,21.0,1,-0.18929076828308666,21.428514884045775,20.5,21.5
1642.0,20.96053785126519,21.242096534665613,-5.018981073523382,21.0,0,-0.2420965346656132,21.77015419849088,20.5,21.5
1643.0,20.955341947480232,21.320030760827017,-5.018741941883149,21.0,0,-0.32003076082701654,22.09937302244105,20.5,21.5
1644.0,20.95014713070236,21.381643269121156,-5.018504319057113,21.0,0,-0.381643269121156,21.99776835206255,20.5,21.5
1645.0,20.944953400412405,21.463296780172215,-5.018268205226235,21.0,0,-0.46329678017221454,22.2798318906828,20.5,21.5
1646.0,20.939760756091278,21.327080789939835,-5.018033600570328,21.0,1,-0.3270807899398349,19.96492088761604,20.5,21.5
1647.0,20.954569197219946,21.319050506643052,-5.017800505268051,21.0,1,-0.3190505066430518,21.23874767367522,20.5,21.5
1648.0,20.969374723279447,21.273868319561714,-5.017568919496917,21.0,1,-0.2738683195617142,20.82204644874834,20.5,21.5
1649.0,20.984177334550893,21.21253564575496,-5.017338843433288,21.0,1,-0.21253564575496142,20.599208907687434,20.5,21.5
1650.0,20.998977031315295,21.187365046920636,-5.017110277252379,21.0,1,-0.18736504692063605,20.935659058577382,20.5,21.5
1651.0,21.013773813853582,21.262073143201803,-5.016883221128252,21.0,0,-0.2620731432018033,22.009154106013476,20.5,21.5
1652.0,21.008567682446586,21.27417205547099,-5.0166576752338194,21.0,0,-0.27417205547099144,21.395161178162873,20.5,21.5
1653.0,21.003362637375048,21.170279795313526,-5.016433639740844,21.0,1,-0.170279795313526,20.13135719373887,20.5,21.5
1654.0,21.018158678119626,21.144637847188346,-5.01621111481994,21.0,1,-0.1446378471883456,20.88821836593654,20.5,21.5
1655.0,21.032951804161037,21.232704309186705,-5.01599010064057,21.0,0,-0.2327043091867047,22.113368929170296,20.5,21.5
1656.0,21.027742015780078,21.298251784763618,-5.015770597371045,21.0,0,-0.29825178476361813,21.953726540532752,20.5,21.5
1657.0,21.022533313257448,21.35246454159009,-5.0155526051785255,21.0,0,-0.35246454159009133,21.894592109854823,20.5,21.5
1658.0,21.01732569607376,21.45252107797227,-5.015336124229023,21.0,0,-0.45252107797227126,22.45308644179407,20.5,21.5
1659.0,21.012119163709702,21.543912723352822,-5.015121154687397,21.0,0,-0.5439127233528218,22.457829177158327,20.5,21.5
1660.0,21.00691371564602,21.434081977552715,-5.014907696717356,21.0,1,-0.43408197755271516,20.33577451955165,20.5,21.5
1661.0,21.021709351363548,21.455960277654597,-5.014695750481458,21.0,0,-0.45596027765459723,21.674743278673418,20.5,21.5
1662.0,21.01650207034318,21.383958930006184,-5.0144853161411085,21.0,0,-0.38395893000618386,20.66394545352205,20.5,21.5
1663.0,21.011295872865883,21.306307280276577,-5.014276393856564,21.0,0,-0.3063072802765774,20.529790782980513,20.5,21.5
1664.0,21.00609075841254,21.278065361942943,-5.014068983786926,21.0,0,-0.27806536194294296,20.9956461786066,20.5,21.5
1665.0,21.0008867264641,21.324891137705404,-5.013863086090147,21.0,0,-0.32489113770540357,21.79314889533001,20.5,21.5
1666.0,20.99568377650159,21.284300528272613,-5.013658700923028,21.0,0,-0.2843005282726132,20.87839443394471,20.5,21.5
1667.0,20.990481908006103,21.2716405968493,-5.013455828441216,21.0,0,-0.27164059684929853,21.145041282616152,20.5,21.5
1668.0,20.985281120458815,21.29157555094162,-5.013254468799207,21.0,0,-0.29157555094161935,21.490925091864828,20.5,21.5
1669.0,20.98008141334096,21.274354830695323,-5.013054622150346,21.0,0,-0.27435483069532296,21.10214762823236,20.5,21.5
1670.0,20.974882786133865,21.24977807255073,-5.012856288646825,21.0,0,-0.24977807255072904,21.00401049110479,20.5,21.5
1671.0,20.96968523831891,21.22653663035009,-5.012659468439683,21.0,0,-0.22653663035008975,20.994122208343697,20.5,21.5
1672.0,20.964488769377557,21.261553665361532,-5.012464161678807,21.0,0,-0.26155366536153224,21.611724015475957,20.5,21.5
1673.0,20.959293378791344,21.255377864465082,-5.012270368512933,21.0,0,-0.2553778644650819,21.19361985550058,20.5,21.5
1674.0,20.954099066041884,21.25688150112815,-5.01207808908964,21.0,0,-0.25688150112814867,21.271917867758816,20.5,21.5
1675.0,20.948905830610858,21.241890746364952,-5.011887323555361,21.0,0,-0.24189074636495178,21.091983198732983,20.5,21.5
1676.0,20.943713671980024,21.16075867696617,-5.011698072055369,21.0,1,-0.16075867696617152,20.34943798297837,20.5,21.5
1677.0,20.95852258963122,21.17655036433107,-5.0115103347337895,21.0,1,-0.17655036433107085,21.334467237980064,20.5,21.5
1678.0,20.973328583046346,21.237870209716466,-5.0113241117335905,21.0,0,-0.23787020971646555,21.851068663570413,20.5,21.5
1679.0,20.968131652507388,21.239454474488856,-5.011139403196591,21.0,0,-0.2394544744888556,21.255297122212756,20.5,21.5
1680.0,20.962935798296247,21.288647446299827,-5.010956209263453,21.0,0,-0.2886474462998265,21.780577164409536,20.5,21.5
1681.0,20.957741019894733,21.413228607358235,-5.010774530073688,21.0,0,-0.41322860735823497,22.65904021794232,20.5,21.5
1682.0,20.952547316784738,21.433633422170775,-5.010594365765652,21.0,0,-0.43363342217077516,21.637681570296177,20.5,21.5
1683.0,20.94735468844823,21.412764244964027,-5.0104157164765475,21.0,0,-0.41276424496402697,21.204072472896545,20.5,21.5
1684.0,20.942163134367245,21.349905517153864,-5.010238582342423,21.0,0,-0.3499055171538643,20.721318239052238,20.5,21.5
1685.0,20.936972654023904,21.358043128995632,-5.010062963498177,21.0,0,-0.3580431289956323,21.439419247413312,20.5,21.5
1686.0,20.931783246900398,21.33752039762099,-5.009888860077547,21.0,0,-0.33752039762099173,21.132293083874586,20.5,21.5
1687.0,20.926594912479004,21.363559759092542,-5.009716272213123,21.0,0,-0.3635597590925421,21.623953373808046,20.5,21.5
1688.0,20.921407650242067,21.422139574969652,-5.009545200036338,21.0,0,-0.42213957496965193,22.00793773374075,20.5,21.5
1689.0,20.916221459672013,21.509331198413328,-5.009375643677469,21.0,0,-0.509331198413328,22.38124743285009,20.5,21.5
1690.0,20.911036340251343,21.4709003169965,-5.009207603265643,21.0,0,-0.4709003169964987,21.086591502828206,20.5,21.5
1691.0,20.90585229146264,21.426555763822375,-5.009041078928828,21.0,0,-0.4265557638223747,20.983110232081135,20.5,21.5
1692.0,20.900669312788562,21.357442809597128,-5.00887607079384,21.0,0,-0.3574428095971278,20.66631326734466,20.5,21.5
1693.0,20.895487403711844,21.308523766456325,-5.008712578986341,21.0,0,-0.3085237664563252,20.8193333350483,20.5,21.5
1694.0,20.890306563715303,21.22103957494815,-5.008550603630836,21.0,1,-0.22103957494815063,20.346197659866405,20.5,21.5
1695.0,20.905126792281834,21.241365688837032,-5.008390144850677,21.0,1,-0.2413656888370319,21.444626827725845,20.5,21.5
1696.0,20.919944088894407,21.23641065501528,-5.0082312027680596,21.0,1,-0.23641065501528047,21.186860316797766,20.5,21.5
1697.0,20.934758453836075,21.261385903253522,-5.008073777504025,21.0,0,-0.2613859032535224,21.51113838563594,20.5,21.5
1698.0,20.929569887389807,21.253204318435337,-5.007917869178461,21.0,0,-0.253204318435337,21.171388470253483,20.5,21.5
1699.0,20.92438238983849,21.322412213240302,-5.007763477910097,21.0,0,-0.3224122132403018,22.01449116128995,20.5,21.5
1700.0,20.919195960664943,21.33252322627514,-5.007610603816509,21.0,0,-0.3325232262751392,21.433633356623513,20.5,21.5
1701.0,20.914010599352046,21.327116912909823,-5.0074592470141175,21.0,0,-0.3271169129098226,21.273053779256657,20.5,21.5
1702.0,20.908826305382775,21.255438881026816,-5.007309407618187,21.0,0,-0.2554388810268158,20.538658562196748,20.5,21.5
1703.0,20.903643078240176,21.222933607833333,-5.007161085742827,21.0,0,-0.22293360783333327,20.897880875898508,20.5,21.5
1704.0,20.89846091740738,21.144732916420555,-5.007014281500991,21.0,1,-0.14473291642055486,20.36272600229277,20.5,21.5
1705.0,20.9132798223676,21.067521216474653,-5.006868995004477,21.0,1,-0.06752121647465259,20.29540421701563,20.5,21.5
1706.0,20.928095792604125,21.036871829188534,-5.006725226363927,21.0,1,-0.03687182918853438,20.730377956327352,20.5,21.5
1707.0,20.94290882840033,21.08583638463083,-5.0065829756888265,21.0,0,-0.08583638463083076,21.575481939053795,20.5,21.5
1708.0,20.937718930039512,21.176626488095263,-5.0064422430875055,21.0,0,-0.1766264880952626,22.08452752273958,20.5,21.5
1709.0,20.932530097804886,21.16941550662585,-5.006303028667139,21.0,0,-0.1694155066258496,21.09730569193172,20.5,21.5
1710.0,20.92734233117959,21.285124790842648,-5.006165332533744,21.0,0,-0.28512479084264797,22.44221763301063,20.5,21.5
1711.0,20.92215562964685,21.313827671761047,-5.0060291547921825,21.0,0,-0.31382767176104664,21.600856480945033,20.5,21.5
1712.0,20.91696999268996,21.335717062281905,-5.005894495546159,21.0,0,-0.3357170622819048,21.554610967490486,20.5,21.5
1713.0,20.911785419792313,21.272408977089512,-5.005761354898224,21.0,0,-0.27240897708951195,20.639328125165584,20.5,21.5
1714.0,20.906601910437374,21.351395679942083,-5.005629732949768,21.0,0,-0.3513956799420832,22.141262708467796,20.5,21.5
1715.0,20.901419464108695,21.213061250871405,-5.005499629801029,21.0,1,-0.21306125087140515,19.829716960164625,20.5,21.5
1716.0,20.916238080289915,21.273359897284706,-5.005371045551084,21.0,0,-0.2733598972847062,21.876346361417717,20.5,21.5
1717.0,20.911053758464746,21.249502184293494,-5.005243980297856,21.0,0,-0.2495021842934939,21.01092505438137,20.5,21.5
1718.0,20.905870498916993,21.28054640772182,-5.005118434138112,21.0,0,-0.28054640772181827,21.590988642005062,20.5,21.5
1719.0,20.900688301130383,21.23368729684514,-5.00499440716746,21.0,0,-0.23368729684514022,20.76509618807836,20.5,21.5
1720.0,20.895507164588725,21.314031871002836,-5.004871899480351,21.0,0,-0.314031871002836,22.117477612579794,20.5,21.5
1721.0,20.890327088775912,21.247683178540257,-5.004750911170082,21.0,0,-0.24768317854025668,20.584196253914463,20.5,21.5
1722.0,20.885148073175923,21.30422395798162,-5.004631442328789,21.0,0,-0.3042239579816197,21.86963175239525,20.5,21.5
1723.0,20.879970117272823,21.231606338156354,-5.004513493047455,21.0,0,-0.23160633815635379,20.505430139903694,20.5,21.5
1724.0,20.87479322055076,21.220666127330865,-5.0043970634159,21.0,0,-0.22066612733086544,21.111264019075982,20.5,21.5
1725.0,20.869617382493967,21.1332136542495,-5.004282153522793,21.0,1,-0.1332136542494986,20.25868892343583,20.5,21.5
1726.0,20.884442602586763,21.05758879414556,-5.004168763455642,21.0,1,-0.057588794145559064,20.301340193106164,20.5,21.5
1727.0,20.899264880313556,20.974644660792407,-5.004056893300799,21.0,1,0.02535533920759292,20.145203327260887,20.5,21.5
1728.0,20.914084215958834,20.97926890308083,-5.003946543143456,21.0,1,0.020731096919170966,21.02551132596505,20.5,21.5
1729.0,20.928900609807013,21.00913125243534,-5.003837713067653,21.0,1,-0.00913125243533841,21.307754745980432,20.5,21.5
1730.0,20.943714062142437,21.12613997486985,-5.003730403156267,21.0,0,-0.12613997486985085,22.296227199214975,20.5,21.5
1731.0,20.938524573249378,21.224491431201493,-5.003624613491017,21.0,0,-0.22449143120149273,22.20800599451791,20.5,21.5
1732.0,20.93333614341203,21.251013257105576,-5.003520344152469,21.0,0,-0.2510132571055763,21.516231516146412,20.5,21.5
1733.0,20.92814877211452,21.275232873010165,-5.003417595220029,21.0,0,-0.2752328730101645,21.517429032056047,20.5,21.5
1734.0,20.922962458841052,21.26928943789692,-5.003316366771943,21.0,0,-0.2692894378969193,21.209855086764467,20.5,21.5
1735.0,20.91777720307593,21.250368944381556,-5.003216658885302,21.0,0,-0.250368944381556,21.061164009227923,20.5,21.5
1736.0,20.912593004303535,21.28949783624342,-5.0031184716360375,21.0,0,-0.2894978362434202,21.680786754862062,20.5,21.5
1737.0,20.907409862008347,21.359585590484677,-5.003021805098924,21.0,0,-0.3595855904846772,22.060463132897247,20.5,21.5
1738.0,20.902227775674927,21.390021608695054,-5.002926659347576,21.0,0,-0.3900216086950543,21.694381790798825,20.5,21.5
1739.0,20.89704674478792,21.31652180411266,-5.0028330344544525,21.0,0,-0.31652180411266073,20.581523758288725,20.5,21.5
1740.0,20.891866768832074,21.285119649466637,-5.0027409304908526,21.0,0,-0.2851196494666368,20.971098103006398,20.5,21.5
1741.0,20.886687847292208,21.216933407340797,-5.002650347526917,21.0,0,-0.2169334073407967,20.535070986082395,20.5,21.5
1742.0,20.881509979653245,21.119312481521654,-5.002561285631628,21.0,1,-0.11931248152165352,20.143103223330222,20.5,21.5
1743.0,20.89633316540019,21.1050151340303,-5.002473744872811,21.0,1,-0.1050151340302996,20.96204165911676,20.5,21.5
1744.0,20.911153404018137,21.185815035864103,-5.002387725317132,21.0,0,-0.18581503586410264,21.993814054202133,20.5,21.5
1745.0,20.90597069579227,21.15102974531201,-5.002303227030099,21.0,0,-0.15102974531200886,20.80317683979107,20.5,21.5
1746.0,20.900789041007705,21.151240201735753,-5.00222025007606,21.0,0,-0.15124020173575303,21.153344765973195,20.5,21.5
1747.0,20.895608439149488,21.157916802786744,-5.002138794518206,21.0,0,-0.15791680278674392,21.224682813296653,20.5,21.5
1748.0,20.890428889702754,21.081242739915147,-5.002058860418571,21.0,1,-0.08124273991514741,20.314502111199182,20.5,21.5
1749.0,20.90525039215273,21.090270950934073,-5.001980447838025,21.0,1,-0.09027095093407311,21.18055306112333,20.5,21.5
1750.0,20.92006894598473,21.11059385317481,-5.001903556836284,21.0,1,-0.11059385317480874,21.313822875582165,20.5,21.5
1751.0,20.934884551484167,21.094533080472026,-5.001828187471904,21.0,1,-0.09453308047202569,20.933925353444195,20.5,21.5
1752.0,20.949697208936374,21.15901002097196,-5.001754339802283,21.0,0,-0.1590100209719587,21.80377942597129,20.5,21.5
1753.0,20.944506918626626,21.296019509113478,-5.0016820138836575,21.0,0,-0.29601950911347785,22.66611439052867,20.5,21.5
1754.0,20.939317680840123,21.286082752895595,-5.001611209771108,21.0,0,-0.28608275289559515,21.186715190716768,20.5,21.5
1755.0,20.934129495062,21.344373209569504,-5.001541927518554,21.0,0,-0.344373209569504,21.927277776308593,20.5,21.5
1756.0,20.928942360777484,21.430461262326023,-5.001474167178758,21.0,0,-0.43046126232602333,22.291341789891217,20.5,21.5
1757.0,20.92375627747189,21.37503520378666,-5.001407928803321,21.0,0,-0.3750352037866591,20.820774618393017,20.5,21.5
1758.0,20.918571244630638,21.292907807409982,-5.001343212442688,21.0,1,-0.292907807409982,20.47163384364321,20.5,21.5
1759.0,20.933387261739224,21.255822692881647,-5.001280018146142,21.0,1,-0.2558226928816474,20.8849715475983,20.5,21.5
1760.0,20.948200328283246,21.190855153235226,-5.001218345961808,21.0,1,-0.19085515323522628,20.541179756771015,20.5,21.5
1761.0,20.963010444548395,21.10208948829783,-5.001158195936654,21.0,1,-0.10208948829782827,20.214432838923848,20.5,21.5
1762.0,20.9778176108203,21.136049209821074,-5.001099568116485,21.0,1,-0.13604920982107416,21.475646425053533,20.5,21.5
1763.0,20.99262182738451,21.192069728643595,-5.00104246254595,21.0,0,-0.19206972864359528,21.752274916868807,20.5,21.5
1764.0,20.987423094526523,21.236179093818016,-5.000986879268536,21.0,0,-0.23617909381801638,21.677272745562227,20.5,21.5
1765.0,20.982225412531765,21.29571204409752,-5.000932818326574,21.0,0,-0.2957120440975203,21.89104154689256,20.5,21.5
1766.0,20.977028780885593,21.35045646817691,-5.0008802797612315,21.0,0,-0.35045646817690823,21.897900708970788,20.5,21.5
1767.0,20.971833199073465,21.353682615573156,-5.000829263612521,21.0,0,-0.35368261557315606,21.385944089535634,20.5,21.5
1768.0,20.966638666580927,21.237146457569658,-5.0007797699192915,21.0,1,-0.2371464575696578,20.071784877534675,20.5,21.5
1769.0,20.981445182893626,21.21019274432559,-5.000731798719236,21.0,1,-0.21019274432558888,20.9406556118849,20.5,21.5
1770.0,20.996248747497305,21.21756157235123,-5.000685350048886,21.0,1,-0.21756157235122942,21.291249852607635,20.5,21.5
1771.0,21.011049360677795,21.191114299994776,-5.000640423943613,21.0,1,-0.19111429999477636,20.926641576430246,20.5,21.5
1772.0,21.02584702272087,21.17191977622202,-5.000597020437634,21.0,1,-0.17191977622201904,20.979974538494446,20.5,21.5
1773.0,21.04064173391224,21.274102895096995,-5.000555139563999,21.0,0,-0.2741028950969948,22.295934083846753,20.5,21.5
1774.0,21.035433494537543,21.29482226948555,-5.000514781354603,21.0,0,-0.29482226948555024,21.502016013371104,20.5,21.5
1775.0,21.030226304882365,21.28222564126183,-5.000475945840182,21.0,0,-0.2822256412618316,21.156259359024645,20.5,21.5
1776.0,21.02502016443222,21.314861332758227,-5.000438633050309,21.0,0,-0.3148613327582268,21.64121824772218,20.5,21.5
1777.0,21.019815072672724,21.345052075240368,-5.000402843013401,21.0,0,-0.34505207524036763,21.646959500061776,20.5,21.5
1778.0,21.014611029089586,21.337409160807315,-5.000368575756712,21.0,0,-0.3374091608073151,21.26098001647679,20.5,21.5
1779.0,21.00940803316862,21.334836622242342,-5.000335831306338,21.0,0,-0.33483662224234223,21.309111236592614,20.5,21.5
1780.0,21.004206084395722,21.44111412262263,-5.000304609687218,21.0,0,-0.44111412262262917,22.5038891264255,20.5,21.5
1781.0,20.999005182256905,21.44981852906873,-5.0002749109231255,21.0,0,-0.4498185290687289,21.536862593529726,20.5,21.5
1782.0,20.99380532623827,21.4239657432982,-5.000246735036679,21.0,0,-0.4239657432982007,21.16543788559292,20.5,21.5
1783.0,20.988606515826014,21.3716394928626,-5.000220082049335,21.0,0,-0.3716394928625988,20.84837698850658,20.5,21.5
1784.0,20.983408750506438,21.35396448312867,-5.000194951981392,21.0,0,-0.3539644831286708,21.17721438578939,20.5,21.5
1785.0,20.978212029765942,21.277060333223908,-5.000171344851986,21.0,0,-0.27706033322390766,20.508018834176276,20.5,21.5
1786.0,20.97301635309102,21.262181738390517,-5.0001492606790965,21.0,0,-0.2621817383905167,21.113395790056607,20.5,21.5
1787.0,20.967821719968263,21.240334624927087,-5.00012869947954,21.0,0,-0.2403346249270868,21.021863490292787,20.5,21.5
1788.0,20.962628129884372,21.31312405845685,-5.000109661268976,21.0,0,-0.3131240584568502,22.041018393754484,20.5,21.5
1789.0,20.95743558232614,21.317814228262634,-5.0000921460619026,21.0,0,-0.31781422826263395,21.36471592632047,20.5,21.5
1790.0,20.952244076780463,21.241392009465653,-5.000076153871658,21.0,1,-0.24139200946565254,20.47716982149584,20.5,21.5
1791.0,20.967053612734333,21.245940457358618,-5.0000616847104205,21.0,1,-0.2459404573586177,21.29142493628827,20.5,21.5
1792.0,20.981860189674844,21.286639844561808,-5.000048738589211,21.0,0,-0.28663984456180813,21.693633716593713,20.5,21.5
1793.0,20.976663807889192,21.29271523192049,-5.000037315517886,21.0,0,-0.2927152319204893,21.3534691055073,20.5,21.5
1794.0,20.97146846766451,21.36595323696365,-5.000027415505146,21.0,0,-0.36595323696365156,22.098333287395274,20.5,21.5
1795.0,20.966274168487878,21.495273091984757,-5.000019038558531,21.0,0,-0.4952730919847568,22.78847164219581,20.5,21.5
1796.0,20.96108090984647,21.487854667745854,-5.000012184684419,21.0,0,-0.48785466774585373,21.413670425356823,20.5,21.5
1797.0,20.955888691227564,21.434460612412206,-5.0000068538880305,21.0,0,-0.4344606124122059,20.900520059075728,20.5,21.5
1798.0,20.95069751211854,21.34432981799425,-5.000003046173425,21.0,1,-0.3443298179942502,20.443021873814693,20.5,21.5
1799.0,20.965507372006883,21.32234762299363,-5.000000761543501,21.0,1,-0.32234762299362885,21.102525672987415,20.5,21.5
1800.0,20.980314270380173,21.218059526959273,7.0,21.0,1,-0.2180595269592729,20.175178566615713,20.5,21.5
1801.0,20.9975182075261,21.22553131455154,6.999999238456499,21.0,1,-0.22553131455153874,21.300249190474197,20.5,21.5
1802.0,21.014718703732285,21.244430779505752,6.999996953826575,21.0,1,-0.24443077950575187,21.433425429047883,20.5,21.5
1803.0,21.031915759382304,21.306701060085334,6.9999931461119695,21.0,0,-0.3067010600853344,21.92940386588116,20.5,21.5
1804.0,21.02910937485965,21.168213071920327,6.999987815315581,21.0,1,-0.1682130719203272,19.783333190270255,20.5,21.5
1805.0,21.04630355054774,21.261220892748106,6.999980961441469,21.0,0,-0.26122089274810634,22.191299101025898,20.5,21.5
1806.0,21.04349428602992,21.22151268529567,6.999972584494854,21.0,0,-0.22151268529567147,20.824430610771323,20.5,21.5
1807.0,21.040685581689612,21.221355304730306,6.999962684482114,21.0,0,-0.22135530473030585,21.21978149907665,20.5,21.5
1808.0,21.037877437110172,21.171548074874643,6.999951261410789,21.0,0,-0.17154807487464296,20.673475776318014,20.5,21.5
1809.0,21.035069851875033,21.29186233827361,6.9999383152895795,21.0,0,-0.2918623382736101,22.49500497226328,20.5,21.5
1810.0,21.032262825567717,21.16071462646762,6.999923846128342,21.0,1,-0.16071462646761958,19.849237508407715,20.5,21.5
1811.0,21.049456357771827,21.23029786781231,6.9999078539380974,21.0,0,-0.2302978678123111,21.926130281259226,20.5,21.5
1812.0,21.046646448071062,21.230612001354597,6.999890338731024,21.0,0,-0.23061200135459714,21.233753336777458,20.5,21.5
1813.0,21.043837096849195,21.249928991320587,6.999871300520461,21.0,0,-0.2499289913205871,21.443098890980487,20.5,21.5
1814.0,21.04102830368993,21.259591220298176,6.9998507393209035,21.0,0,-0.2595912202981765,21.35621351007407,20.5,21.5
1815.0,21.038220068177058,21.323586592915603,6.999828655148014,21.0,0,-0.32358659291560343,21.963540319089873,20.5,21.5
1816.0,21.035412389894454,21.264541260622867,6.999805048018608,21.0,0,-0.26454126062286676,20.6740879376955,20.5,21.5
1817.0,21.032605268426078,21.300520473705017,6.999779917950665,21.0,0,-0.3005204737050171,21.66031260452652,20.5,21.5
1818.0,21.029798703355983,21.312745021979755,6.999753264963321,21.0,0,-0.3127450219797545,21.43499050472713,20.5,21.5
1819.0,21.026992694268305,21.296459112202353,6.9997250890768745,21.0,0,-0.29645911220235277,21.133600014428335,20.5,21.5
1820.0,21.024187240747267,21.337557239963104,6.999695390312782,21.0,0,-0.33755723996310394,21.748538517570616,20.5,21.5
1821.0,21.02138234237718,21.413566552146342,6.999664168693662,21.0,0,-0.4135665521463423,22.173659673978726,20.5,21.5
1822.0,21.018577998742444,21.369357338501437,6.999631424243288,21.0,0,-0.3693573385014375,20.92726520205239,20.5,21.5
1823.0,21.015774209427544,21.407429889346794,6.999597156986599,21.0,0,-0.407429889346794,21.78815539780036,20.5,21.5
1824.0,21.012970974017055,21.437239843121894,6.999561366949691,21.0,0,-0.437239843121894,21.735339380872894,20.5,21.5
1825.0,21.010168292095642,21.450740403853054,6.999524054159818,21.0,0,-0.4507404038530538,21.58574601116465,20.5,21.5
1826.0,21.007366163248054,21.438535431626242,6.999485218645397,21.0,0,-0.4385354316262422,21.316485709358126,20.5,21.5
1827.0,21.004564587059132,21.407288265893406,6.999444860436001,21.0,0,-0.4072882658934063,21.094816608565047,20.5,21.5
1828.0,21.00176356311381,21.31841903062031,6.999402979562366,21.0,1,-0.3184190306203085,20.42972667788933,20.5,21.5
1829.0,21.018963090997097,21.30831797270208,6.999359576056387,21.0,1,-0.3083179727020813,21.20730739351981,20.5,21.5
1830.0,21.03615917029411,21.26508773524717,6.999314649951114,21.0,1,-0.265087735247171,20.832785360698068,20.5,21.5
1831.0,21.05335180139004,21.189617400785682,6.999268201280764,21.0,1,-0.18961740078568212,20.434914056170793,20.5,21.5
1832.0,21.070540984670018,21.309660601516306,6.9992202300807085,21.0,0,-0.30966060151630614,22.510092608822546,20.5,21.5
1833.0,21.0677267205191,21.33518511199943,6.999170736387479,21.0,0,-0.33518511199942935,21.59043021683066,20.5,21.5
1834.0,21.064913009322275,21.337436486891413,6.9991197202387685,21.0,0,-0.3374364868914128,21.359950235811247,20.5,21.5
1835.0,21.06209985066446,21.31416206803116,6.999067181673426,21.0,0,-0.314162068031159,21.08141787942862,20.5,21.5
1836.0,21.05928724413066,21.38170717961831,6.999013120731464,21.0,0,-0.38170717961831,22.05715829548982,20.5,21.5
1837.0,21.05647518930598,21.309568741403446,6.99895753745405,21.0,0,-0.3095687414034458,20.588184359254804,20.5,21.5
1838.0,21.05366368577561,21.37655744295406,6.998900431883515,21.0,0,-0.37655744295405924,22.046444458460194,20.5,21.5
1839.0,21.05085273312483,21.358985817125603,6.998841804063346,21.0,0,-0.3589858171256033,21.183269558841044,20.5,21.5
1840.0,21.04804233093902,21.303056623856442,6.998781654038192,21.0,0,-0.30305662385644183,20.743764691164827,20.5,21.5
1841.0,21.045232478803637,21.24415174806024,6.998719981853858,21.0,0,-0.24415174806023998,20.65510299009822,20.5,21.5
1842.0,21.042423176304247,21.21175750691087,6.998656787557312,21.0,0,-0.21175750691087103,20.88781509541718,20.5,21.5
1843.0,21.0396144230265,21.143649256643805,6.998592071196679,21.0,1,-0.1436492566438048,20.462566753973142,20.5,21.5
1844.0,21.056806218556133,21.233360950675724,6.998525832821242,21.0,0,-0.23336095067572415,22.130477890994918,20.5,21.5
1845.0,21.053994562478987,21.360271845889933,6.998458072481446,21.0,0,-0.3602718458899332,22.629380798032024,20.5,21.5
1846.0,21.051183455180986,21.400639711280228,6.998388790228892,21.0,0,-0.4006397112802276,21.80431836518317,20.5,21.5
1847.0,21.048372896247997,21.472455096106803,6.9983179861163425,21.0,0,-0.4724550961068026,22.190608944372553,20.5,21.5
1848.0,21.04556288526597,21.48828892195953,6.998245660197717,21.0,0,-0.4882889219595299,21.646627180486803,20.5,21.5
1849.0,21.042753421820954,21.38166624459425,6.998171812528096,21.0,1,-0.3816662445942498,20.31543947094145,20.5,21.5
1850.0,21.059944505499097,21.314207178706077,6.998096443163716,21.0,1,-0.3142071787060772,20.63961651982435,20.5,21.5
1851.0,21.07713213588663,21.275473966784688,6.998019552161975,21.0,1,-0.2754739667846877,20.888141847570793,20.5,21.5
1852.0,21.094316313369884,21.303646824203703,6.99794113958143,21.0,0,-0.30364682420370315,21.585375398393857,20.5,21.5
1853.0,21.091497038335127,21.303096068144715,6.997861205481794,21.0,0,-0.3030960681447148,21.29758850755483,20.5,21.5
1854.0,21.088678311168557,21.311139765559286,6.99777974992394,21.0,0,-0.311139765559286,21.391576739705,20.5,21.5
1855.0,21.085860131456307,21.22376219161537,6.997696772969901,21.0,1,-0.22376219161537136,20.349986452176225,20.5,21.5
1856.0,21.10304249878461,21.336129103571256,6.997612274682869,21.0,0,-0.33612910357125614,22.459798223130104,20.5,21.5
1857.0,21.10022141273979,21.35972277279824,6.997526255127189,21.0,0,-0.3597227727982393,21.59565946506807,20.5,21.5
1858.0,21.097400873708267,21.387374586168768,6.997438714368372,21.0,0,-0.3873745861687681,21.663892719874056,20.5,21.5
1859.0,21.0945808812764,21.435708061804878,6.997349652473083,21.0,0,-0.43570806180487764,21.919042818165973,20.5,21.5
1860.0,21.09176143503064,21.581238961013074,6.9972590695091474,21.0,0,-0.5812389610130744,23.03654795309504,20.5,21.5
1861.0,21.088942534557535,21.50516669775202,6.9971669655455475,21.0,0,-0.5051666977520206,20.744444065141483,20.5,21.5
1862.0,21.086124179443733,21.40291141215617,6.997073340652424,21.0,1,-0.4029114121561683,20.380358556197645,20.5,21.5
1863.0,21.103306369275973,21.37786316306411,6.996978194901076,21.0,1,-0.3778631630641094,21.12738067214352,20.5,21.5
1864.0,21.120485103641098,21.404063641326612,6.9968815283639625,21.0,0,-0.4040636413266121,21.66606842395164,20.5,21.5
1865.0,21.117660382926044,21.273166722426712,6.996783341114698,21.0,1,-0.273166722426712,19.96419753342771,20.5,21.5
1866.0,21.134836207517683,21.253732258160777,6.996683633228057,21.0,1,-0.2537322581607775,21.059387615501432,20.5,21.5
1867.0,21.152008577002825,21.329404857838405,6.996582404779971,21.0,0,-0.329404857838405,22.08613085461468,20.5,21.5
1868.0,21.14917749176838,21.40874327369475,6.996479655847531,21.0,0,-0.40874327369474983,22.202127432258198,20.5,21.5
1869.0,21.146346952201196,21.42052038872297,6.9963753865089835,21.0,0,-0.42052038872297004,21.538291539005172,20.5,21.5
1870.0,21.143516957888057,21.463401234187394,6.996269596843734,21.0,0,-0.4634012341873941,21.892209688831635,20.5,21.5
1871.0,21.140687508415848,21.5188270709449,6.996162286932347,21.0,0,-0.5188270709449014,22.073085438519975,20.5,21.5
1872.0,21.13785860337155,21.528241866697293,6.996053456856544,21.0,0,-0.528241866697293,21.62238982422121,20.5,21.5
1873.0,21.13503024234225,21.574211148862524,6.995943106699201,21.0,0,-0.5742111488625241,22.033903970514835,20.5,21.5
1874.0,21.13220242491512,21.494280553376235,6.995831236544358,21.0,0,-0.49428055337623533,20.694974598513348,20.5,21.5
1875.0,21.129375150677447,21.539991402986278,6.995717846477207,21.0,0,-0.5399914029862778,21.997099899086702,20.5,21.5
1876.0,21.126548419216608,21.539850206209486,6.9956029365841,21.0,0,-0.5398502062094863,21.53843823844157,20.5,21.5
1877.0,21.12372223012008,21.51539031747397,6.995486506952545,21.0,0,-0.5153903174739689,21.270791430118795,20.5,21.5
1878.0,21.120896582975448,21.36728144242657,6.995368557671211,21.0,1,-0.36728144242657024,19.886192691952584,20.5,21.5
1879.0,21.138071477370385,21.37750435809615,6.995249088829918,21.0,1,-0.3775043580961501,21.47973351479195,20.5,21.5
1880.0,21.155242912892678,21.396084890755777,6.995128100519649,21.0,0,-0.3960848907557768,21.581890217352043,20.5,21.5
1881.0,21.152410889930202,21.384140357243147,6.99500559283254,21.0,0,-0.38414035724314743,21.264695022116854,20.5,21.5
1882.0,21.149579408870782,21.309914544913614,6.994881565861888,21.0,0,-0.3099145449136138,20.567656421618278,20.5,21.5
1883.0,21.14674846930218,21.413133505899204,6.994756019702144,21.0,0,-0.4131335058992036,22.4453231157551,20.5,21.5
1884.0,21.143918070812262,21.415750982078887,6.994628954448916,21.0,0,-0.4157509820788867,21.441925743875718,20.5,21.5
1885.0,21.14108821298899,21.354858097067485,6.994500370198971,21.0,0,-0.35485809706748483,20.745929246953466,20.5,21.5
1886.0,21.13825889542043,21.319314461297388,6.994370267050232,21.0,0,-0.31931446129738816,20.96387810359642,20.5,21.5
1887.0,21.135430117694757,21.39943054054465,6.994238645101776,21.0,0,-0.39943054054464966,22.200591333017265,20.5,21.5
1888.0,21.132601879400237,21.366812147264685,6.994105504453841,21.0,0,-0.36681214726468525,21.04062821446504,20.5,21.5
1889.0,21.12977418012525,21.37113688776762,6.9939708452078175,21.0,0,-0.37113688776761933,21.41438429279696,20.5,21.5
1890.0,21.126947019458267,21.322094822596817,6.993834667466256,21.0,0,-0.3220948225968172,20.831674170888796,20.5,21.5
1891.0,21.12412039698787,21.327626067811458,6.993696971332861,21.0,0,-0.3276260678114582,21.382938519957868,20.5,21.5
1892.0,21.121294312302737,21.288474583453883,6.9935577569124945,21.0,0,-0.2884745834538833,20.896959739878135,20.5,21.5
1893.0,21.118468764991658,21.26701223445648,6.9934170243111735,21.0,0,-0.26701223445648026,21.05238874448245,20.5,21.5
1894.0,21.11564375464352,21.259394035371194,6.993274773636073,21.0,0,-0.2593940353711943,21.183212044518335,20.5,21.5
1895.0,21.11281928084732,21.368751110654202,6.993131004995523,21.0,0,-0.36875111065420185,22.462321863484277,20.5,21.5
1896.0,21.10999534319215,21.42530171832106,6.992985718499009,21.0,0,-0.4253017183210588,21.990807794989628,20.5,21.5
1897.0,21.10717194126721,21.450496937482683,6.992838914257173,21.0,0,-0.4504969374826828,21.702449129098923,20.5,21.5
1898.0,21.10434907466181,21.423696322689345,6.992690592381813,21.0,0,-0.4236963226893451,21.155690174755968,20.5,21.5
1899.0,21.10152674296535,21.48265428276728,6.9925407529858825,21.0,0,-0.48265428276728173,22.072233883546648,20.5,21.5
1900.0,21.098704945767356,21.40658235294395,6.992389396183491,21.0,0,-0.40658235294394984,20.64586305471063,20.5,21.5
1901.0,21.09588368265744,21.34525319860503,6.992236522089903,21.0,0,-0.3452531986050289,20.73196165521582,20.5,21.5
1902.0,21.093062953225328,21.31826836938162,6.992082130821539,21.0,0,-0.3182683693816202,21.048420077147533,20.5,21.5
1903.0,21.090242757060846,21.35814402182292,6.991926222495975,21.0,0,-0.3581440218229197,21.756900546235915,20.5,21.5
1904.0,21.087423093753934,21.276013303461685,6.9917687972319404,21.0,1,-0.27601330346168496,20.454706119849337,20.5,21.5
1905.0,21.10460396289463,21.343623564964545,6.991609855149323,21.0,0,-0.3436235649645454,22.01972617999315,20.5,21.5
1906.0,21.10178136407308,21.363247114305818,6.991449396369164,21.0,0,-0.3632471143058176,21.55948260771854,20.5,21.5
1907.0,21.09895929767954,21.381000405115493,6.991287421013659,21.0,0,-0.3810004051154934,21.55853331321225,20.5,21.5
1908.0,21.096137763304206,21.411605971918362,6.99112392920616,21.0,0,-0.41160597191836246,21.717661639947053,20.5,21.5
1909.0,21.093316760537387,21.425415008420785,6.990958921071172,21.0,0,-0.42541500842078506,21.56350537344501,20.5,21.5
1910.0,21.090496288969494,21.356278997330474,6.990792396734358,21.0,0,-0.35627899733047386,20.664918886427362,20.5,21.5
1911.0,21.087676348191046,21.39307486069759,6.990624356322531,21.0,0,-0.39307486069758824,21.761033494368732,20.5,21.5
1912.0,21.084856937792672,21.402259051688063,6.990454799963662,21.0,0,-0.40225905168806264,21.494100961592807,20.5,21.5
1913.0,21.082038057365107,21.44318385609006,6.990283727786877,21.0,0,-0.4431838560900587,21.85243190011002,20.5,21.5
1914.0,21.07921970649919,21.499603837061038,6.990111139922453,21.0,0,-0.49960383706103784,22.06380364677083,20.5,21.5
1915.0,21.076401884785877,21.587022339771032,6.989937036501823,21.0,0,-0.5870223397710319,22.461207366870973,20.5,21.5
1916.0,21.07358459181622,21.63736822407119,6.989761417657577,21.0,0,-0.6373682240711886,22.140827067072756,20.5,21.5
1917.0,21.07076782718139,21.600564230664336,6.9895842835234525,21.0,0,-0.600564230664336,21.23252429659581,20.5,21.5
1918.0,21.067951590472656,21.622470043992816,6.989405634234348,21.0,0,-0.6224700439928164,21.84152817727762,20.5,21.5
1919.0,21.06513588128141,21.612412168214956,6.989225469926312,21.0,0,-0.6124121682149557,21.51183341043635,20.5,21.5
1920.0,21.06232069919914,21.601142230454872,6.989043790736547,21.0,0,-0.6011422304548724,21.48844285285404,20.5,21.5
1921.0,21.05950604381745,21.499059829020585,6.988860596803409,21.0,1,-0.49905982902058454,20.478235814677706,20.5,21.5
1922.0,21.07669191472805,21.49438370239271,6.9886758882664095,21.0,1,-0.49438370239271023,21.447622436113967,20.5,21.5
1923.0,21.093874311522757,21.349772345903613,6.988489665266211,21.0,1,-0.34977234590361306,19.90365878101264,20.5,21.5
1924.0,21.111053234593506,21.371804225940515,6.988301927944631,21.0,0,-0.3718042259405152,21.592123026309537,20.5,21.5
1925.0,21.108228684332175,21.354138156335186,6.988112676444639,21.0,0,-0.3541381563351855,21.17747746028189,20.5,21.5
1926.0,21.1054046611306,21.382085455678343,6.98792191091036,21.0,0,-0.38208545567834307,21.66155844910992,20.5,21.5
1927.0,21.102581164580556,21.32737228149194,6.987729631487068,21.0,0,-0.32737228149193953,20.780240539627904,20.5,21.5
1928.0,21.09975819427394,21.347851866918212,6.987535838321193,21.0,0,-0.34785186691821224,21.55264772118094,20.5,21.5
1929.0,21.09693574980275,21.29393452502815,6.987340531560317,21.0,0,-0.2939345250281491,20.754761106127518,20.5,21.5
1930.0,21.094113830759103,21.272349135739166,6.987143711353175,21.0,0,-0.27234913573916586,21.056495242849333,20.5,21.5
1931.0,21.09129243673522,21.24210368071089,6.986945377849654,21.0,0,-0.2421036807108905,20.939649130428137,20.5,21.5
1932.0,21.08847156732344,21.365949017479572,6.986745531200793,21.0,0,-0.3659490174795721,22.604402385166388,20.5,21.5
1933.0,21.085651222116216,21.378921280798714,6.986544171558784,21.0,0,-0.3789212807987141,21.508643913990134,20.5,21.5
1934.0,21.082831400706105,21.36879270036801,6.986341299076972,21.0,0,-0.3687927003680116,21.267506896060986,20.5,21.5
1935.0,21.080012102685778,21.46074030514571,6.986136913909853,21.0,0,-0.4607403051457091,22.380216352922684,20.5,21.5
1936.0,21.077193327648022,21.501220887016405,6.985931016213074,21.0,0,-0.5012208870164052,21.906026705723367,20.5,21.5
1937.0,21.074375075185735,21.502080205984758,6.985723606143436,21.0,0,-0.5020802059847576,21.51067339566828,20.5,21.5
1938.0,21.071557344891925,21.547918971232406,6.9855146838588915,21.0,0,-0.5479189712324057,22.006306623708888,20.5,21.5
1939.0,21.068740136359718,21.449368204444006,6.985304249518542,21.0,1,-0.4493682044440064,20.463860536560013,20.5,21.5
1940.0,21.08592344918235,21.390726505744773,6.985092303282644,21.0,1,-0.3907265057447731,20.80430951875244,20.5,21.5
1941.0,21.10310328295317,21.35061399283754,6.984878845312603,21.0,1,-0.35061399283754113,20.94948886376522,20.5,21.5
1942.0,21.120279638065643,21.28669579171398,6.984663875770977,21.0,1,-0.2866957917139814,20.647513780478384,20.5,21.5
1943.0,21.137452514913186,21.342831461625906,6.9844473948214745,21.0,0,-0.34283146162590583,21.90418816074515,20.5,21.5
1944.0,21.134621913889166,21.471851729090222,6.984229402628956,21.0,0,-0.471851729090222,22.762054403733384,20.5,21.5
1945.0,21.131791835386913,21.422908150250315,6.98400989935943,21.0,0,-0.4229081502503149,20.933472361851244,20.5,21.5
1946.0,21.12896227899971,21.43423378017673,6.98378888518006,21.0,0,-0.4342337801767293,21.547490079440873,20.5,21.5
1947.0,21.126133244320943,21.47841775575868,6.983566360259156,21.0,0,-0.47841775575868084,21.920257511578196,20.5,21.5
1948.0,21.12330473094413,21.330906403804406,6.9833423247661806,21.0,1,-0.3309064038044056,19.855792884261653,20.5,21.5
1949.0,21.140476738462894,21.28575674683032,6.983116778871748,21.0,1,-0.2857567468303195,20.834260177089458,20.5,21.5
1950.0,21.157645266470976,21.35561876173024,6.982889722747621,21.0,0,-0.3556187617302413,22.05423891072946,20.5,21.5
1951.0,21.15481031536223,21.44002889900289,6.982661156566712,21.0,0,-0.4400288990028898,22.284130271729374,20.5,21.5
1952.0,21.151975885530472,21.43090603034769,6.982431080503083,21.0,0,-0.43090603034768904,21.33967734379568,20.5,21.5
1953.0,21.149141976569467,21.50945510580031,6.982199494731949,21.0,0,-0.5094551058003098,22.294945860326518,20.5,21.5
1954.0,21.1463085880731,21.54308210716909,6.981966399429672,21.0,0,-0.5430821071690914,21.879352120856908,20.5,21.5
1955.0,21.143475719635372,21.52608742017762,6.981731794773765,21.0,0,-0.5260874201776211,21.356140550262918,20.5,21.5
1956.0,21.1406433708504,21.441113902727615,6.981495680942887,21.0,0,-0.44111390272761497,20.591378728227554,20.5,21.5
1957.0,21.137811541312416,21.463775636060234,6.981258058116851,21.0,0,-0.46377563606023386,21.690392969386423,20.5,21.5
1958.0,21.134980230615778,21.43117826767859,6.981018926476618,21.0,0,-0.4311782676785896,21.105204583862147,20.5,21.5
1959.0,21.13214943835495,21.445274573349092,6.980778286204295,21.0,0,-0.44527457334909215,21.586237630054118,20.5,21.5
1960.0,21.12931916412452,21.387106541729537,6.98053613748314,21.0,0,-0.38710654172953696,20.805426225533985,20.5,21.5
1961.0,21.12648940751919,21.44290195718059,6.980292480497562,21.0,0,-0.44290195718059167,22.00085611169114,20.5,21.5
1962.0,21.123660168133785,21.34708965409681,6.980047315433115,21.0,1,-0.34708965409680914,20.388966623258984,20.5,21.5
1963.0,21.140831445563244,21.368463696921435,6.979800642476503,21.0,0,-0.36846369692143455,21.58220412516769,20.5,21.5
1964.0,21.137999239402625,21.344507291497298,6.979552461815578,21.0,0,-0.34450729149729753,21.104943237255927,20.5,21.5
1965.0,21.135167550047107,21.391735188417474,6.979302773639341,21.0,0,-0.39173518841747423,21.86401415761924,20.5,21.5
1966.0,21.132336377091825,21.368727493397035,6.979051578137939,21.0,0,-0.36872749339703503,21.138650543192643,20.5,21.5
1967.0,21.129505720132034,21.408086458344805,6.97879887550267,21.0,0,-0.4080864583448047,21.8016761078225,20.5,21.5
1968.0,21.12667557876311,21.492406593752442,6.978544665925977,21.0,0,-0.4924065937524418,22.335607947828812,20.5,21.5
1969.0,21.12384595258054,21.578432565991115,6.978288949601452,21.0,0,-0.5784325659911147,22.438692288377844,20.5,21.5
1970.0,21.121016841179944,21.54676272387633,6.978031726723834,21.0,0,-0.5467627238763306,21.23006430272849,20.5,21.5
1971.0,21.118188244157054,21.504794768831097,6.9777729974890095,21.0,0,-0.504794768831097,21.08511521837876,20.5,21.5
1972.0,21.11536016110772,21.483820438119114,6.977512762094012,21.0,0,-0.483820438119114,21.274077130999284,20.5,21.5
1973.0,21.112532591627918,21.332040700168193,6.977251020737022,21.0,1,-0.33204070016819287,19.81424332065898,20.5,21.5
1974.0,21.12970553531374,21.255317856625297,6.976987773617367,21.0,1,-0.2553178566252967,20.488089421196335,20.5,21.5
1975.0,21.1468749917614,21.294530606331193,6.9767230209355215,21.0,0,-0.2945306063311932,21.686658103390158,20.5,21.5
1976.0,21.144040961367235,21.273735221665863,6.976456762893106,21.0,0,-0.27373522166586284,21.06578137501256,20.5,21.5
1977.0,21.14120744452754,21.334871272910007,6.976188999692887,21.0,0,-0.3348712729100072,21.94623178535145,20.5,21.5
1978.0,21.138374440838575,21.380570710249255,6.975919731538778,21.0,0,-0.3805707102492555,21.83756508364174,20.5,21.5
1979.0,21.135541949896716,21.37015715687003,6.975648958635839,21.0,0,-0.3701571568700288,21.266021623077762,20.5,21.5
1980.0,21.132709971298464,21.359260434816083,6.9753766811902755,21.0,0,-0.3592604348160826,21.25029321427662,20.5,21.5
1981.0,21.12987850464044,21.391744530561464,6.975102899409437,21.0,0,-0.3917445305614642,21.71658548801528,20.5,21.5
1982.0,21.127047549519396,21.397600816054457,6.974827613501823,21.0,0,-0.39760081605445663,21.45616367098438,20.5,21.5
1983.0,21.124217105532193,21.35747078399809,6.974550823677073,21.0,0,-0.35747078399808885,20.95617046343441,20.5,21.5
1984.0,21.12138717227582,21.365202160164557,6.974272530145976,21.0,0,-0.3652021601645572,21.44251592182924,20.5,21.5
1985.0,21.118557749347396,21.315512186503398,6.973992733120464,21.0,0,-0.31551218650339763,20.818612449891802,20.5,21.5
1986.0,21.11572883634415,21.34436781744322,6.973711432813614,21.0,0,-0.34436781744322076,21.632924126841452,20.5,21.5
1987.0,21.112900432863444,21.368051834786407,6.973428629439651,21.0,0,-0.3680518347864066,21.604892008218265,20.5,21.5
1988.0,21.11007253850276,21.482019941660646,6.973144323213939,21.0,0,-0.48201994166064566,22.621701010403036,20.5,21.5
1989.0,21.1072451528597,21.50680146527771,6.972858514352991,21.0,0,-0.5068014652777109,21.754616701448363,20.5,21.5
1990.0,21.104418275531998,21.582693968653295,6.972571203074462,21.0,0,-0.5826939686532953,22.34161900240914,20.5,21.5
1991.0,21.101591906117505,21.54856677946453,6.972282389597154,21.0,0,-0.5485667794645295,21.20729488757687,20.5,21.5
1992.0,21.0987660442142,21.514931517086538,6.97199207414101,21.0,0,-0.5149315170865378,21.17857889330662,20.5,21.5
1993.0,21.095940689420186,21.362530039836333,6.971700256927117,21.0,1,-0.3625300398363329,19.838515267334284,20.5,21.5
1994.0,21.113115841333688,21.403750459318086,6.971406938177707,21.0,0,-0.4037504593180863,21.81595465413562,20.5,21.5
1995.0,21.110287499553056,21.377055786834074,6.971112118116156,21.0,0,-0.3770557868340738,21.11010906199395,20.5,21.5
1996.0,21.107459664476767,21.34536558006961,6.97081579696698,21.0,0,-0.34536558006961116,21.028463512424985,20.5,21.5
1997.0,21.104632335703265,21.361819316710054,6.970517974955843,21.0,0,-0.3618193167100543,21.526356683114486,20.5,21.5
1998.0,21.101805512831117,21.45603884564496,6.970218652309548,21.0,0,-0.45603884564496155,22.398234134994034,20.5,21.5
1999.0,21.098979195459012,21.37281032000083,6.969917829256042,21.0,0,-0.3728103200008306,20.54052506355952,20.5,21.5
2000.0,21.096153383185772,21.320945660687617,6.969615506024416,21.0,0,-0.32094566068761665,20.802299067555477,20.5,21.5
2001.0,21.09332807561034,21.393396990637044,6.969311682844902,21.0,0,-0.3933969906370436,22.117910290131313,20.5,21.5
2002.0,21.090503272331787,21.42913603388948,6.969006359948873,21.0,0,-0.4291360338894812,21.786526466413857,20.5,21.5
2003.0,21.08767897294931,21.46750102664425,6.968699537568848,21.0,0,-0.46750102664424986,21.851150954191937,20.5,21.5
2004.0,21.084855177062234,21.44669151338784,6.9683912159384835,21.0,0,-0.4466915133878402,21.238596380823743,20.5,21.5
2005.0,21.08203188427001,21.476046827014184,6.9680813952925815,21.0,0,-0.47604682701418355,21.769599963277617,20.5,21.5
2006.0,21.079209094172214,21.430840881856643,6.967770075867083,21.0,0,-0.4308408818566427,20.978781430281234,20.5,21.5
2007.0,21.076386806368554,21.38636014191785,6.967457257899071,21.0,0,-0.3863601419178515,20.94155274252994,20.5,21.5
2008.0,21.073565020458858,21.359087230082203,6.967142941626772,21.0,0,-0.3590872300822028,21.086358111725716,20.5,21.5
2009.0,21.07074373604309,21.3515773775612,6.966827127289549,21.0,0,-0.351577377561199,21.27647885235116,20.5,21.5
2010.0,21.06792295272134,21.345456661526153,6.9665098151279095,21.0,0,-0.3454566615261534,21.284249501175697,20.5,21.5
2011.0,21.06510267009382,21.341947195174903,6.9661910053835,21.0,0,-0.34194719517490313,21.3068525316624,20.5,21.5
2012.0,21.06228288776088,21.31616713674699,6.965870698299108,21.0,0,-0.3161671367469907,21.058366552467866,20.5,21.5
2013.0,21.059463605322986,21.388507976259124,6.965548894118663,21.0,0,-0.3885079762591239,22.111916371380456,20.5,21.5
2014.0,21.056644822380743,21.368115238422693,6.96522559308723,21.0,0,-0.36811523842269267,21.16418786005838,20.5,21.5
2015.0,21.053826538534885,21.3213081641807,6.964900795451019,21.0,0,-0.3213081641806994,20.853237421760767,20.5,21.5
2016.0,21.051008753386267,21.359858054606466,6.964574501457378,21.0,0,-0.359858054606466,21.745356958864132,20.5,21.5
2017.0,21.04819146653588,21.37355190426255,6.964246711354791,21.0,0,-0.37355190426254836,21.51049040082337,20.5,21.5
2018.0,21.045374677584842,21.348637109044336,6.9639174253928875,21.0,0,-0.3486371090443363,21.099489156862216,20.5,21.5
2019.0,21.042558386134402,21.4640844033296,6.963586643822431,21.0,0,-0.46408440332960055,22.618557346182243,20.5,21.5
2020.0,21.03974259178594,21.531392343929582,6.9632543668953275,21.0,0,-0.531392343929582,22.204471749929397,20.5,21.5
2021.0,21.036927294140963,21.482001510648097,6.96292059486462,21.0,0,-0.4820015106480966,20.988093177833242,20.5,21.5
2022.0,21.034112492801107,21.385978658410394,6.96258532798449,21.0,1,-0.38597865841039436,20.425750136033372,20.5,21.5
2023.0,21.051298187368143,21.311228185305225,6.962248566510258,21.0,1,-0.3112281853052252,20.563723454253534,20.5,21.5
2024.0,21.068480377443972,21.201887251797274,6.961910310698383,21.0,1,-0.20188725179727385,20.10847791671776,20.5,21.5
2025.0,21.085659063430622,21.215592209282832,6.961570560806461,21.0,1,-0.21559220928283196,21.352641784138413,20.5,21.5
2026.0,21.102834245730097,21.245350533475197,6.961229317093226,21.0,0,-0.24535053347519664,21.542933775398843,20.5,21.5
2027.0,21.10000592474437,21.410153919549145,6.960886579818551,21.0,0,-0.4101539195491455,23.058187780288634,20.5,21.5
2028.0,21.097178100875386,21.467289386948163,6.960542349243443,21.0,0,-0.46728938694816335,22.038644060938342,20.5,21.5
2029.0,21.094350773725058,21.521754611111742,6.9601966256300525,21.0,0,-0.5217546111117422,22.06640685274753,20.5,21.5
2030.0,21.09152394289544,21.511771008441723,6.959849409241659,21.0,0,-0.5117710084417233,21.411934981741535,20.5,21.5
2031.0,21.088697607988706,21.466832761408334,6.959500700342685,21.0,0,-0.46683276140833385,21.01745029107444,20.5,21.5
2032.0,21.085871768607177,21.349866755604175,6.959150499198688,21.0,1,-0.34986675560417524,20.18020669756259,20.5,21.5
2033.0,21.103046424353295,21.35249475216299,6.95879880607636,21.0,1,-0.35249475216298976,21.378774717751135,20.5,21.5
2034.0,21.12021757482964,21.413455439728125,6.9584456212435315,21.0,0,-0.41345543972812493,22.023062315379477,20.5,21.5
2035.0,21.117385220438923,21.429912339970475,6.958090944969168,21.0,0,-0.42991233997047473,21.594481342393973,20.5,21.5
2036.0,21.11455336158383,21.484498630954818,6.95773477752337,21.0,0,-0.4844986309548176,22.030361540798246,20.5,21.5
2037.0,21.11172199786702,21.61108371432485,6.957377119177376,21.0,0,-0.6110837143248489,22.87693454802516,20.5,21.5
2038.0,21.10889112889128,21.569326397325952,6.957017970203557,21.0,0,-0.5693263973259519,21.151753227336982,20.5,21.5
2039.0,21.10606075425954,21.52764638829629,6.956657330875421,21.0,0,-0.5276463882962901,21.11084629799967,20.5,21.5
2040.0,21.103230873574866,21.4719050556171,6.956295201467611,21.0,0,-0.47190505561709983,20.914491728825197,20.5,21.5
2041.0,21.100401486440443,21.42462405509253,6.9559315822559045,21.0,0,-0.4246240550925293,20.951814049846824,20.5,21.5
2042.0,21.097572592459606,21.269398796820965,6.955566473517212,21.0,1,-0.26939879682096546,19.717146214105327,20.5,21.5
2043.0,21.11474419123582,21.223071713723524,6.955199875529582,21.0,1,-0.22307171372352386,20.759800882749108,20.5,21.5
2044.0,21.131912282372678,21.218656708207643,6.954831788572192,21.0,1,-0.21865670820764294,21.174506653048834,20.5,21.5
2045.0,21.14907686627392,21.261645116614616,6.954462212925358,21.0,0,-0.2616451166146163,21.69152920068435,20.5,21.5
2046.0,21.146237943343248,21.323533906133186,6.9540911488705275,21.0,0,-0.32353390613318567,21.94242180131888,20.5,21.5
2047.0,21.143399513984352,21.357720470738894,6.9537185966902815,21.0,0,-0.3577204707388937,21.699586116795974,20.5,21.5
2048.0,21.140561577800895,21.38433086043181,6.953344556668336,21.0,0,-0.38433086043180964,21.65043475736097,20.5,21.5
2049.0,21.13772413439667,21.377851815717086,6.952969029089537,21.0,0,-0.3778518157170865,21.313061368569855,20.5,21.5
2050.0,21.134887183375607,21.414936232466875,6.952592014239867,21.0,0,-0.41493623246687505,21.78578039996476,20.5,21.5
2051.0,21.13205072434178,21.391840240885166,6.952213512406438,21.0,0,-0.3918402408851662,21.160880325068078,20.5,21.5
2052.0,21.129214756899394,21.44877582684623,6.951833523877495,21.0,0,-0.4487758268462301,22.01813168645687,20.5,21.5
2053.0,21.126379280652788,21.461229936091108,6.951452048942417,21.0,0,-0.4612299360911081,21.585771028539888,20.5,21.5
2054.0,21.123544295206447,21.49576288380011,6.951069087891713,21.0,0,-0.49576288380011135,21.841092360890144,20.5,21.5
2055.0,21.120709800164985,21.438460398053763,6.950684641017025,21.0,0,-0.43846039805376336,20.865435540590283,20.5,21.5
2056.0,21.117875795133155,21.47967444693903,6.950298708611126,21.0,0,-0.47967444693902905,21.891814935791686,20.5,21.5
2057.0,21.11504227971585,21.438939053245246,6.949911290967921,21.0,0,-0.43893905324524596,21.031585116307415,20.5,21.5
2058.0,21.112209253518103,21.419541477698242,6.9495223883824435,21.0,0,-0.41954147769824246,21.225565722228207,20.5,21.5
2059.0,21.109376716145075,21.35777184938383,6.949132001150861,21.0,0,-0.35777184938383044,20.74007556623971,20.5,21.5
2060.0,21.106544667202076,21.337480433505412,6.948740129570471,21.0,0,-0.33748043350541224,21.13456627472123,20.5,21.5
2061.0,21.10371310629455,21.348754157569985,6.948346773939699,21.0,0,-0.34875415756998507,21.461491398215713,20.5,21.5
2062.0,21.10088203302808,21.366901317501807,6.947951934558104,21.0,0,-0.36690131750180655,21.54837291682002,20.5,21.5
2063.0,21.098051447008384,21.418968465971556,6.947555611726371,21.0,0,-0.418968465971556,21.93963995066905,20.5,21.5
2064.0,21.095221347841328,21.371581428373975,6.94715780574632,21.0,0,-0.37158142837397534,20.89771105239817,20.5,21.5
2065.0,21.09239173513291,21.378258113429222,6.946758516920897,21.0,0,-0.3782581134292222,21.44502496398169,20.5,21.5
2066.0,21.089562608489267,21.325572603587283,6.9463577455541765,21.0,0,-0.32557260358728257,20.798717505167886,20.5,21.5
2067.0,21.08673396751668,21.366946517736054,6.945955491951364,21.0,0,-0.3669465177360536,21.780685659223764,20.5,21.5
2068.0,21.083905811821566,21.390546878557608,6.945551756418793,21.0,0,-0.3905468785576076,21.626550486773148,20.5,21.5
2069.0,21.081078141010487,21.435685197282805,6.945146539263926,21.0,0,-0.43568519728280464,21.887068384534775,20.5,21.5
2070.0,21.078250954690137,21.478936769468994,6.944739840795354,21.0,0,-0.47893676946899433,21.91145249133089,20.5,21.5
2071.0,21.075424252467357,21.476348470350317,6.944331661322793,21.0,0,-0.4763484703503167,21.45046547916354,20.5,21.5
2072.0,21.072598033949127,21.478428131414535,6.943922001157093,21.0,0,-0.47842813141453533,21.49922474205672,20.5,21.5
2073.0,21.069772298742567,21.39189598481529,6.943510860610225,21.0,0,-0.39189598481528876,20.526574518822823,20.5,21.5
2074.0,21.066947046454942,21.42674220695227,6.943098239995292,21.0,0,-0.4267422069522695,21.775204428322077,20.5,21.5
2075.0,21.06412227669365,21.384957607943953,6.942684139626523,21.0,0,-0.38495760794395295,20.967111617860787,20.5,21.5
2076.0,21.061297989066237,21.403331688630352,6.942268559819272,21.0,0,-0.4033316886303524,21.587072495494347,20.5,21.5
2077.0,21.058474183180387,21.42702762434947,6.941851500890023,21.0,0,-0.4270276243494706,21.663986981540653,20.5,21.5
2078.0,21.05565085864393,21.476017573421238,6.941432963156382,21.0,0,-0.4760175734212382,21.965917064138914,20.5,21.5
2079.0,21.052828015064833,21.39872741971724,6.941012946937085,21.0,0,-0.3987274197172397,20.625825882677255,20.5,21.5
2080.0,21.050005652051208,21.349727965655873,6.940591452551993,21.0,0,-0.34972796565587316,20.859733425042208,20.5,21.5
2081.0,21.04718376921131,21.323426074630127,6.940168480322092,21.0,0,-0.3234260746301274,21.06040716437267,20.5,21.5
2082.0,21.044362366153532,21.267929547836,6.939744030569494,21.0,0,-0.2679295478360011,20.712964279894738,20.5,21.5
2083.0,21.041541442486416,21.232010020502194,6.939318103617435,21.0,0,-0.23201002050219444,20.872814747164128,20.5,21.5
2084.0,21.038720997818643,21.31405073216468,6.938890699790278,21.0,0,-0.3140507321646808,22.134457848789545,20.5,21.5
2085.0,21.03590103175904,21.379494800256538,6.938461819413509,21.0,0,-0.3794948002565377,22.033935481175106,20.5,21.5
2086.0,21.03308154391657,21.40734152452735,6.938031462813739,21.0,0,-0.4073415245273502,21.685808767235475,20.5,21.5
2087.0,21.03026253390035,21.425371200745708,6.9375996303187035,21.0,0,-0.4253712007457082,21.60566796292929,20.5,21.5
2088.0,21.027444001319633,21.450464357380778,6.937166322257262,21.0,0,-0.4504643573807776,21.70139592373147,20.5,21.5
2089.0,21.02462594578382,21.451826881823596,6.936731538959397,21.0,0,-0.451826881823596,21.46545212625178,20.5,21.5
2090.0,21.021808366902455,21.487243028393827,6.936295280756216,21.0,0,-0.48724302839382716,21.84140449409614,20.5,21.5
2091.0,21.018991264285226,21.469688161189918,6.935857547979946,21.0,0,-0.46968816118991796,21.294139489150826,20.5,21.5
2092.0,21.016174637541965,21.408000409472276,6.935418340963943,21.0,0,-0.408000409472276,20.791122892295856,20.5,21.5
2093.0,21.013358486282648,21.324353601711596,6.934977660042679,21.0,1,-0.32435360171159644,20.4878855241048,20.5,21.5
2094.0,21.0305428101174,21.328270546304772,6.934535505551754,21.0,1,-0.3282705463047719,21.367439992236527,20.5,21.5
2095.0,21.047723608656487,21.312981536234275,6.934091877827886,21.0,1,-0.3129815362342754,21.16009143552931,20.5,21.5
2096.0,21.064900882310322,21.29087531468081,6.933646777208919,21.0,1,-0.29087531468081096,21.069813099146167,20.5,21.5
2097.0,21.082074631489302,21.325410343941513,6.933200204033815,21.0,0,-0.32541034394151325,21.670760636548536,20.5,21.5
2098.0,21.07924485660381,21.368199395476104,6.932752158642659,21.0,0,-0.36819939547610403,21.796089910822012,20.5,21.5
2099.0,21.07641555806422,21.34138507502366,6.932302641376657,21.0,0,-0.3413850750236591,21.07324187049921,20.5,21.5
2100.0,21.07358673548088,21.294381921471395,6.931851652578136,21.0,0,-0.29438192147139475,20.82435038594875,20.5,21.5
2101.0,21.0707583884643,21.330658289020533,6.931399192590545,21.0,0,-0.3306582890205334,21.69342196451192,20.5,21.5
2102.0,21.067930516625125,21.25918606830829,6.93094526175845,21.0,0,-0.2591860683082885,20.54446386118584,20.5,21.5
2103.0,21.065103119574154,21.255829646624363,6.9304898604275404,21.0,0,-0.25582964662436325,21.22226542978511,20.5,21.5
2104.0,21.062276196922326,21.243571455876037,6.930032988944623,21.0,0,-0.24357145587603668,21.12098954839277,20.5,21.5
2105.0,21.05944974828073,21.226066056400263,6.929574647657626,21.0,0,-0.22606605640026345,21.05101206164253,20.5,21.5
2106.0,21.056623773260608,21.232644447507425,6.929114836915597,21.0,0,-0.2326444475074254,21.298428358579045,20.5,21.5
2107.0,21.05379827147334,21.325676494789327,6.928653557068699,21.0,0,-0.32567649478932736,22.255996967608347,20.5,21.5
2108.0,21.05097324253046,21.3942438693119,6.92819080846822,21.0,0,-0.39424386931190014,22.079917614537628,20.5,21.5
2109.0,21.04814868604365,21.433174863399433,6.927726591466562,21.0,0,-0.433174863399433,21.82248480427476,20.5,21.5
2110.0,21.045324601624735,21.444646064400814,6.927260906417246,21.0,0,-0.4446460644008141,21.559358074414625,20.5,21.5
2111.0,21.042500988885692,21.406029434584944,6.926793753674912,21.0,0,-0.4060294345849442,21.019863136426245,20.5,21.5
2112.0,21.03967784743865,21.409757273408296,6.926325133595316,21.0,0,-0.40975727340829593,21.447035661641813,20.5,21.5
2113.0,21.03685517689588,21.329281038798758,6.925855046535334,21.0,0,-0.3292810387987579,20.524518692703378,20.5,21.5
2114.0,21.03403297686981,21.240763106105558,6.925383492852958,21.0,1,-0.2407631061055575,20.355583779173553,20.5,21.5
2115.0,21.051211246973008,21.285939618348596,6.924910472907294,21.0,0,-0.28593961834859627,21.737704740778984,20.5,21.5
2116.0,21.048385986818193,21.25489977796985,6.924435987058571,21.0,0,-0.2548997779698503,20.94450137418239,20.5,21.5
2117.0,21.04556119681824,21.176293881952326,6.923960035668127,21.0,1,-0.17629388195232565,20.39023492177708,20.5,21.5
2118.0,21.062736876586012,21.267023877204785,6.923482619098422,21.0,0,-0.26702387720478526,22.17432382972938,20.5,21.5
2119.0,21.059909025734516,21.33782360033053,6.92300373771303,21.0,0,-0.3378236003305304,22.04582083158798,20.5,21.5
2120.0,21.057081644676913,21.428551021776958,6.922523391876638,21.0,0,-0.4285510217769577,22.33582523624123,20.5,21.5
2121.0,21.054254733026355,21.502429754937076,6.922041581955051,21.0,0,-0.5024297549370758,22.241217086538256,20.5,21.5
2122.0,21.05142829039614,21.57970934818282,6.921558308315188,21.0,0,-0.5797093481828206,22.35250528064027,20.5,21.5
2123.0,21.048602316399723,21.56916794522744,6.921073571325084,21.0,0,-0.5691679452274414,21.46375391567365,20.5,21.5
2124.0,21.045776810650707,21.50549544075836,6.920587371353886,21.0,0,-0.5054954407583594,20.86877039606754,20.5,21.5
2125.0,21.042951772762848,21.410534536470163,6.920099708771858,21.0,1,-0.4105345364701627,20.460925493588196,20.5,21.5
2126.0,21.06012720235005,21.417350651473544,6.919610583950374,21.0,1,-0.41735065147354433,21.48551180150736,20.5,21.5
2127.0,21.07729909902637,21.442716033443244,6.919119997261925,21.0,0,-0.4427160334432436,21.696369853140236,20.5,21.5
2128.0,21.074467463206016,21.431881326436287,6.918627949080115,21.0,0,-0.43188132643628663,21.323534256366717,20.5,21.5
2129.0,21.07163629530319,21.43711119521027,6.918134439779659,21.0,0,-0.43711119521027086,21.489409882950113,20.5,21.5
2130.0,21.068805594932083,21.409607962183063,6.917639469736386,21.0,0,-0.4096079621830633,21.134575631910987,20.5,21.5
2131.0,21.065975361707043,21.386893187518456,6.917143039327238,21.0,0,-0.38689318751845647,21.15974544087239,20.5,21.5
2132.0,21.063145595242567,21.32964523609696,6.916645148930266,21.0,0,-0.3296452360969617,20.757165721882014,20.5,21.5
2133.0,21.060316295153303,21.232497042458657,6.916145798924639,21.0,1,-0.23249704245865743,20.261015106075615,20.5,21.5
2134.0,21.07748746105406,21.320386343417,6.91564498969063,21.0,0,-0.3203863434169989,22.199279353000414,20.5,21.5
2135.0,21.074655092559787,21.380391871755272,6.915142721609629,21.0,0,-0.3803918717552719,21.980447155138002,20.5,21.5
2136.0,21.0718231900856,21.375902046115577,6.914638995064134,21.0,0,-0.3759020461155771,21.33100378971863,20.5,21.5
2137.0,21.068991753246596,21.36196050759771,6.9141338104377565,21.0,0,-0.36196050759771126,21.222545122419053,20.5,21.5
2138.0,21.066160781658034,21.46415474544972,6.913627168115215,21.0,0,-0.4641547454497186,22.48609712396979,20.5,21.5
2139.0,21.063330274935325,21.45038895494625,6.91311906848234,21.0,0,-0.45038895494624853,21.312731049911548,20.5,21.5
2140.0,21.060500232694036,21.410334889382035,6.912609511926071,21.0,0,-0.41033488938203533,21.009794233739903,20.5,21.5
2141.0,21.05767065454988,21.42416213912762,6.9120984988344585,21.0,0,-0.42416213912762046,21.562434636583472,20.5,21.5
2142.0,21.054841540118737,21.41002671550932,6.91158602959666,21.0,0,-0.41002671550932135,21.26867247932633,20.5,21.5
2143.0,21.052012889016634,21.334836876431652,6.911072104602945,21.0,0,-0.33483687643165183,20.582938485654957,20.5,21.5
2144.0,21.04918470085975,21.296028889001157,6.910556724244687,21.0,0,-0.29602888900115687,20.907949014696207,20.5,21.5
2145.0,21.046356975264427,21.246073959450804,6.9100398889143735,21.0,0,-0.24607395945080413,20.746524663947277,20.5,21.5
2146.0,21.043529711847157,21.279590317612477,6.909521599005595,21.0,0,-0.27959031761247743,21.61475389922921,20.5,21.5
2147.0,21.04070291022459,21.2163346963356,6.909001854913052,21.0,0,-0.21633469633560054,20.58377848356683,20.5,21.5
2148.0,21.037876570013527,21.3111927654226,6.908480657032554,21.0,0,-0.3111927654226001,22.259773456292596,20.5,21.5
2149.0,21.035050690830932,21.32990627348636,6.907958005761014,21.0,0,-0.32990627348635826,21.51704135412394,20.5,21.5
2150.0,21.032225272293918,21.3785571943965,6.907433901496454,21.0,0,-0.3785571943964996,21.865066403497913,20.5,21.5
2151.0,21.029400314019757,21.33801179637728,6.906908344638002,21.0,0,-0.3380117963772804,20.93255781618509,20.5,21.5
2152.0,21.02657581562588,21.404033407046224,6.906381335585894,21.0,0,-0.40403340704622437,22.064249513735664,20.5,21.5
2153.0,21.02375177672987,21.331665163557336,6.905852874741469,21.0,0,-0.3316651635573358,20.60798272866845,20.5,21.5
2154.0,21.020928196949473,21.376265897844128,6.905322962507173,21.0,0,-0.376265897844128,21.82227324071205,20.5,21.5
2155.0,21.018105075902586,21.298974248659885,6.904791599286557,21.0,0,-0.298974248659885,20.526057756817455,20.5,21.5
2156.0,21.015282413207263,21.251035883197215,6.904258785484277,21.0,0,-0.2510358831972148,20.771652228570513,20.5,21.5
2157.0,21.01246020848172,21.26589750157342,6.903724521506096,21.0,0,-0.26589750157341996,21.41451368533547,20.5,21.5
2158.0,21.009638461344323,21.2425570213961,6.903188807758877,21.0,0,-0.2425570213960988,21.009152219622887,20.5,21.5
2159.0,21.006817171413605,21.198746640796795,6.9026516446505894,21.0,0,-0.19874664079679505,20.760642834803757,20.5,21.5
2160.0,21.00399633830825,21.31395396705368,6.902113032590307,21.0,0,-0.3139539670536813,22.466027229622544,20.5,21.5
2161.0,21.001175961647107,21.346444811260078,6.901572971988207,21.0,0,-0.34644481126007776,21.671353253324042,20.5,21.5
2162.0,20.998356041049174,21.332263289058524,6.901031463255567,21.0,0,-0.332263289058524,21.190448067042986,20.5,21.5
2163.0,20.995536576133617,21.367355681686423,6.900488506804772,21.0,0,-0.36735568168642274,21.71827960796541,20.5,21.5
2164.0,20.99271756651975,21.34521740553199,6.899944103049306,21.0,0,-0.3452174055319901,21.123834643987664,20.5,21.5
2165.0,20.989899011827056,21.337132835526056,6.8993982524037545,21.0,0,-0.3371328355260559,21.256287135466714,20.5,21.5
2166.0,20.98708091167517,21.337138259335234,6.898850955283808,21.0,0,-0.33713825933523367,21.33719249742701,20.5,21.5
2167.0,20.984263265683893,21.354075774795533,6.898302212106257,21.0,0,-0.35407577479553254,21.52345092939852,20.5,21.5
2168.0,20.981446073473176,21.392250870610006,6.8977520232889935,21.0,0,-0.3922508706100061,21.77400182875474,20.5,21.5
2169.0,20.97862933466314,21.40240080965081,6.89720038925101,21.0,0,-0.4024008096508105,21.503900200058855,20.5,21.5
2170.0,20.975813048874056,21.350703302555424,6.896647310412399,21.0,0,-0.3507033025554236,20.833728231601555,20.5,21.5
2171.0,20.972997215726362,21.3454424771714,6.896092787194355,21.0,0,-0.34544247717139953,21.29283422333116,20.5,21.5
2172.0,20.970181834840655,21.284430080015138,6.895536820019172,21.0,0,-0.28443008001513803,20.674306108452523,20.5,21.5
2173.0,20.96736690583769,21.27129672523469,6.894979409310242,21.0,0,-0.2712967252346914,21.139963177430225,20.5,21.5
2174.0,20.964552428338383,21.33362543854427,6.894420555492058,21.0,0,-0.33362543854427074,21.956912571640064,20.5,21.5
2175.0,20.961738401963814,21.358682660689134,6.893860258990212,21.0,0,-0.35868266068913357,21.609254882137762,20.5,21.5
2176.0,20.95892482633522,21.37814360709664,6.893298520231393,21.0,0,-0.3781436070966393,21.572753071171697,20.5,21.5
2177.0,20.956111701074,21.37104993465038,6.892735339643391,21.0,0,-0.3710499346503795,21.30011321018778,20.5,21.5
2178.0,20.953299025801716,21.39298630123548,6.892170717655091,21.0,0,-0.3929863012354815,21.6123499670865,20.5,21.5
2179.0,20.950486800140087,21.33023981775365,6.8916046546964775,21.0,0,-0.3302398177536503,20.70277498293534,20.5,21.5
2180.0,20.947675023711,21.231659829069194,6.891037151198634,21.0,1,-0.23165982906919425,20.245859942224634,20.5,21.5
2181.0,20.964863696136497,21.168006390510783,6.890468207593736,21.0,1,-0.16800639051078292,20.53147200492667,20.5,21.5
2182.0,20.982048817038788,21.3056298680124,6.889897824315062,21.0,0,-0.30562986801239944,22.681864643028565,20.5,21.5
2183.0,20.979230386840243,21.30379534748985,6.889326001796981,21.0,0,-0.3037953474898494,21.28545014226435,20.5,21.5
2184.0,20.976412405963234,21.337374042041304,6.888752740474962,21.0,0,-0.3373740420413043,21.673160987555853,20.5,21.5
2185.0,20.973594874030137,21.428455018421698,6.888178040785569,21.0,0,-0.42845501842169753,22.33926478222563,20.5,21.5
2186.0,20.97077779066349,21.442680350573664,6.887601903166459,21.0,0,-0.4426803505736636,21.584933672093324,20.5,21.5
2187.0,20.96796115548599,21.378247022332054,6.887024328056388,21.0,0,-0.37824702233205443,20.733913739915963,20.5,21.5
2188.0,20.965144968120505,21.315537027087796,6.886445315895202,21.0,0,-0.31553702708779596,20.68843707464521,20.5,21.5
2189.0,20.96232922819006,21.27288681179968,6.885864867123846,21.0,0,-0.27288681179967966,20.846384658918517,20.5,21.5
2190.0,20.959513935317847,21.224056303305524,6.885282982184357,21.0,0,-0.22405630330552384,20.735751218363966,20.5,21.5
2191.0,20.95669908912722,21.349010314408787,6.884699661519864,21.0,0,-0.3490103144087868,22.598550425441417,20.5,21.5
2192.0,20.953884689241697,21.323820440611215,6.884114905574593,21.0,0,-0.3238204406112146,21.071921702635493,20.5,21.5
2193.0,20.951070735284965,21.345693529863873,6.883528714793861,21.0,0,-0.3456935298638726,21.564424422390452,20.5,21.5
2194.0,20.948257226880866,21.329527645461603,6.882941089624076,21.0,0,-0.32952764546160296,21.167868801438907,20.5,21.5
2195.0,20.945444163653416,21.40937666374774,6.882352030512742,21.0,0,-0.4093766637477394,22.207866846609104,20.5,21.5
2196.0,20.94263154522679,21.285840456519914,6.881761537908451,21.0,1,-0.28584045651991374,20.050478384241657,20.5,21.5
2197.0,20.959819371225326,21.214292812064006,6.881169612260891,21.0,1,-0.21429281206400574,20.498816367504926,20.5,21.5
2198.0,20.977003641273534,21.221349754268807,6.880576254020838,21.0,1,-0.22134975426880743,21.291919176316824,20.5,21.5
2199.0,20.994184355796083,21.231871809668526,6.87998146364016,21.0,1,-0.23187180966852594,21.33709236366571,20.5,21.5
2200.0,21.01136151521765,21.21933636570998,6.879385241571817,21.0,1,-0.2193363657099816,21.09398192612454,20.5,21.5
2201.0,21.02853511996292,21.169940756291286,6.878787588269857,21.0,1,-0.16994075629128602,20.67598466210433,20.5,21.5
2202.0,21.045705170456582,21.26827124714459,6.878188504189419,21.0,0,-0.2682712471445896,22.251576155677625,20.5,21.5
2203.0,21.04287166712333,21.285526186413286,6.877587989786731,21.0,0,-0.28552618641328564,21.458075579100246,20.5,21.5
2204.0,21.04003861038786,21.23129715544407,6.8769860455191125,21.0,0,-0.23129715544407148,20.68900684575193,20.5,21.5
2205.0,21.037205999874885,21.17552631102073,6.8763826718449685,21.0,0,-0.1755263110207288,20.617817866787302,20.5,21.5
2206.0,21.03437383520928,21.29583899481296,6.875777869223795,21.0,0,-0.2958389948129607,22.49896583273528,20.5,21.5
2207.0,21.031542116016084,21.312365555834123,6.875171638116177,21.0,0,-0.3123655558341234,21.47763116604575,20.5,21.5
2208.0,21.028710841920503,21.314726922497044,6.874563978983783,21.0,0,-0.31472692249704437,21.338340589126254,20.5,21.5
2209.0,21.025880012547915,21.468142453787483,6.873954892289374,21.0,0,-0.46814245378748254,23.002297766691864,20.5,21.5
2210.0,21.023049627523864,21.4326826879428,6.873344378496795,21.0,0,-0.4326826879428012,21.078085029495988,20.5,21.5
2211.0,21.020219686474057,21.360527368638976,6.8727324380709796,21.0,0,-0.3605273686389765,20.63897417560073,20.5,21.5
2212.0,21.017390189024376,21.31463961353759,6.872119071477947,21.0,0,-0.3146396135375902,20.855762062523727,20.5,21.5
2213.0,21.014561134800868,21.3419397109796,6.871504279184801,21.0,0,-0.34193971097959874,21.614940685399684,20.5,21.5
2214.0,21.011732523429746,21.21461954354165,6.870888061659734,21.0,1,-0.21461954354165158,19.94141786916218,20.5,21.5
2215.0,21.028904354537392,21.270921074344162,6.870270419372023,21.0,0,-0.27092107434416235,21.83393638236927,20.5,21.5
2216.0,21.02607262775036,21.36505883549301,6.869651352792029,21.0,0,-0.3650588354930093,22.30643644698148,20.5,21.5
2217.0,21.023241343495368,21.390565391541962,6.869030862391197,21.0,0,-0.390565391541962,21.64563095203149,20.5,21.5
2218.0,21.020410501399148,21.3268874344728,6.86840894864206,21.0,0,-0.32688743447279833,20.69010786378116,20.5,21.5
2219.0,21.017580101088598,21.37168745679217,6.867785612018229,21.0,0,-0.37168745679216997,21.819687679985886,20.5,21.5
2220.0,21.014750142190785,21.458370186623647,6.867160852994403,21.0,0,-0.4583701866236467,22.325197484938414,20.5,21.5
2221.0,21.011920624332944,21.451788041695576,6.866534672046365,21.0,0,-0.4517880416955755,21.385966592414864,20.5,21.5
2222.0,21.009091547142486,21.45520538708205,6.865907069650978,21.0,0,-0.4552053870820494,21.489378840946788,20.5,21.5
2223.0,21.00626291024699,21.409320180503702,6.865278046286188,21.0,0,-0.4093201805037019,20.950468114720227,20.5,21.5
2224.0,21.003434713274196,21.42765415525023,6.864647602431024,21.0,0,-0.42765415525023087,21.61099390271552,20.5,21.5
2225.0,21.000606955852028,21.32859191420645,6.864015738565597,21.0,1,-0.3285919142064486,20.337969503768626,20.5,21.5
2226.0,21.01777963760857,21.28735081269097,6.863382455171098,21.0,1,-0.2873508126909705,20.87493979753619,20.5,21.5
2227.0,21.03494875817208,21.24751497896754,6.8627477527298,21.0,1,-0.2475149789675406,20.84915664173324,20.5,21.5
2228.0,21.052114317970993,21.266849042924697,6.862111631725057,21.0,1,-0.26684904292469724,21.460189682496264,20.5,21.5
2229.0,21.069276317433744,21.276777893224683,6.861474092641302,21.0,1,-0.2767778932246827,21.376066396224537,20.5,21.5
2230.0,21.086434756988787,21.279857834069936,6.860835135964049,21.0,1,-0.2798578340699365,21.310657242522474,20.5,21.5
2231.0,21.103589637064584,21.21735720547519,6.860194762179892,21.0,1,-0.21735720547518866,20.59235091952771,20.5,21.5
2232.0,21.120740958089605,21.270635340501514,6.859552971776503,21.0,0,-0.2706353405015136,21.803416690764763,20.5,21.5
2233.0,21.117888720492342,21.26846484490763,6.8589097652426325,21.0,0,-0.2684648449076299,21.246759888968793,20.5,21.5
2234.0,21.115036924701293,21.227098135078105,6.858265143068112,21.0,0,-0.22709813507810495,20.813431036782855,20.5,21.5
2235.0,21.112185570344966,21.3178198990501,6.857619105743849,21.0,0,-0.3178198990501002,22.225037538770053,20.5,21.5
2236.0,21.109334657052045,21.38701944876098,6.856971653761827,21.0,0,-0.3870194487609808,22.079014945869787,20.5,21.5
2237.0,21.106484184451386,21.436194643050065,6.856322787615111,21.0,0,-0.43619464305006517,21.92794658594091,20.5,21.5
2238.0,21.103634152172017,21.486966571136943,6.8556725077978395,21.0,0,-0.48696657113694286,21.99468585200572,20.5,21.5
2239.0,21.10078455984314,21.480289358214172,6.85502081480523,21.0,0,-0.48028935821417207,21.413517228986464,20.5,21.5
2240.0,21.097935407094134,21.393046214264775,6.854367709133575,21.0,0,-0.3930462142647748,20.520614774770802,20.5,21.5
2241.0,21.095086693554542,21.34448503963971,6.853713191280241,21.0,0,-0.3444850396397108,20.85887329338907,20.5,21.5
2242.0,21.092238418854087,21.281703655129537,6.8530572617436745,21.0,0,-0.28170365512953666,20.653889810027795,20.5,21.5
2243.0,21.089390582622666,21.341221283890107,6.852399921023393,21.0,0,-0.341221283890107,21.93639757149581,20.5,21.5
2244.0,21.086543184490345,21.387153479144967,6.85174116961999,21.0,0,-0.3871534791449669,21.846475431693566,20.5,21.5
2245.0,21.083696224087372,21.341534706956054,6.851081008035133,21.0,0,-0.3415347069560539,20.885346985066924,20.5,21.5
2246.0,21.080849701044162,21.3420202780602,6.850419436771564,21.0,0,-0.3420202780602004,21.346875989101665,20.5,21.5
2247.0,21.078003614991307,21.289291330378795,6.8497564563330995,21.0,0,-0.28929133037879495,20.76200185356474,20.5,21.5
2248.0,21.075157965559576,21.15620331379629,6.8490920672246265,21.0,1,-0.15620331379628993,19.82532314797124,20.5,21.5
2249.0,21.09231275237991,21.191350635161427,6.848426269952107,21.0,0,-0.19135063516142736,21.5428238488128,20.5,21.5
2250.0,21.089463975083426,21.264823460775354,6.847759065022574,21.0,0,-0.2648234607753537,21.999551716914617,20.5,21.5
2251.0,21.086615634101413,21.21795227309119,6.847090452944133,21.0,0,-0.21795227309118914,20.749240396249544,20.5,21.5
2252.0,21.083767729065183,21.343253074380254,6.846420434225962,21.0,0,-0.34325307438025376,22.5962610872709,20.5,21.5
2253.0,21.080920259606216,21.434567266466217,6.845749009378308,21.0,0,-0.43456726646621746,22.347709187325854,20.5,21.5
2254.0,21.07807322535617,21.395213587045305,6.8450761789124925,21.0,0,-0.39521358704530485,21.00167679283618,20.5,21.5
2255.0,21.075226625946883,21.45708006748152,6.844401943340904,21.0,0,-0.4570800674815203,22.075744871843675,20.5,21.5
2256.0,21.07238046101036,21.56757305156476,6.843726303177001,21.0,0,-0.5675730515647608,22.672502892397166,20.5,21.5
2257.0,21.069534730178795,21.550892303700117,6.843049258935315,21.0,0,-0.5508923037001168,21.384084825053677,20.5,21.5
2258.0,21.066689433084544,21.538544231709782,6.842370811131443,21.0,0,-0.5385442317097819,21.415063511806434,20.5,21.5
2259.0,21.063844569360153,21.54088225393185,6.841690960282053,21.0,0,-0.5408822539318514,21.564262476152546,20.5,21.5
2260.0,21.061000138638338,21.46261482010703,6.841009706904881,21.0,0,-0.4626148201070315,20.679940481858832,20.5,21.5
2261.0,21.05815614055199,21.417953632583828,6.840327051518731,21.0,0,-0.4179536325838278,20.97134175735179,20.5,21.5
2262.0,21.055312574734184,21.329805831152477,6.839642994643476,21.0,1,-0.32980583115247697,20.44832781683897,20.5,21.5
2263.0,21.072469440818168,21.327534857520696,6.838957536800052,21.0,1,-0.3275348575206962,21.30482512120289,20.5,21.5
2264.0,21.089622738437363,21.220387978802428,6.838270678510469,21.0,1,-0.2203879788024281,20.148919191619747,20.5,21.5
2265.0,21.106772468025376,21.20470894393967,6.837582420297797,21.0,1,-0.20470894393967143,21.047918595312105,20.5,21.5
2266.0,21.12391863001583,21.21632822903797,6.836892762686174,21.0,1,-0.21632822903796978,21.332521080020953,20.5,21.5
2267.0,21.141061224842364,21.209244491313918,6.836201706200806,21.0,1,-0.20924449131391754,21.138407114073395,20.5,21.5
2268.0,21.158200252938634,21.20585748506068,6.835509251367963,21.0,1,-0.20585748506067958,21.1719874225283,20.5,21.5
2269.0,21.17533571473832,21.371315280569398,6.8348153987149765,21.0,0,-0.371315280569398,23.025893235656582,20.5,21.5
2270.0,21.172467610675117,21.42549597633972,6.834120148770248,21.0,0,-0.4254959763397217,21.96730293404296,20.5,21.5
2271.0,21.169599941182735,21.467605671666842,6.833423502063241,21.0,0,-0.46760567166684197,21.888702624938045,20.5,21.5
2272.0,21.166732705894912,21.56416041747902,6.832725459124479,21.0,0,-0.5641604174790196,22.529707875600796,20.5,21.5
2273.0,21.163865904445558,21.607213401497756,6.832026020485555,21.0,0,-0.6072134014977557,22.037743241685117,20.5,21.5
2274.0,21.160999536468765,21.48546140914343,6.8313251866791225,21.0,1,-0.4854614091434293,20.267941485600165,20.5,21.5
2275.0,21.178133601598805,21.40831759074477,6.830622958238894,21.0,1,-0.4083175907447689,20.636879406758165,20.5,21.5
2276.0,21.195264099470133,21.373586876907616,6.82991933569965,21.0,1,-0.37358687690761627,21.02627973853609,20.5,21.5
2277.0,21.21239103051738,21.396397767860428,6.829214319597227,21.0,0,-0.396397767860428,21.624506677388545,20.5,21.5
2278.0,21.209514395175198,21.337621851760797,6.828507910468527,21.0,0,-0.3376218517607974,20.74986269076449,20.5,21.5
2279.0,21.206638193878256,21.383251362920635,6.827800108851512,21.0,0,-0.38325136292063533,21.839546474519015,20.5,21.5
2280.0,21.20376242626125,21.4559257495418,6.8270909152852015,21.0,0,-0.45592574954180165,22.182669615753465,20.5,21.5
2281.0,21.200887091959054,21.466091900756737,6.8263803303096795,21.0,0,-0.46609190075673723,21.567753412906093,20.5,21.5
2282.0,21.198012190606725,21.43696009459358,6.825668354466085,21.0,0,-0.4369600945935801,21.14564203296201,20.5,21.5
2283.0,21.195137721839497,21.479745744924347,6.824954988296621,21.0,0,-0.4797457449243474,21.90760224823202,20.5,21.5
2284.0,21.19226368529279,21.497257524610895,6.824240232344546,21.0,0,-0.49725752461089456,21.672375321476366,20.5,21.5
2285.0,21.1893900806022,21.494134550739563,6.823524087154177,21.0,0,-0.49413455073956314,21.46290481202625,20.5,21.5
2286.0,21.18651690740351,21.48446251965938,6.82280655327089,21.0,0,-0.48446251965938103,21.38774220885756,20.5,21.5
2287.0,21.183644165332684,21.493776257301796,6.82208763124112,21.0,0,-0.4937762573017963,21.58691363372595,20.5,21.5
2288.0,21.180771854025867,21.460357009524273,6.821367321612354,21.0,0,-0.46035700952427305,21.12616453174904,20.5,21.5
2289.0,21.177899973119384,21.405238948466412,6.820645624933142,21.0,0,-0.40523894846641184,20.8540583378878,20.5,21.5
2290.0,21.175028522249747,21.40336991089557,6.819922541753087,21.0,0,-0.40336991089557017,21.384679535187153,20.5,21.5
2291.0,21.172157501053647,21.390322903469553,6.8191980726228465,21.0,0,-0.3903229034695528,21.25985282920938,20.5,21.5
2292.0,21.169286909167962,21.36673395825116,6.818472218094137,21.0,0,-0.3667339582511602,21.130844506067234,20.5,21.5
2293.0,21.166416746229746,21.376370673924946,6.817744978719729,21.0,0,-0.3763706739249457,21.4727378306628,20.5,21.5
2294.0,21.163547011876243,21.464589751416845,6.817016355053443,21.0,0,-0.46458975141684533,22.34678052633584,20.5,21.5
2295.0,21.160677705744877,21.4899630973931,6.816286347650163,21.0,0,-0.48996309739310107,21.74369655715566,20.5,21.5
2296.0,21.157808827473257,21.581176411570887,6.815554957065817,21.0,0,-0.5811764115708868,22.493309553348745,20.5,21.5
2297.0,21.154940376699177,21.52918794015311,6.814822183857394,21.0,0,-0.5291879401531112,21.009303225975355,20.5,21.5
2298.0,21.152072353060607,21.497314407910622,6.81408802858293,21.0,0,-0.497314407910622,21.17857908548573,20.5,21.5
2299.0,21.14920475619571,21.47481853996979,6.813352491801518,21.0,0,-0.47481853996978884,21.249859860561457,20.5,21.5
2300.0,21.14633758574283,21.49225869536395,6.8126155740733,21.0,0,-0.49225869536395095,21.666660249305572,20.5,21.5
2301.0,21.1434708413405,21.427845013304502,6.811877275959472,21.0,0,-0.427845013304502,20.783708192710012,20.5,21.5
2302.0,21.140604522627424,21.43712814386172,6.811137598022279,21.0,0,-0.4371281438617203,21.529959449433903,20.5,21.5
2303.0,21.137738629242502,21.46676151815298,6.810396540825019,21.0,0,-0.4667615181529783,21.76309526106556,20.5,21.5
2304.0,21.134873160824817,21.44080816309623,6.809654104932039,21.0,0,-0.4408081630962286,21.181274612528732,20.5,21.5
2305.0,21.13200811701364,21.38881707623187,6.808910290908736,21.0,0,-0.3888170762318701,20.868906207588285,20.5,21.5
2306.0,21.12914349744842,21.364804343007275,6.808165099321557,21.0,0,-0.3648043430072754,21.124677010761328,20.5,21.5
2307.0,21.126279301768797,21.37962941727412,6.807418530737998,21.0,0,-0.3796294172741206,21.527880159942573,20.5,21.5
2308.0,21.12341552961459,21.397351332705902,6.806670585726602,21.0,0,-0.3973513327059024,21.57457048702372,20.5,21.5
2309.0,21.12055218062581,21.366720883894534,6.805921264856963,21.0,0,-0.3667208838945335,21.060416395780845,20.5,21.5
2310.0,21.117689254442656,21.33036741950483,6.8051705686997215,21.0,0,-0.3303674195048316,20.966832775607813,20.5,21.5
2311.0,21.114826750705507,21.321768635645853,6.804418497826565,21.0,0,-0.3217686356458529,21.235780797056066,20.5,21.5
2312.0,21.11196466905493,21.353759919239224,6.803665052810228,21.0,0,-0.35375991923922356,21.67367275517293,20.5,21.5
2313.0,21.109103009131683,21.319838107159416,6.802910234224491,21.0,0,-0.3198381071594163,20.980619986361344,20.5,21.5
2314.0,21.106241770576702,21.348642548992284,6.802154042644183,21.0,0,-0.3486425489922844,21.636686967320966,20.5,21.5
2315.0,21.103380953031117,21.375901367179388,6.8013964786451755,21.0,0,-0.37590136717938805,21.648489549050424,20.5,21.5
2316.0,21.10052055613624,21.470687749356124,6.800637542804387,21.0,0,-0.4706877493561237,22.41855157112348,20.5,21.5
2317.0,21.09766057953357,21.451931813252635,6.79987723569978,21.0,0,-0.4519318132526351,21.26437245221775,20.5,21.5
2318.0,21.094801022864804,21.5342060544797,6.799115557910361,21.0,0,-0.5342060544797,22.35694846675035,20.5,21.5
2319.0,21.091941885771814,21.596613354929758,6.798352510016181,21.0,0,-0.5966133549297581,22.22068635943034,20.5,21.5
2320.0,21.089083167896664,21.649885165933302,6.7975880925983345,21.0,0,-0.649885165933302,22.18260327596874,20.5,21.5
2321.0,21.086224868881605,21.58584733652672,6.7968223062389574,21.0,0,-0.5858473365267187,20.945469042460886,20.5,21.5
2322.0,21.083366988369075,21.592625786983014,6.796055151521231,21.0,0,-0.5926257869830138,21.660410291545965,20.5,21.5
2323.0,21.080509526001705,21.510419001731172,6.795286629029377,21.0,0,-0.5104190017311723,20.688351149212757,20.5,21.5
2324.0,21.077652481422312,21.496889032577347,6.794516739348657,21.0,0,-0.4968890325773465,21.36158934103909,20.5,21.5
2325.0,21.074795854273898,21.48109579998522,6.7937454830653765,21.0,0,-0.48109579998521923,21.323163474063946,20.5,21.5
2326.0,21.071939644199656,21.470026654056543,6.792972860766881,21.0,0,-0.470026654056543,21.35933519476978,20.5,21.5
2327.0,21.06908385084297,21.424058558776515,6.7921988730415555,21.0,0,-0.4240585587765153,20.96437760597624,20.5,21.5
2328.0,21.06622847384741,21.461226871775544,6.791423520478826,21.0,0,-0.4612268717755441,21.832910001765832,20.5,21.5
2329.0,21.063373512856735,21.407760003813575,6.790646803669156,21.0,0,-0.4077600038135749,20.873091324193883,20.5,21.5
2330.0,21.0605189675149,21.388216716939542,6.78986872320405,21.0,0,-0.3882167169395423,21.192783848199216,20.5,21.5
2331.0,21.057664837466035,21.361085192949467,6.78908927967605,21.0,0,-0.36108519294946717,21.089769953048716,20.5,21.5
2332.0,21.054811122354476,21.379227685976996,6.788308473678736,21.0,0,-0.3792276859769963,21.560652616252288,20.5,21.5
2333.0,21.05195782182474,21.366366248479984,6.787526305806726,21.0,0,-0.36636624847998434,21.237751873509865,20.5,21.5
2334.0,21.049104935521537,21.35504899488337,6.786742776655675,21.0,0,-0.3550489948833686,21.24187645891721,20.5,21.5
2335.0,21.046252463089765,21.327331932747118,6.785957886822274,21.0,0,-0.3273319327471178,21.05016131138461,20.5,21.5
2336.0,21.043400404174513,21.358363564201447,6.785171636904251,21.0,0,-0.3583635642014471,21.66867987874474,20.5,21.5
2337.0,21.040548758421057,21.353126857902033,6.784384027500369,21.0,0,-0.35312685790203346,21.300759794907897,20.5,21.5
2338.0,21.037697525474872,21.367114565577058,6.783595059210429,21.0,0,-0.367114565577058,21.506991642327304,20.5,21.5
2339.0,21.034846704981618,21.29499389452702,6.782804732635261,21.0,0,-0.2949938945270212,20.573787184026653,20.5,21.5
2340.0,21.03199629658715,21.33460798139268,6.782013048376736,21.0,0,-0.3346079813926792,21.73074885004926,20.5,21.5
2341.0,21.02914629993751,21.2762663528871,6.781220007037755,21.0,0,-0.2762663528870988,20.692850067831294,20.5,21.5
2342.0,21.026296714678928,21.304694173669848,6.780425609222253,21.0,0,-0.30469417366984786,21.58897238149734,20.5,21.5
2343.0,21.023447540457838,21.291349356528517,6.7796298555352,21.0,0,-0.29134935652851723,21.15790118511521,20.5,21.5
2344.0,21.020598776920853,21.324153643657603,6.778832746582595,21.0,0,-0.3241536436576027,21.652196514948457,20.5,21.5
2345.0,21.017750423714784,21.377720298403865,6.778034282971473,21.0,0,-0.37772029840386523,21.91338684586649,20.5,21.5
2346.0,21.014902480486636,21.340526817064465,6.777234465309897,21.0,0,-0.34052681706446464,20.96859200367046,20.5,21.5
2347.0,21.0120549468836,21.240225911319413,6.776433294206965,21.0,1,-0.2402259113194134,20.2372168538689,20.5,21.5
2348.0,21.029207822553065,21.210968857416308,6.7756307702728025,21.0,1,-0.210968857416308,20.918398318385254,20.5,21.5
2349.0,21.046357107142608,21.20549955903541,6.774826894118567,21.0,1,-0.20549955903540962,21.150806575226426,20.5,21.5
2350.0,21.063502801100004,21.114883639316716,6.774021666356443,21.0,1,-0.11488363931671586,20.20872444212978,20.5,21.5
2351.0,21.080644904873054,21.188108836536387,6.77321508759965,21.0,0,-0.18810883653638655,21.920360808733093,20.5,21.5
2352.0,21.0777834189096,21.274904554995715,6.772407158462429,21.0,0,-0.27490455499571453,22.142861739588994,20.5,21.5
2353.0,21.074922343657512,21.352033324679777,6.771597879560057,21.0,0,-0.3520333246797769,22.1233210215204,20.5,21.5
2354.0,21.072061678764694,21.430724565035028,6.770787251508832,21.0,0,-0.4307245650350282,22.21763696858754,20.5,21.5
2355.0,21.069201423879242,21.48377958150384,6.769975274926084,21.0,0,-0.48377958150383904,22.014329746191947,20.5,21.5
2356.0,21.066341578649453,21.465580278789826,6.769161950430168,21.0,0,-0.465580278789826,21.283587251649696,20.5,21.5
2357.0,21.06348214272381,21.421981164913348,6.768347278640467,21.0,0,-0.4219811649133476,20.985990026148563,20.5,21.5
2358.0,21.060623115750992,21.340635003476123,6.767531260177387,21.0,0,-0.3406350034761232,20.52717338910388,20.5,21.5
2359.0,21.05776449737988,21.30202959179349,6.766713895662363,21.0,0,-0.30202959179349165,20.915975474967176,20.5,21.5
2360.0,21.054906287259534,21.243860261584484,6.765895185717854,21.0,0,-0.2438602615844836,20.662166959494403,20.5,21.5
2361.0,21.052048485039226,21.284978299439747,6.765075130967342,21.0,0,-0.2849782994397465,21.696158677992376,20.5,21.5
2362.0,21.04919109036841,21.345643483595133,6.7642537320353355,21.0,0,-0.34564348359513275,21.952295325148995,20.5,21.5
2363.0,21.046334102896743,21.36756608462695,6.7634309895473645,21.0,0,-0.36756608462695084,21.58679209494513,20.5,21.5
2364.0,21.043477522274074,21.30896301162378,6.762606904129985,21.0,0,-0.30896301162378137,20.722932281592087,20.5,21.5
2365.0,21.040621348150445,21.31472865269206,6.761781476410771,21.0,0,-0.31472865269206096,21.372385063374857,20.5,21.5
2366.0,21.037765580176096,21.258857974097264,6.760954707018324,21.0,0,-0.2588579740972641,20.700151188149295,20.5,21.5
2367.0,21.034910218001464,21.22770315191369,6.760126596582264,21.0,0,-0.2277031519136905,20.916154930077955,20.5,21.5
2368.0,21.03205526127718,21.209266493553788,6.759297145733233,21.0,0,-0.20926649355378757,21.024899909954758,20.5,21.5
2369.0,21.02920070965407,21.24128454795403,6.758466355102895,21.0,0,-0.24128454795403087,21.561465091956464,20.5,21.5
2370.0,21.02634656278316,21.272666068227693,6.7576342253239305,21.0,0,-0.2726660682276929,21.586481270964313,20.5,21.5
2371.0,21.02349282031567,21.290812052470056,6.756800757030046,21.0,0,-0.2908120524700557,21.472271894893684,20.5,21.5
2372.0,21.020639481903014,21.24305846235843,6.755965950855961,21.0,0,-0.2430584623584302,20.765522561242175,20.5,21.5
2373.0,21.017786547196806,21.271037184843728,6.755129807437418,21.0,0,-0.27103718484372763,21.550824409696702,20.5,21.5
2374.0,21.014934015848855,21.29019497254692,6.754292327411178,21.0,0,-0.29019497254692084,21.481772849578853,20.5,21.5
2375.0,21.01208188751117,21.190277917297983,6.753453511415016,21.0,1,-0.19027791729798338,20.19110736480861,20.5,21.5
2376.0,21.02923016183595,21.14741281552054,6.752613360087727,21.0,1,-0.1474128155205392,20.718761797746097,20.5,21.5
2377.0,21.0463748384756,21.134075577824582,6.751771874069124,21.0,1,-0.13407557782458213,21.00070320086501,20.5,21.5
2378.0,21.063515917882718,21.133999907102414,6.750929054000036,21.0,1,-0.13399990710241383,21.13324319988073,20.5,21.5
2379.0,21.08065340050994,21.229861509328664,6.750084900522305,21.0,0,-0.22986150932866423,22.188477531591168,20.5,21.5
2380.0,21.077787286809944,21.31300661902501,6.749239414278792,21.0,0,-0.3130066190250105,22.144457715988473,20.5,21.5
2381.0,21.074921577235436,21.363864361951535,6.748392595913371,21.0,0,-0.36386436195153493,21.87244179121678,20.5,21.5
2382.0,21.072056271439173,21.452360097670596,6.747544446070931,21.0,0,-0.4523600976705957,22.337317454861203,20.5,21.5
2383.0,21.0691913690741,21.473063321872658,6.746694965397375,21.0,0,-0.4730633218726581,21.680095563893282,20.5,21.5
2384.0,21.066326869793365,21.388382113569367,6.74584415453962,21.0,0,-0.38838211356936725,20.54157003053646,20.5,21.5
2385.0,21.063462773250315,21.363366994257184,6.744992014145594,21.0,0,-0.3633669942571842,21.113215801135354,20.5,21.5
2386.0,21.060599079098495,21.380207037993685,6.744138544864241,21.0,0,-0.38020703799368505,21.548607475358693,20.5,21.5
2387.0,21.057735786991646,21.35263703552845,6.743283747345514,21.0,0,-0.35263703552844916,21.07693701087609,20.5,21.5
2388.0,21.054872896583717,21.316133803799836,6.742427622240379,21.0,0,-0.31613380379983624,20.951101486513707,20.5,21.5
2389.0,21.052010407528847,21.35817550252928,6.741570170200812,21.0,0,-0.35817550252928143,21.778592489823733,20.5,21.5
2390.0,21.049148319481382,21.432505434767414,6.740711391879799,21.0,0,-0.432505434767414,22.17580475714874,20.5,21.5
2391.0,21.04628663209586,21.48383455401472,6.739851287931339,21.0,0,-0.4838345540147202,21.997125746487782,20.5,21.5
2392.0,21.04342534502703,21.440195269695998,6.738989859010438,21.0,0,-0.4401952696959981,21.003802426508777,20.5,21.5
2393.0,21.040564457929825,21.465465698728316,6.738127105773111,21.0,0,-0.4654656987283161,21.718169989051496,20.5,21.5
2394.0,21.037703970459393,21.428260670731603,6.737263028876383,21.0,0,-0.42826067073160345,21.056210390764477,20.5,21.5
2395.0,21.034843882271076,21.417936775076782,6.736397628978285,21.0,0,-0.4179367750767824,21.314697818528572,20.5,21.5
2396.0,21.031984193020417,21.3033720236243,6.735530906737857,21.0,1,-0.3033720236242985,20.15772450909946,20.5,21.5
2397.0,21.04912490236316,21.317589145131855,6.734662862815146,21.0,1,-0.3175891451318549,21.45976036020742,20.5,21.5
2398.0,21.066262009955253,21.37288619530012,6.733793497871206,21.0,0,-0.3728861953001186,21.925856696982756,20.5,21.5
2399.0,21.063395516252836,21.38032380678468,6.732922812568095,21.0,0,-0.3803238067846806,21.4546999216303,20.5,21.5
2400.0,21.0605294217121,21.319508247552147,6.732050807568878,21.0,0,-0.3195082475521467,20.711352655226808,20.5,21.5
2401.0,21.057663725989272,21.40032019405029,6.731177483537624,21.0,0,-0.4003201940502912,22.208439659031736,20.5,21.5
2402.0,21.05479842874078,21.37043037617037,6.730302841139409,21.0,0,-0.37043037617036845,21.07153219737114,20.5,21.5
2403.0,21.051933529623263,21.272693232653154,6.72942688104031,21.0,1,-0.2726932326531539,20.29532179748101,20.5,21.5
2404.0,21.069069028293548,21.29994300069222,6.7285496039074095,21.0,0,-0.29994300069222035,21.572440681082885,20.5,21.5
2405.0,21.06620092440867,21.33743804986369,6.727671010408791,21.0,0,-0.33743804986368886,21.712388541578374,20.5,21.5
2406.0,21.063333218425868,21.352265200516012,6.726791101213544,21.0,0,-0.35226520051601184,21.50053670703924,20.5,21.5
2407.0,21.060465910002424,21.47854092375573,6.7259098769917545,21.0,0,-0.4785409237557303,22.741298156152915,20.5,21.5
2408.0,21.05759899879582,21.45721091669963,6.725027338414515,21.0,0,-0.4572109166996299,21.243910846138625,20.5,21.5
2409.0,21.054732484463745,21.434602836921666,6.724143486153917,21.0,0,-0.4346028369216661,21.20852203914203,20.5,21.5
2410.0,21.051866366664083,21.452374352276006,6.723258320883052,21.0,0,-0.4523743522760064,21.63008950581941,20.5,21.5
2411.0,21.049000645054928,21.4035663555941,6.722371843276012,21.0,0,-0.40356635559410137,20.91548638877505,20.5,21.5
2412.0,21.04613531929457,21.350144486812166,6.721484054007887,21.0,0,-0.3501444868121659,20.81592579899281,20.5,21.5
2413.0,21.043270389041513,21.401074487836546,6.72059495375477,21.0,0,-0.40107448783654576,21.910374498080344,20.5,21.5
2414.0,21.040405853954457,21.37404787637751,6.719704543193747,21.0,0,-0.37404787637751014,21.103781761787154,20.5,21.5
2415.0,21.037541713692306,21.33636299201695,6.718812823002906,21.0,0,-0.3363629920169515,20.959514148411365,20.5,21.5
2416.0,21.034677967914167,21.3460513174118,6.717919793861329,21.0,0,-0.3460513174117992,21.442934571360276,20.5,21.5
2417.0,21.031814616279355,21.355936929154314,6.7170254564490985,21.0,0,-0.3559369291543142,21.454793046579464,20.5,21.5
2418.0,21.02895165844739,21.325649756806328,6.7161298114472885,21.0,0,-0.32564975680632813,21.022778033326468,20.5,21.5
2419.0,21.02608909407799,21.345215112262906,6.715232859537975,21.0,0,-0.34521511226290613,21.540868666828686,20.5,21.5
2420.0,21.023226922831082,21.347979916475964,6.714334601404225,21.0,0,-0.34797991647596405,21.375627958606543,20.5,21.5
2421.0,21.020365144366796,21.265018424401646,6.7134350377300995,21.0,1,-0.2650184244016458,20.435403503658463,20.5,21.5
2422.0,21.03750375834547,21.228397431576575,6.712534169200657,21.0,1,-0.22839743157657466,20.862187503325863,20.5,21.5
2423.0,21.05463876442764,21.332171119224437,6.711631996501946,21.0,0,-0.3321711192244372,22.369907995703063,20.5,21.5
2424.0,21.051770163074053,21.376279126699284,6.710728520321013,21.0,0,-0.3762791266992842,21.817359201447754,20.5,21.5
2425.0,21.048901954745503,21.311411687894292,6.709823741345893,21.0,0,-0.3114116878942923,20.662737299844373,20.5,21.5
2426.0,21.046034139102822,21.336758096243653,6.708917660265614,21.0,0,-0.3367580962436527,21.590222179737257,20.5,21.5
2427.0,21.043166715807054,21.4447304069027,6.708010277770199,21.0,0,-0.4447304069026998,22.52445351349317,20.5,21.5
2428.0,21.040299684519447,21.351123859409533,6.707101594550655,21.0,1,-0.35112385940953317,20.415058384477867,20.5,21.5
2429.0,21.05743304490145,21.315988678057888,6.706191611298986,21.0,1,-0.315988678057888,20.964636864541436,20.5,21.5
2430.0,21.07456279661473,21.31433987396455,6.705280328708184,21.0,1,-0.3143398739645491,21.29785183303116,20.5,21.5
2431.0,21.091688940121152,21.376127934288,6.704367747472231,21.0,0,-0.3761279342880002,21.99400853752251,20.5,21.5
2432.0,21.088811475882622,21.37407878089398,6.703453868286095,21.0,0,-0.3740787808939814,21.353587246953794,20.5,21.5
2433.0,21.0859344043611,21.35694191692994,6.702538691845737,21.0,0,-0.3569419169299408,21.185573277289535,20.5,21.5
2434.0,21.083057725218598,21.291940491258522,6.701622218848103,21.0,0,-0.2919404912585222,20.641926234544336,20.5,21.5
2435.0,21.080181438117325,21.293214043162173,6.700704449991126,21.0,0,-0.29321404316217325,21.305949562198684,20.5,21.5
2436.0,21.0773055427197,21.26574288591323,6.699785385973728,21.0,0,-0.26574288591323025,20.9910313134238,20.5,21.5
2437.0,21.07443003868835,21.152391197061064,6.698865027495816,21.0,1,-0.15239119706106408,20.018874308539402,20.5,21.5
2438.0,21.091554925686115,21.231303533530365,6.6979433752582835,21.0,0,-0.23130353353036526,22.020426898223377,20.5,21.5
2439.0,21.08867620337603,21.28990765964648,6.697020429963008,21.0,0,-0.2899076596464809,21.875948920807637,20.5,21.5
2440.0,21.085797872221345,21.30610213516023,6.696096192312853,21.0,0,-0.30610213516023066,21.468046890297728,20.5,21.5
2441.0,21.082919931885364,21.301634063313674,6.695170663011664,21.0,0,-0.30163406331367426,21.25695334484811,20.5,21.5
2442.0,21.08004238203159,21.34145547353319,6.6942438427642745,21.0,0,-0.34145547353319117,21.73966957572836,20.5,21.5
2443.0,21.077165222323735,21.269710450917923,6.6933157322764965,21.0,0,-0.26971045091792334,20.552260224765245,20.5,21.5
2444.0,21.074288452425726,21.20790191782158,6.692386332255128,21.0,0,-0.20790191782158018,20.58981658685815,20.5,21.5
2445.0,21.071412072001692,21.30041798473544,6.691455643407947,21.0,0,-0.30041798473543935,22.22557865387403,20.5,21.5
2446.0,21.068536080715973,21.33497494351778,6.690523666443712,21.0,0,-0.33497494351777846,21.68054453134117,20.5,21.5
2447.0,21.065660478233116,21.363331038137776,6.689590402072167,21.0,0,-0.3633310381377761,21.646891984337753,20.5,21.5
2448.0,21.062785264217883,21.408220988641716,6.688655851004031,21.0,0,-0.4082209886417161,21.857120493681116,20.5,21.5
2449.0,21.05991043833524,21.496199653757103,6.687720013951005,21.0,0,-0.4961996537571025,22.375986304910967,20.5,21.5
2450.0,21.057036000250363,21.46110611500947,6.686782891625771,21.0,0,-0.4611061150094713,21.11017072753316,20.5,21.5
2451.0,21.05416194962864,21.487909210311148,6.685844484741988,21.0,0,-0.4879092103111482,21.755940163327917,20.5,21.5
2452.0,21.051288286135662,21.46559299499852,6.684904794014295,21.0,0,-0.46559299499852,21.24243084187224,20.5,21.5
2453.0,21.04841500943724,21.48070030369609,6.683963820158305,21.0,0,-0.4807003036960893,21.631773390671782,20.5,21.5
2454.0,21.045542119199382,21.49572981083029,6.6830215638906125,21.0,0,-0.4957298108302908,21.646024882172306,20.5,21.5
2455.0,21.04266961508832,21.52896888617167,6.682078025928785,21.0,0,-0.5289688861716684,21.861359639585444,20.5,21.5
2456.0,21.03979749677049,21.436835145774047,6.681133206991369,21.0,0,-0.43683514577404736,20.515497741797837,20.5,21.5
2457.0,21.036925763912535,21.381296540363557,6.6801871077978845,21.0,0,-0.3812965403635573,20.825910486258657,20.5,21.5
2458.0,21.034054416181313,21.38375738815902,6.679239729068827,21.0,0,-0.38375738815901883,21.408365866113634,20.5,21.5
2459.0,21.03118345324389,21.376560688726812,6.678291071525666,21.0,0,-0.37656068872681203,21.304593694404744,20.5,21.5
2460.0,21.028312874767547,21.36662264140945,6.677341135890849,21.0,0,-0.36662264140944956,21.267242168235825,20.5,21.5
2461.0,21.025442680419772,21.456878245737467,6.676389922887788,21.0,0,-0.4568782457374674,22.359434289017646,20.5,21.5
2462.0,21.022572869868267,21.421667923888936,6.6754374332408775,21.0,0,-0.42166792388893626,21.069564705403625,20.5,21.5
2463.0,21.01970344278094,21.362244100698096,6.674483667675478,21.0,0,-0.36224410069809565,20.76800586878969,20.5,21.5
2464.0,21.01683439882592,21.253414438098634,6.673528626917923,21.0,1,-0.25341443809863406,20.165117812104018,20.5,21.5
2465.0,21.03396573767154,21.24323004256622,6.672572311695519,21.0,1,-0.24323004256622127,21.141386087242093,20.5,21.5
2466.0,21.051093458986344,21.190843069166075,6.671614722736541,21.0,1,-0.19084306916607474,20.66697333516461,20.5,21.5
2467.0,21.068217563239095,21.36652618007771,6.670655860770234,21.0,0,-0.36652618007770954,23.123357289194058,20.5,21.5
2468.0,21.0653380508986,21.393482971240736,6.669695726526814,21.0,0,-0.3934829712407364,21.663050882871005,20.5,21.5
2469.0,21.062458922433727,21.454735849392357,6.668734320737463,21.0,0,-0.4547358493923568,22.06726463090856,20.5,21.5
2470.0,21.05958017751339,21.409604371398906,6.667771644134336,21.0,0,-0.40960437139890615,20.9582895914644,20.5,21.5
2471.0,21.056701815806715,21.45388249448894,6.666807697450553,21.0,0,-0.4538824944889406,21.896663725389285,20.5,21.5
2472.0,21.053823836983042,21.309872468574063,6.665842481420199,21.0,1,-0.3098724685740635,19.869772209425292,20.5,21.5
2473.0,21.07094624071193,21.36044264561259,6.6648759967783295,21.0,0,-0.36044264561259,21.866144415997855,20.5,21.5
2474.0,21.06806502666314,21.329558796155645,6.663908244260965,21.0,0,-0.329558796155645,21.020720301586195,20.5,21.5
2475.0,21.06518419530666,21.3619397363791,6.66293922460509,21.0,0,-0.3619397363790995,21.685749138613645,20.5,21.5
2476.0,21.06230374631252,21.356859985694435,6.6619689385486565,21.0,0,-0.35685998569443456,21.306062478847785,20.5,21.5
2477.0,21.059423679350967,21.452448655256994,6.660997386830578,21.0,0,-0.45244865525699396,22.408335350882588,20.5,21.5
2478.0,21.056543994092465,21.434310174300705,6.6600245701907355,21.0,0,-0.4343101743007054,21.25292536473782,20.5,21.5
2479.0,21.053664690207686,21.495799208170357,6.659050489369968,21.0,0,-0.4957992081703573,22.110689546866876,20.5,21.5
2480.0,21.05078576736752,21.582210839056415,6.658075145110083,21.0,0,-0.5822108390564154,22.446327147916996,20.5,21.5
2481.0,21.047907225243065,21.59146146749807,6.657098538153847,21.0,0,-0.5914614674980712,21.68396775191463,20.5,21.5
2482.0,21.04502906350565,21.557335201296368,6.656120669244989,21.0,0,-0.5573352012963682,21.216072539279338,20.5,21.5
2483.0,21.042151281826797,21.513368374615602,6.655141539128198,21.0,0,-0.5133683746156024,21.073700107807944,20.5,21.5
2484.0,21.03927387987826,21.51402309529995,6.654161148549123,21.0,0,-0.5140230952999509,21.520570302143437,20.5,21.5
2485.0,21.036396857331994,21.430752803106323,6.653179498254377,21.0,0,-0.4307528031063228,20.59804988117004,20.5,21.5
2486.0,21.03352021386018,21.35481901132335,6.6521965889915275,21.0,0,-0.35481901132335025,20.595481093493625,20.5,21.5
2487.0,21.030643949135204,21.330254324035444,6.651212421509103,21.0,0,-0.33025432403544386,21.08460745115638,20.5,21.5
2488.0,21.02776806282968,21.360290773049634,6.65022699655659,21.0,0,-0.3602907730496341,21.660655263191536,20.5,21.5
2489.0,21.024892554616425,21.295492820676472,6.649240314884433,21.0,0,-0.295492820676472,20.64751329694485,20.5,21.5
2490.0,21.022017424168478,21.25459147227523,6.648252377244032,21.0,0,-0.25459147227523005,20.84557798826281,20.5,21.5
2491.0,21.019142671159095,21.26908344121196,6.647263184387744,21.0,0,-0.26908344121196137,21.414003130579275,20.5,21.5
2492.0,21.016268295261742,21.241702228268885,6.646272737068884,21.0,0,-0.24170222826888477,20.96789009883812,20.5,21.5
2493.0,21.013394296150103,21.190471074114743,6.64528103604172,21.0,0,-0.1904710741147433,20.67815953257333,20.5,21.5
2494.0,21.010520673498082,21.241678376802202,6.644288082061475,21.0,0,-0.24167837680220217,21.75375140367679,20.5,21.5
2495.0,21.007647426979794,21.275761452714892,6.643293875884328,21.0,0,-0.2757614527148924,21.616592211841795,20.5,21.5
2496.0,21.004774556269574,21.278338918676024,6.6422984182674085,21.0,0,-0.2783389186760239,21.30411357828734,20.5,21.5
2497.0,21.001902061041974,21.33222952206597,6.641301709968801,21.0,0,-0.332229522065969,21.87113555596542,20.5,21.5
2498.0,20.99902994097176,21.38290162743335,6.640303751747544,21.0,0,-0.3829016274333483,21.88962268110714,20.5,21.5
2499.0,20.996158195733916,21.368682403788824,6.639304544363625,21.0,0,-0.36868240378882433,21.226490167343584,20.5,21.5
2500.0,20.99328682500364,21.354472178437323,6.638304088577984,21.0,0,-0.35447217843732304,21.21236992492231,20.5,21.5
2501.0,20.990415828456356,21.331704314305235,6.637302385152511,21.0,0,-0.3317043143052345,21.10402567298435,20.5,21.5
2502.0,20.987545205767695,21.275838563719425,6.636299434850047,21.0,0,-0.27583856371942517,20.717181057861332,20.5,21.5
2503.0,20.98467495661351,21.212863303019486,6.635295238434383,21.0,0,-0.21286330301948553,20.58311069602009,20.5,21.5
2504.0,20.981805080669876,21.234071801346097,6.634289796670258,21.0,0,-0.23407180134609717,21.446156784612214,20.5,21.5
2505.0,20.978935577613075,21.238290097814527,6.633283110323358,21.0,0,-0.23829009781452726,21.280473062498828,20.5,21.5
2506.0,20.976066447119617,21.357549424277074,6.63227518016032,21.0,0,-0.3575494242770745,22.550142688902547,20.5,21.5
2507.0,20.973197688866225,21.367720744153658,6.631266006948728,21.0,0,-0.3677207441536581,21.469433942919494,20.5,21.5
2508.0,20.97032930252984,21.332871033047017,6.630255591457108,21.0,0,-0.3328710330470166,20.984373921980602,20.5,21.5
2509.0,20.967461287787625,21.334820326827266,6.629243934454938,21.0,0,-0.33482032682726626,21.354313264629763,20.5,21.5
2510.0,20.96459364431696,21.37305375591952,6.628231036712639,21.0,0,-0.3730537559195213,21.75538804684207,20.5,21.5
2511.0,20.96172637179544,21.295729752129724,6.627216899001574,21.0,0,-0.2957297521297235,20.522489714231746,20.5,21.5
2512.0,20.95885946990088,21.28346489632072,6.626201522094055,21.0,0,-0.28346489632071936,21.160816338230678,20.5,21.5
2513.0,20.95599293831132,21.337409887930608,6.6251849067633355,21.0,0,-0.3374098879306082,21.876859804029497,20.5,21.5
2514.0,20.95312677670501,21.295094977643167,6.624167053783612,21.0,0,-0.29509497764316706,20.871945874768755,20.5,21.5
2515.0,20.950260984760426,21.286022338771215,6.623147963930025,21.0,0,-0.28602233877121463,21.19529595005169,20.5,21.5
2516.0,20.94739556215626,21.325333798537905,6.622127637978653,21.0,0,-0.3253337985379048,21.718448396204806,20.5,21.5
2517.0,20.944530508571425,21.32964336783278,6.621106076706521,21.0,0,-0.32964336783278014,21.372739060781534,20.5,21.5
2518.0,20.941665823685053,21.417191398378158,6.620083280891592,21.0,0,-0.4171913983781579,22.292671703831935,20.5,21.5
2519.0,20.938801507176493,21.435369540363684,6.619059251312769,21.0,0,-0.43536954036368414,21.617150960218947,20.5,21.5
2520.0,20.93593755872532,21.405819183771193,6.618033988749895,21.0,0,-0.4058191837711931,21.110315617846283,20.5,21.5
2521.0,20.933073978011326,21.319094153848305,6.617007493983753,21.0,1,-0.31909415384830453,20.45184385461942,20.5,21.5
2522.0,20.95021076471452,21.34649394432227,6.615979767796061,21.0,0,-0.346493944322269,21.620491849061914,20.5,21.5
2523.0,20.947343918515134,21.29088519942077,6.61495081096948,21.0,0,-0.29088519942077085,20.73479775040579,20.5,21.5
2524.0,20.944477439893625,21.309473500046742,6.613920624287604,21.0,0,-0.30947350004674234,21.495356506306457,20.5,21.5
2525.0,20.941611328530502,21.325810314453022,6.612889208534965,21.0,0,-0.32581031445302244,21.489178458515823,20.5,21.5
2526.0,20.938745584106503,21.317130754272323,6.611856564497032,21.0,0,-0.3171307542723234,21.230335152465333,20.5,21.5
2527.0,20.93588020630258,21.29429507313272,6.610822692960206,21.0,0,-0.2942950731327194,21.06593826173668,20.5,21.5
2528.0,20.933015194799914,21.260427987325222,6.609787594711828,21.0,0,-0.26042798732522243,20.921757129250253,20.5,21.5
2529.0,20.930150549279897,21.145465588812076,6.60875127054017,21.0,1,-0.14546558881207616,19.995841603680613,20.5,21.5
2530.0,20.94728626942415,21.015583947627196,6.607713721234434,21.0,1,-0.015583947627195727,19.71676753577839,20.5,21.5
2531.0,20.964418354914514,21.05023248917871,6.606674947584764,21.0,1,-0.05023248917871115,21.396717904693865,20.5,21.5
2532.0,20.981546806233048,20.965686392869465,6.605634950382229,21.0,1,0.03431360713053522,20.120225429777,20.5,21.5
2533.0,20.998671623861878,20.99136160938331,6.6045937304188325,21.0,1,0.008638390616688696,21.248113774521777,20.5,21.5
2534.0,21.015792808283187,21.071482750678918,6.603551288487509,21.0,0,-0.07148275067891774,21.872694163634982,20.5,21.5
2535.0,21.012910359979227,21.169125324359477,6.602507625382121,21.0,0,-0.16912532435947725,22.145551061165072,20.5,21.5
2536.0,21.01002827943231,21.208648335157815,6.601462741897468,21.0,0,-0.20864833515781456,21.603878443141188,20.5,21.5
2537.0,21.007146566324803,21.251431249165467,6.6004166388292695,21.0,0,-0.2514312491654671,21.679260389241993,20.5,21.5
2538.0,21.004265220339303,21.239599306926102,6.599369316974181,21.0,0,-0.23959930692610243,21.121279884532456,20.5,21.5
2539.0,21.00138424115863,21.256735873233634,6.598320777129784,21.0,0,-0.2567358732336338,21.428101536308947,20.5,21.5
2540.0,20.998503628465823,21.208672047056655,6.5972710200945865,21.0,0,-0.20867204705665543,20.728033785286872,20.5,21.5
2541.0,20.99562338194415,21.188754747562918,6.596220046668023,21.0,0,-0.18875474756291766,20.98958175262554,20.5,21.5
2542.0,20.992743501277094,21.315159922918532,6.595167857650457,21.0,0,-0.31515992291853223,22.579211676474678,20.5,21.5
2543.0,20.989863986148368,21.325448039922627,6.594114453843176,21.0,0,-0.3254480399226267,21.42832920996357,20.5,21.5
2544.0,20.986984836241906,21.30415602025584,6.5930598360483925,21.0,0,-0.30415602025583865,21.091235823587958,20.5,21.5
2545.0,20.984106051241866,21.32952709752931,6.592004005069244,21.0,0,-0.3295270975293114,21.58323787026404,20.5,21.5
2546.0,20.98122763083263,21.38825371554028,6.5909469617097916,21.0,0,-0.3882537155402801,21.975519895649967,20.5,21.5
2547.0,20.978349574698807,21.310198895658562,6.589888706775021,21.0,0,-0.3101988956585622,20.529650696841383,20.5,21.5
2548.0,20.975471882525223,21.31345739066101,6.588829241070837,21.0,0,-0.31345739066101075,21.346042340685496,20.5,21.5
2549.0,20.97259455399693,21.333486852838245,6.587768565404069,21.0,0,-0.3334868528382451,21.53378147461059,20.5,21.5
2550.0,20.969717588799213,21.34002048606029,6.58670668058247,21.0,0,-0.3400204860602898,21.405356818280737,20.5,21.5
2551.0,20.96684098661757,21.28143968160587,6.58564358741471,21.0,0,-0.2814396816058711,20.695631637061684,20.5,21.5
2552.0,20.96396474713773,21.303670929336924,6.584579286710381,21.0,0,-0.3036709293369242,21.525983406647455,20.5,21.5
2553.0,20.961088870045646,21.29770762494201,6.583513779279995,21.0,0,-0.2977076249420101,21.23807458099287,20.5,21.5
2554.0,20.958213355027492,21.29783256741654,6.58244706593498,21.0,0,-0.2978325674165383,21.29908199216182,20.5,21.5
2555.0,20.955338201769674,21.26498453053958,6.581379147487687,21.0,0,-0.2649845305395786,20.93650416176998,20.5,21.5
2556.0,20.952463409958817,21.261309674700097,6.580310024751381,21.0,0,-0.26130967470009736,21.224561116305285,20.5,21.5
2557.0,20.949588979281774,21.25363643534012,6.5792396985402455,21.0,0,-0.2536364353401197,21.176904041740343,20.5,21.5
2558.0,20.946714909425626,21.120403949824162,6.5781681696693814,21.0,1,-0.12040394982416203,19.788079094664585,20.5,21.5
2559.0,20.963841200077674,21.127014761865887,6.577095438954804,21.0,1,-0.12701476186588678,21.193122882283134,20.5,21.5
2560.0,20.98096385092545,21.237324465865743,6.576021507213444,21.0,0,-0.2373244658657434,22.34042150586431,20.5,21.5
2561.0,20.978082862456706,21.240509894282944,6.574946375263147,21.0,0,-0.240509894282944,21.27236417845495,20.5,21.5
2562.0,20.975202235159266,21.19362548860026,6.573870043922675,21.0,0,-0.19362548860026152,20.724781431773437,20.5,21.5
2563.0,20.97232196872102,21.318989245423218,6.572792514011699,21.0,0,-0.31898924542321794,22.572626813652782,20.5,21.5
2564.0,20.969442062830076,21.25658109950172,6.571713786350804,21.0,0,-0.2565810995017195,20.632499640286735,20.5,21.5
2565.0,20.96656251717478,21.172216665858578,6.570633861761491,21.0,1,-0.17221666585857776,20.32857232942716,20.5,21.5
2566.0,20.983683331443697,21.099368790687784,6.569552741066166,21.0,1,-0.09936879068778381,20.370890038979844,20.5,21.5
2567.0,21.00080050532562,21.10221779038089,6.568470425088153,21.0,1,-0.10221779038089096,21.130707787311962,20.5,21.5
2568.0,21.017914039309574,21.12202351019317,6.56738691465168,21.0,1,-0.12202351019316993,21.32008070831596,20.5,21.5
2569.0,21.03502393388464,21.187305053263486,6.566302210581888,21.0,0,-0.18730505326348634,21.84012048396665,20.5,21.5
2570.0,21.03213018953998,21.30434681470522,6.565216313704828,21.0,0,-0.3043468147052195,22.47476442912255,20.5,21.5
2571.0,21.029236806764814,21.461493965782587,6.564129224847456,21.0,0,-0.46149396578258717,23.032965476556264,20.5,21.5
2572.0,21.026343785248432,21.493755441327565,6.5630409448376374,21.0,0,-0.4937554413275649,21.816370196777342,20.5,21.5
2573.0,21.02345112468035,21.4325632010503,6.561951474504146,21.0,0,-0.4325632010503,20.82064079827765,20.5,21.5
2574.0,21.020558824750314,21.45057571866141,6.560860814676659,21.0,0,-0.45057571866140833,21.63070089477249,20.5,21.5
2575.0,21.017666885148298,21.450522449191944,6.559768966185763,21.0,0,-0.4505224491919435,21.449989754497295,20.5,21.5
2576.0,21.014775305564505,21.334619777004104,6.5586759298629485,21.0,1,-0.3346197770041037,20.175593055125706,20.5,21.5
2577.0,21.031884085689367,21.362575232987506,6.557581706540608,21.0,0,-0.36257523298750627,21.64212979282153,20.5,21.5
2578.0,21.028989225213536,21.444135812442692,6.556486297052042,21.0,0,-0.44413581244269196,22.25974160699455,20.5,21.5
2579.0,21.026094724627903,21.46619838420402,6.555389702231452,21.0,0,-0.46619838420402004,21.6868241018173,20.5,21.5
2580.0,21.023200583623424,21.396011687708047,6.554291922913942,21.0,0,-0.3960116877080466,20.694144722748312,20.5,21.5
2581.0,21.020306801891284,21.474891281445377,6.55319295993552,21.0,0,-0.47489128144537673,22.263687218818678,20.5,21.5
2582.0,21.017413379122893,21.429397549986213,6.552092814133092,21.0,0,-0.4293975499862128,20.974460235394574,20.5,21.5
2583.0,21.014520315009893,21.379586955940376,6.5509914863444685,21.0,0,-0.3795869559403755,20.881481015482002,20.5,21.5
2584.0,21.011627609244158,21.376630043263404,6.54988897740836,21.0,0,-0.376630043263404,21.34706091649369,20.5,21.5
2585.0,21.008735261517792,21.390154071290564,6.548785288164371,21.0,0,-0.39015407129056356,21.52539435156216,20.5,21.5
2586.0,21.005843271523123,21.40580802836247,6.5476804194530125,21.0,0,-0.4058080283624683,21.562347599081516,20.5,21.5
2587.0,21.00295163895271,21.44944305956792,6.546574372115688,21.0,0,-0.4494430595679191,21.885793371622427,20.5,21.5
2588.0,21.00006036349934,21.397797784542263,6.545467146994702,21.0,0,-0.3977977845422629,20.8813450342857,20.5,21.5
2589.0,20.997169444856038,21.37626828022652,6.544358744933254,21.0,0,-0.3762682802265189,21.16097323706908,20.5,21.5
2590.0,20.994278882716053,21.213417299570313,6.543249166775441,21.0,1,-0.2134172995703132,19.584907493008256,20.5,21.5
2591.0,21.011388676772864,21.12190121973819,6.542138413366253,21.0,1,-0.12190121973819146,20.206740421416974,20.5,21.5
2592.0,21.028494826720184,21.15404293196516,6.541026485551578,21.0,1,-0.1540429319651615,21.475460054234862,20.5,21.5
2593.0,21.04559733305195,21.250629733210616,6.539913384178199,21.0,0,-0.25062973321061577,22.21649774566516,20.5,21.5
2594.0,21.042696196262177,21.15912202384369,6.53879911009379,21.0,1,-0.15912202384368968,20.24404493017443,20.5,21.5
2595.0,21.059795416844945,21.25446319880612,6.537683664146919,21.0,0,-0.2544631988061212,22.207874948430437,20.5,21.5
2596.0,21.056890994494406,21.31743342731758,6.536567047187047,21.0,0,-0.3174334273175816,21.947135712432186,20.5,21.5
2597.0,21.053986929704944,21.31765423575503,6.535449260064525,21.0,0,-0.31765423575502894,21.319862320129502,20.5,21.5
2598.0,21.051083222171016,21.316194543338636,6.5343303036305995,21.0,0,-0.3161945433386357,21.301597619174704,20.5,21.5
2599.0,21.04817987158731,21.369726580953774,6.533210178737401,21.0,0,-0.369726580953774,21.905046957105156,20.5,21.5
2600.0,21.04527687764874,21.32724603721642,6.532088886237956,21.0,0,-0.327246037216419,20.90244059984287,20.5,21.5
2601.0,21.042374240050457,21.23013575527228,6.5309664269861765,21.0,1,-0.23013575527227914,20.25903293583088,20.5,21.5
2602.0,21.059471958487844,21.144770880407037,6.529842801836864,21.0,1,-0.14477088040703734,20.29112213175462,20.5,21.5
2603.0,21.076566032656515,21.144385016934358,6.528718011645708,21.0,1,-0.14438501693435768,21.14052638220756,20.5,21.5
2604.0,21.093656463052312,21.17365751060912,6.527592057269285,21.0,1,-0.1736575106091216,21.46638244735676,20.5,21.5
2605.0,21.110743250171154,21.224093130329702,6.526464939565058,21.0,0,-0.22409313032970246,21.72844932753551,20.5,21.5
2606.0,21.107826394509033,21.280477326326828,6.525336659391377,21.0,0,-0.2804773263268281,21.844319286298084,20.5,21.5
2607.0,21.10490989656201,21.33139584050205,6.524207217607476,21.0,0,-0.33139584050205073,21.840580982254277,20.5,21.5
2608.0,21.101993756026218,21.361990273161588,6.5230766150734745,21.0,0,-0.36199027316158805,21.66793459975696,20.5,21.5
2609.0,21.099077972598028,21.367309254270992,6.521944852650374,21.0,0,-0.36730925427099237,21.420499065365036,20.5,21.5
2610.0,21.09616254597404,21.467829436212536,6.520811931200062,21.0,0,-0.46782943621253636,22.473031255627976,20.5,21.5
2611.0,21.093247475851083,21.463609119614564,6.519677851585308,21.0,0,-0.4636091196145635,21.421405953634835,20.5,21.5
2612.0,21.09033276192623,21.428748431273206,6.518542614669761,21.0,0,-0.42874843127320617,21.080141547859633,20.5,21.5
2613.0,21.08741840389678,21.36012430068029,6.517406221317957,21.0,0,-0.36012430068029033,20.673882994751132,20.5,21.5
2614.0,21.084504401460265,21.29952448413595,6.516268672395305,21.0,0,-0.2995244841359508,20.693526318692555,20.5,21.5
2615.0,21.08159075431445,21.137067020151772,6.515129968768099,21.0,1,-0.13706702015177186,19.512492380309983,20.5,21.5
2616.0,21.09867746215734,21.23709586241904,6.513990111303513,21.0,0,-0.23709586241903935,22.237384285091714,20.5,21.5
2617.0,21.09576052468717,21.25011592352316,6.512849100869596,21.0,0,-0.25011592352316114,21.38031653456438,20.5,21.5
2618.0,21.092843942402403,21.309960199594844,6.51170693833528,21.0,0,-0.309960199594844,21.908402960311673,20.5,21.5
2619.0,21.08992771500159,21.40614417165896,6.510563624570367,21.0,0,-0.40614417165895844,22.367983892300103,20.5,21.5
2620.0,21.087011842183504,21.525364686405204,6.509419160445544,21.0,0,-0.5253646864052044,22.717569833867664,20.5,21.5
2621.0,21.084096323647156,21.42505797492629,6.508273546832369,21.0,1,-0.4250579749262897,20.421990860137143,20.5,21.5
2622.0,21.101181159091794,21.402837735968063,6.507126784603276,21.0,1,-0.40283773596806327,21.1806353463858,20.5,21.5
2623.0,21.118262348216895,21.306637155586547,6.505978874631575,21.0,1,-0.3066371555865466,20.34463135177138,20.5,21.5
2624.0,21.13533989152218,21.247149068610682,6.50482981779145,21.0,1,-0.24714906861068187,20.652268198852035,20.5,21.5
2625.0,21.15241378950743,21.225682656438416,6.503679614957955,21.0,1,-0.22568265643841556,21.011018534715753,20.5,21.5
2626.0,21.169484042672522,21.349917929812797,6.502528267007023,21.0,0,-0.349917929812797,22.59227066355661,20.5,21.5
2627.0,21.16655065151739,21.389596683013412,6.501375774815453,21.0,0,-0.3895966830134121,21.786384215019563,20.5,21.5
2628.0,21.16361761654205,21.482653436559776,6.500222139260918,21.0,0,-0.4826534365597759,22.413220972023414,20.5,21.5
2629.0,21.160684937446597,21.557140607616347,6.499067361221965,21.0,0,-0.557140607616347,22.302012318182058,20.5,21.5
2630.0,21.15775261393135,21.592528069004135,6.497911441578005,21.0,0,-0.5925280690041355,21.94640268288202,20.5,21.5
2631.0,21.15482064569688,21.485862873047203,6.49675438120932,21.0,1,-0.48586287304720344,20.419210913477883,20.5,21.5
2632.0,21.171889032443982,21.456703745296444,6.4955961809970635,21.0,1,-0.4567037452964442,21.165112467788852,20.5,21.5
2633.0,21.188953773873692,21.453672737668466,6.494436841823256,21.0,1,-0.45367273766846594,21.423362661388683,20.5,21.5
2634.0,21.20601487048728,21.434741729573894,6.493276364570782,21.0,1,-0.43474172957389356,21.24543164862817,20.5,21.5
2635.0,21.2230723227861,21.430293257265962,6.492114750123399,21.0,1,-0.4302932572659621,21.385808534186648,20.5,21.5
2636.0,21.240126131271566,21.40468288904922,6.490951999365724,21.0,1,-0.40468288904921934,21.14857920688179,20.5,21.5
2637.0,21.257176296445184,21.50630501519241,6.489788113183245,21.0,0,-0.5063050151924102,22.52252627662432,20.5,21.5
2638.0,21.254222818808532,21.469364532067278,6.4886230924623085,21.0,0,-0.4693645320672779,21.099959700815955,20.5,21.5
2639.0,21.251269698863265,21.462533630763193,6.48745693809013,21.0,0,-0.4625336307631933,21.394224617722347,20.5,21.5
2640.0,21.24831693631111,21.458192236968294,6.486289650954789,21.0,0,-0.45819223696829425,21.414778299019304,20.5,21.5
2641.0,21.245364530854037,21.450793153288195,6.4851212319452225,21.0,0,-0.45079315328819547,21.376802316487208,20.5,21.5
2642.0,21.242412482194254,21.453282210180966,6.483951681951233,21.0,0,-0.4532822101809657,21.478172779108668,20.5,21.5
2643.0,21.239460790034205,21.539340370518396,6.482781001863485,21.0,0,-0.5393403705183957,22.399921973892695,20.5,21.5
2644.0,21.23650945407657,21.41748778006318,6.4816091925735,21.0,1,-0.41748778006317977,20.19896187551102,20.5,21.5
2645.0,21.25355847402427,21.389144038870008,6.480436254973664,21.0,1,-0.3891440388700076,21.105706626938286,20.5,21.5
2646.0,21.27060384958046,21.52309549276857,6.47926218995722,21.0,0,-0.5230954927685687,22.86261003175418,20.5,21.5
2647.0,21.267645581248537,21.48369608237552,6.478086998418268,21.0,0,-0.48369608237551986,21.08970197844503,20.5,21.5
2648.0,21.26468766953197,21.40865219731299,6.476910681251768,21.0,0,-0.4086521973129891,20.65821334668768,20.5,21.5
2649.0,21.261730114134313,21.63207150178308,6.475733239353537,21.0,0,-0.6320715017830807,23.866264546483997,20.5,21.5
2650.0,21.258772914759355,21.63064948230602,6.474554673620248,21.0,0,-0.6306494823060191,21.616429287535404,20.5,21.5
2651.0,21.255816071111127,21.525722669079965,6.473374984949431,21.0,1,-0.5257226690799648,20.47645453681942,20.5,21.5
2652.0,21.272859582893894,21.518377408917647,6.472194174239469,21.0,1,-0.5183774089176474,21.444924807294473,20.5,21.5
2653.0,21.28989944981216,21.54691687140701,6.471012242389601,21.0,0,-0.5469168714070101,21.832311496300637,20.5,21.5
2654.0,21.286935672370678,21.48607382824708,6.4698291902999205,21.0,0,-0.4860738282470791,20.87764339664777,20.5,21.5
2655.0,21.283972251074264,21.547300385802167,6.468645018871371,21.0,0,-0.547300385802167,22.159565961353046,20.5,21.5
2656.0,21.281009185627823,21.683098821008734,6.4674597290057525,21.0,0,-0.6830988210087341,23.041083173074405,20.5,21.5
2657.0,21.2780464757365,21.73285305859685,6.4662733216057156,21.0,0,-0.7328530585968487,22.230395434477995,20.5,21.5
2658.0,21.275084121105674,21.69315380728256,6.4650857975747575,21.0,0,-0.6931538072825596,21.29616129413967,20.5,21.5
2659.0,21.27212212144097,21.673844919561784,6.463897157817232,21.0,0,-0.6738449195617839,21.480756042354027,20.5,21.5
2660.0,21.269160476448246,21.642118676020107,6.462707403238341,21.0,0,-0.6421186760201074,21.324856240603342,20.5,21.5
2661.0,21.266199185833603,21.594084237553865,6.461516534744132,21.0,0,-0.5940842375538651,21.11373985289144,20.5,21.5
2662.0,21.263238249303384,21.587037096644277,6.460324553241505,21.0,0,-0.5870370966442771,21.516565687548397,20.5,21.5
2663.0,21.26027766656417,21.691366365271694,6.459131459638204,21.0,0,-0.6913663652716941,22.734659051545865,20.5,21.5
2664.0,21.257317437322786,21.739801017020795,6.4579372548428235,21.0,0,-0.7398010170207954,22.224147534511808,20.5,21.5
2665.0,21.25435756128629,21.68794697854892,6.4567419397648,21.0,0,-0.6879469785489185,21.16940659383015,20.5,21.5
2666.0,21.251398038161987,21.654737258014954,6.455545515314421,21.0,0,-0.6547372580149542,21.32264005267531,20.5,21.5
2667.0,21.248438867657416,21.624972132030265,6.454347982402814,21.0,0,-0.6249721320302655,21.32732087218338,20.5,21.5
2668.0,21.245480049480367,21.473958375749685,6.453149341941952,21.0,1,-0.47395837574968525,19.963820812943883,20.5,21.5
2669.0,21.26252158333886,21.447293964774467,6.451949594844653,21.0,1,-0.4472939647744667,21.18064985502228,20.5,21.5
2670.0,21.279559468941162,21.523993663962,6.450748742024576,21.0,0,-0.5239936639619991,22.290990655837323,20.5,21.5
2671.0,21.27659370679578,21.52864110262552,6.4495467843962215,21.0,0,-0.5286411026255209,21.57511548926074,20.5,21.5
2672.0,21.2736282974113,21.597771278920163,6.4483437228749345,21.0,0,-0.5977712789201632,22.289073041866587,20.5,21.5
2673.0,21.270663240496393,21.675047626779474,6.447139558376899,21.0,0,-0.6750476267794738,22.44781110537258,20.5,21.5
2674.0,21.26769853575997,21.685697951430676,6.445934291819137,21.0,0,-0.6856979514306758,21.792201197942696,20.5,21.5
2675.0,21.26473418291118,21.63859873613635,6.444727924119511,21.0,0,-0.6385987361363483,21.167606583193074,20.5,21.5
2676.0,21.261770181659422,21.622489784095833,6.443520456196724,21.0,0,-0.6224897840958334,21.461400263690685,20.5,21.5
2677.0,21.25880653171433,21.54667377137896,6.442311888970316,21.0,0,-0.5466737713789591,20.788513644210216,20.5,21.5
2678.0,21.255843232785782,21.53029206677075,6.4411022233606605,21.0,0,-0.5302920667707482,21.36647502068864,20.5,21.5
2679.0,21.2528802845839,21.558562928342923,6.439891460288974,21.0,0,-0.5585629283429228,21.841271544064668,20.5,21.5
2680.0,21.24991768681904,21.613232146683472,6.438679600677303,21.0,0,-0.6132321466834725,22.15992433008897,20.5,21.5
2681.0,21.24695543920181,21.62191534687889,6.437466645448531,21.0,0,-0.6219153468788896,21.70874734883306,20.5,21.5
2682.0,21.243993541443057,21.66800480193333,6.436252595526378,21.0,0,-0.6680048019333285,22.128899352477717,20.5,21.5
2683.0,21.241031993253873,21.726945437309165,6.435037451835394,21.0,0,-0.7269454373091655,22.316351791067536,20.5,21.5
2684.0,21.23807079434559,21.671122641282146,6.4338212153009655,21.0,0,-0.671122641282146,21.11289468101195,20.5,21.5
2685.0,21.23510994442978,21.666027362682005,6.432603886849309,21.0,0,-0.666027362682005,21.615074576680595,20.5,21.5
2686.0,21.232149443218265,21.70253121491385,6.4313854674074715,21.0,0,-0.7025312149138507,22.067569737232308,20.5,21.5
2687.0,21.229189290423104,21.64473040064254,6.430165957903335,21.0,0,-0.6447304006425405,21.066722257929438,20.5,21.5
2688.0,21.2262294857566,21.599194708435,6.428945359265606,21.0,0,-0.5991947084350002,21.143837786359597,20.5,21.5
2689.0,21.223270028931303,21.54223616266379,6.427723672423827,21.0,0,-0.5422361626637908,20.972650704951697,20.5,21.5
2690.0,21.22031091966,21.583737757886748,6.426500898308364,21.0,0,-0.5837377578867482,21.998753710116322,20.5,21.5
2691.0,21.217352157655732,21.561658739054174,6.425277037850411,21.0,0,-0.5616587390541739,21.34086855072843,20.5,21.5
2692.0,21.21439374263177,21.562039478019262,6.424052091981993,21.0,0,-0.5620394780192619,21.565846867670142,20.5,21.5
2693.0,21.21143567430164,21.518927854094965,6.422826061635959,21.0,0,-0.5189278540949651,21.087811614851997,20.5,21.5
2694.0,21.208477952379106,21.593757891262605,6.421598947745984,21.0,0,-0.5937578912626051,22.342058262939005,20.5,21.5
2695.0,21.20552057657818,21.540287394491095,6.420370751246571,21.0,0,-0.5402873944910951,21.005582426775995,20.5,21.5
2696.0,21.202563546613113,21.524993495177302,6.419141473073042,21.0,0,-0.5249934951773021,21.372054502039372,20.5,21.5
2697.0,21.199606862198404,21.52038524216816,6.417911114161547,21.0,0,-0.5203852421681603,21.474302712076742,20.5,21.5
2698.0,21.196650523048795,21.547442658071443,6.416679675449058,21.0,0,-0.5474426580714429,21.81801681710427,20.5,21.5
2699.0,21.193694528879277,21.494021605869328,6.415447157873368,21.0,0,-0.4940216058693281,20.95981108384818,20.5,21.5
2700.0,21.190738879405075,21.517562040990736,6.414213562373095,21.0,0,-0.517562040990736,21.752966392204815,20.5,21.5
2701.0,21.18778357434167,21.499707559675365,6.412978889887674,21.0,0,-0.4997075596753646,21.32116274652165,20.5,21.5
2702.0,21.18482861340478,21.531981135821713,6.411743141357363,21.0,0,-0.531981135821713,21.854716897285197,20.5,21.5
2703.0,21.18187399631037,21.55235773954714,6.410506317723236,21.0,0,-0.5523577395471406,21.756123776801417,20.5,21.5
2704.0,21.17891972277465,21.548832638395634,6.409268419927189,21.0,0,-0.5488326383956341,21.51358162688057,20.5,21.5
2705.0,21.17596579251408,21.493349434813588,6.408029448911936,21.0,0,-0.49334943481358806,20.938517398993127,20.5,21.5
2706.0,21.17301220524536,21.563674407697395,6.406789405621009,21.0,0,-0.5636744076973947,22.26692413653546,20.5,21.5
2707.0,21.170058960685434,21.432676606100202,6.40554829099875,21.0,1,-0.43267660610020187,20.122698590128273,20.5,21.5
2708.0,21.187106058551496,21.406896161656242,6.404306105990325,21.0,1,-0.4068961616562419,21.149091717216642,20.5,21.5
2709.0,21.204149498560984,21.466592039793273,6.403062851541712,21.0,0,-0.466592039793273,22.063550821163584,20.5,21.5
2710.0,21.20118928123158,21.510758920946852,6.401818528599701,21.0,0,-0.5107589209468522,21.952427732482644,20.5,21.5
2711.0,21.198229407081055,21.410153232916333,6.400573138111902,21.0,1,-0.41015323291633266,20.404096352611138,20.5,21.5
2712.0,21.21526987582726,21.51611718037955,6.399326681026731,21.0,0,-0.516117180379549,22.575756655011713,20.5,21.5
2713.0,21.2123066871883,21.537909397965755,6.39807915829342,21.0,0,-0.5379093979657554,21.75583157382782,20.5,21.5
2714.0,21.20934384168252,21.474196474543504,6.3968305708620115,21.0,0,-0.4741964745435041,20.83706724032099,20.5,21.5
2715.0,21.206381339028358,21.44052358517068,6.39558091968336,21.0,0,-0.4405235851706806,21.103794691442445,20.5,21.5
2716.0,21.20341917894449,21.515801346985803,6.394330205709129,21.0,0,-0.5158013469858034,22.26857896513703,20.5,21.5
2717.0,21.200457361149844,21.538783487374268,6.3930784298917915,21.0,0,-0.5387834873742676,21.76860489125891,20.5,21.5
2718.0,21.197495885363594,21.58118464703383,6.391825593184629,21.0,0,-0.5811846470338295,22.00519624362945,20.5,21.5
2719.0,21.19453475130516,21.58995444984775,6.390571696541731,21.0,0,-0.5899544498477489,21.677652477986943,20.5,21.5
2720.0,21.191573958694207,21.59960768238009,6.3893167409179945,21.0,0,-0.5996076823800891,21.69614000770349,20.5,21.5
2721.0,21.18861350725065,21.60987861218786,6.3880607272691226,21.0,0,-0.6098786121878597,21.712587910265565,20.5,21.5
2722.0,21.185653396694654,21.571355458306545,6.386803656551626,21.0,0,-0.5713554583065452,21.1861239194934,20.5,21.5
2723.0,21.182693626746627,21.47982722545944,6.385545529722817,21.0,0,-0.47982722545944156,20.564544896988405,20.5,21.5
2724.0,21.17973419712722,21.438018716437465,6.384286347740813,21.0,0,-0.43801871643746537,21.019933626217703,20.5,21.5
2725.0,21.176775107557344,21.435623079985163,6.383026111564539,21.0,0,-0.43562307998516303,21.41166671546214,20.5,21.5
2726.0,21.173816357758145,21.38570965089851,6.381764822153717,21.0,0,-0.3857096508985087,20.886575360031966,20.5,21.5
2727.0,21.170857947451026,21.397043744490922,6.3805024804688735,21.0,0,-0.3970437444909223,21.510384680415058,20.5,21.5
2728.0,21.16789987635763,21.4740938314356,6.3792390874713405,21.0,0,-0.47409383143559936,22.24459470088237,20.5,21.5
2729.0,21.164942144199852,21.54533327840753,6.377974644123242,21.0,0,-0.5453332784075293,22.25772774812683,20.5,21.5
2730.0,21.161984750699837,21.54643783340976,6.376709151387508,21.0,0,-0.5464378334097617,21.557483383432086,20.5,21.5
2731.0,21.159027695579976,21.580252430623332,6.375442610227868,21.0,0,-0.5802524306233323,21.91839840275904,20.5,21.5
2732.0,21.156070978562905,21.61740912292137,6.3741750216088455,21.0,0,-0.6174091229213694,21.98897604590174,20.5,21.5
2733.0,21.153114599371513,21.56303516160452,6.372906386495767,21.0,0,-0.563035161604521,21.019295548436038,20.5,21.5
2734.0,21.150158557728936,21.484183090879547,6.371636705854753,21.0,0,-0.48418309087954725,20.69566238362981,20.5,21.5
2735.0,21.14720285335856,21.442772589814446,6.370365980652719,21.0,0,-0.4427725898144459,21.028667579163432,20.5,21.5
2736.0,21.14424748598402,21.382758976886414,6.3690942118573775,21.0,0,-0.38275897688641436,20.7826228476061,20.5,21.5
2737.0,21.141292455329197,21.360736149948487,6.367821400437236,21.0,0,-0.3607361499484867,21.14050788056921,20.5,21.5
2738.0,21.13833776111822,21.402443104104986,6.3665475473615984,21.0,0,-0.40244310410498585,21.819512645669978,20.5,21.5
2739.0,21.13538340307547,21.53797677384704,6.365272653600557,21.0,0,-0.5379767738470385,22.893313471267565,20.5,21.5
2740.0,21.132429380925576,21.58792576556951,6.363996720124997,21.0,0,-0.5879257655695085,22.08741568279421,20.5,21.5
2741.0,21.129475694393417,21.628625275403135,6.362719747906601,21.0,0,-0.6286252754031345,22.035620373739395,20.5,21.5
2742.0,21.12652234320412,21.609934754605522,6.361441737917836,21.0,0,-0.609934754605522,21.423029546629397,20.5,21.5
2743.0,21.12356932708306,21.595972760033302,6.360162691131963,21.0,0,-0.5959727600333018,21.4563528143111,20.5,21.5
2744.0,21.12061664575587,21.46086360285475,6.358882608523032,21.0,1,-0.4608636028547508,20.10977203106924,20.5,21.5
2745.0,21.137664298948422,21.48380803240205,6.357601491065884,21.0,0,-0.48380803240204884,21.71325232787503,20.5,21.5
2746.0,21.134708286386847,21.517452098475893,6.3563193397361415,21.0,0,-0.5174520984758928,21.853892759214332,20.5,21.5
2747.0,21.131752608597516,21.500373193503883,6.35503615551022,21.0,0,-0.5003731935038829,21.329584143783784,20.5,21.5
2748.0,21.128797265306897,21.343019049154694,6.3537519393653215,21.0,1,-0.3430190491546945,19.76947760566281,20.5,21.5
2749.0,21.145842256241707,21.33561269253955,6.352466692279431,21.0,1,-0.3356126925395486,21.26154912638809,20.5,21.5
2750.0,21.162883581128913,21.2987975768208,6.351180415231321,21.0,1,-0.29879757682079955,20.93064641963331,20.5,21.5
2751.0,21.179921240495734,21.229082062095166,6.349893109200546,21.0,1,-0.22908206209516635,20.531926914838834,20.5,21.5
2752.0,21.196955234869474,21.17123193691516,6.348604775167447,21.0,1,-0.17123193691515937,20.59273068511509,20.5,21.5
2753.0,21.213985564777534,21.33895392206395,6.347315414113146,21.0,0,-0.3389539220639506,23.016173773551863,20.5,21.5
2754.0,21.2110122307474,21.375850582533467,6.346025027019547,21.0,0,-0.3758505825334666,21.744817187228627,20.5,21.5
2755.0,21.208039233306653,21.386640949599958,6.344733614869336,21.0,0,-0.38664094959995765,21.49454462026487,20.5,21.5
2756.0,21.205066572182965,21.357363250378597,6.343441178645981,21.0,0,-0.3573632503785973,21.064586258164994,20.5,21.5
2757.0,21.202094247104256,21.450429668770386,6.342147719333726,21.0,0,-0.45042966877038637,22.381093852688277,20.5,21.5
2758.0,21.199122257798702,21.45682252907605,6.340853237917599,21.0,0,-0.4568225290760495,21.52075113213268,20.5,21.5
2759.0,21.196150603994727,21.51234743454985,6.339557735383401,21.0,0,-0.5123474345498487,22.06759648928784,20.5,21.5
2760.0,21.193179285421007,21.478495024381605,6.3382612127177165,21.0,0,-0.47849502438160485,21.139970922699167,20.5,21.5
2761.0,21.190208301806464,21.504436967303583,6.3369636709079025,21.0,0,-0.5044369673035831,21.763856396523366,20.5,21.5
2762.0,21.187237652880285,21.455755095677606,6.335665110942093,21.0,0,-0.4557550956776062,20.968936379417837,20.5,21.5
2763.0,21.184267338371896,21.43307163519023,6.3343655338091995,21.0,0,-0.43307163519023106,21.20623703031648,20.5,21.5
2764.0,21.181297358010983,21.43987828534216,6.333064940498905,21.0,0,-0.4398782853421608,21.507944786861458,20.5,21.5
2765.0,21.17832771152748,21.44198234933601,6.331763332001668,21.0,0,-0.44198234933600844,21.463022989274485,20.5,21.5
2766.0,21.175358398651575,21.447855430642868,6.330460709308721,21.0,0,-0.4478554306428677,21.50658624371146,20.5,21.5
2767.0,21.172389419113706,21.456670023805817,6.329157073412068,21.0,0,-0.4566700238058168,21.544815955435308,20.5,21.5
2768.0,21.169420772644568,21.448913705053258,6.327852425304483,21.0,0,-0.4489137050532577,21.371350517527667,20.5,21.5
2769.0,21.1664524589751,21.345896932602137,6.326546765979514,21.0,1,-0.3458969326021375,20.315729208090936,20.5,21.5
2770.0,21.1834844778365,21.340235954082033,6.325240096431475,21.0,1,-0.3402359540820328,21.283626168880986,20.5,21.5
2771.0,21.20051282896022,21.32965612491969,6.323932417655453,21.0,1,-0.32965612491969054,21.223857833296268,20.5,21.5
2772.0,21.21753751287796,21.34941558893469,6.3226237306473045,21.0,0,-0.34941558893468994,21.547010229084684,20.5,21.5
2773.0,21.214558530121515,21.391425944296248,6.321314036403647,21.0,0,-0.3914259442962482,21.81152949791183,20.5,21.5
2774.0,21.21157988122277,21.43930291845497,6.320003335921873,21.0,0,-0.4393029184549704,21.918072660042192,20.5,21.5
2775.0,21.20860156591371,21.459824033240047,6.318691630200138,21.0,0,-0.4598240332400465,21.665035181090808,20.5,21.5
2776.0,21.205623583926567,21.47726570096369,6.317378920237361,21.0,0,-0.4772657009636916,21.651682378200142,20.5,21.5
2777.0,21.20264593499383,21.51832244709548,6.316065207033229,21.0,0,-0.5183224470954784,21.928889908413346,20.5,21.5
2778.0,21.199668618848236,21.529032512721397,6.3147504915881925,21.0,0,-0.5290325127213968,21.63613316898058,20.5,21.5
2779.0,21.196691635222784,21.54160863123659,6.313434774903462,21.0,0,-0.5416086312365884,21.667369816388504,20.5,21.5
2780.0,21.19371498385072,21.5884587352323,6.3121180579810146,21.0,0,-0.588458735232301,22.056959775189426,20.5,21.5
2781.0,21.19073866446555,21.628168104559677,6.310800341823588,21.0,0,-0.628168104559677,22.025261797833437,20.5,21.5
2782.0,21.18776267680102,21.531517374764192,6.30948162743468,21.0,0,-0.5315173747641921,20.565010076809344,20.5,21.5
2783.0,21.18478702059115,21.45956610242325,6.308161915818548,21.0,0,-0.45956610242324913,20.74005337901382,20.5,21.5
2784.0,21.181811695570193,21.460208609435664,6.306841207980211,21.0,0,-0.46020860943566433,21.466633679559816,20.5,21.5
2785.0,21.178836701472676,21.37904160060029,6.305519504925446,21.0,0,-0.3790416006002886,20.56737151224653,20.5,21.5
2786.0,21.175862038033365,21.397493597340066,6.304196807660784,21.0,0,-0.3974935973400662,21.582013564737842,20.5,21.5
2787.0,21.17288770498729,21.511881195929327,6.302873117193521,21.0,0,-0.5118811959293268,22.655757181821933,20.5,21.5
2788.0,21.16991370206973,21.496519833328463,6.301548434531702,21.0,0,-0.4965198333284633,21.342906207319828,20.5,21.5
2789.0,21.166940029016224,21.522227589847596,6.300222760684132,21.0,0,-0.5222275898475957,21.77930515503892,20.5,21.5
2790.0,21.163966685562556,21.55595309091883,6.298896096660368,21.0,0,-0.5559530909188304,21.893208101631178,20.5,21.5
2791.0,21.160993671444775,21.5089480800411,6.297568443470722,21.0,0,-0.508948080041101,21.038897971263808,20.5,21.5
2792.0,21.15802098639918,21.46550790509616,6.296239802126262,21.0,0,-0.46550790509616036,21.031106155646754,20.5,21.5
2793.0,21.155048630162327,21.537558460990788,6.294910173638804,21.0,0,-0.5375584609907875,22.25806401993706,20.5,21.5
2794.0,21.152076602471023,21.555639468196595,6.29357955902092,21.0,0,-0.5556394681965955,21.736449540254675,20.5,21.5
2795.0,21.149104903062334,21.606858111379363,6.292247959285929,21.0,0,-0.6068581113793634,22.119044543207043,20.5,21.5
2796.0,21.146133531673577,21.60784208875563,6.290915375447901,21.0,0,-0.6078420887556284,21.61768186251828,20.5,21.5
2797.0,21.143162488042332,21.533950438693257,6.28958180852166,21.0,0,-0.5339504386932568,20.79503393806954,20.5,21.5
2798.0,21.140191771906427,21.461455329278714,6.288247259522773,21.0,0,-0.4614553292787136,20.736504235133282,20.5,21.5
2799.0,21.13722138300395,21.411603167520774,6.286911729467557,21.0,0,-0.41160316752077364,20.913081549941374,20.5,21.5
2800.0,21.134251321073243,21.377227376594043,6.285575219373079,21.0,0,-0.3772273765940426,21.033469467326732,20.5,21.5
2801.0,21.131281585852904,21.36825287224189,6.284237730257146,21.0,0,-0.3682528722418894,21.278507828720358,20.5,21.5
2802.0,21.128312177081785,21.402232412479517,6.282899263138316,21.0,0,-0.4022324124795169,21.742027814855792,20.5,21.5
2803.0,21.125343094498998,21.36446906482968,6.2815598190358894,21.0,0,-0.3644690648296809,20.98683558833132,20.5,21.5
2804.0,21.122374337843905,21.30677415520334,6.280219398969911,21.0,0,-0.30677415520333895,20.72982505893992,20.5,21.5
2805.0,21.11940590685613,21.253678705736228,6.27887800396117,21.0,0,-0.2536787057362275,20.722724211065113,20.5,21.5
2806.0,21.116437801275552,21.236095325722733,6.277535635031196,21.0,0,-0.23609532572273295,21.060261525587787,20.5,21.5
2807.0,21.113470020842303,21.184899190858374,6.276192293202261,21.0,0,-0.18489919085837414,20.672937842214786,20.5,21.5
2808.0,21.110502565296777,21.189190745459754,6.2748479794973795,21.0,0,-0.18919074545975434,21.232106291473556,20.5,21.5
2809.0,21.107535434379617,21.214585858561662,6.273502694940304,21.0,0,-0.21458585856166223,21.46853698958074,20.5,21.5
2810.0,21.10456862783173,21.24345309742344,6.272156440555528,21.0,0,-0.24345309742344057,21.532125486041224,20.5,21.5
2811.0,21.101602145394274,21.21430649761521,6.270809217368282,21.0,0,-0.21430649761520826,20.922840499532885,20.5,21.5
2812.0,21.09863598680867,21.268555160206912,6.269461026404536,21.0,0,-0.26855516020691184,21.811041786123948,20.5,21.5
2813.0,21.095670151816588,21.29934067413196,6.268111868690994,21.0,0,-0.29934067413196175,21.60719581338246,20.5,21.5
2814.0,21.092704640159962,21.384900245747442,6.266761745255101,21.0,0,-0.38490024574744197,22.240495961902244,20.5,21.5
2815.0,21.089739451580982,21.4242104543598,6.265410657125033,21.0,0,-0.42421045435980176,21.8173125404834,20.5,21.5
2816.0,21.08677458582209,21.490216345447973,6.264058605329702,21.0,0,-0.49021634544797266,22.15027525632968,20.5,21.5
2817.0,21.08381004262599,21.500322946989694,6.262705590898756,21.0,0,-0.5003229469896944,21.60138896240691,20.5,21.5
2818.0,21.080845821735647,21.525260917081614,6.261351614862573,21.0,0,-0.5252609170816136,21.774640618000806,20.5,21.5
2819.0,21.07788192289427,21.455908190743667,6.259996678252264,21.0,0,-0.45590819074366706,20.7623809273642,20.5,21.5
2820.0,21.074918345845344,21.354415155866672,6.258640782099675,21.0,1,-0.35441515586667194,20.33948480709672,20.5,21.5
2821.0,21.091955090332593,21.275669632121787,6.257283927437378,21.0,1,-0.27566963212178663,20.488214394672934,20.5,21.5
2822.0,21.108988156100015,21.276985590606564,6.255926115298676,21.0,1,-0.27698559060656436,21.29014517545434,20.5,21.5
2823.0,21.126017543691855,21.24629934199003,6.254567346717604,21.0,1,-0.24629934199003145,20.939436855824702,20.5,21.5
2824.0,21.14304325365246,21.286757938459324,6.2532076227289215,21.0,0,-0.2867579384593242,21.69134390315225,20.5,21.5
2825.0,21.140065286526276,21.419548077738764,6.251846944368118,21.0,0,-0.4195480777387637,22.74744947053316,20.5,21.5
2826.0,21.137087642857846,21.460950684513755,6.25048531267141,21.0,0,-0.46095068451375454,21.874976752263663,20.5,21.5
2827.0,21.13411032239181,21.490762992766733,6.249122728675739,21.0,0,-0.49076299276673296,21.788886075296517,20.5,21.5
2828.0,21.131133324873066,21.55633885985326,6.247759193418773,21.0,0,-0.556338859853259,22.21209753071852,20.5,21.5
2829.0,21.128156650046776,21.499992643386996,6.246394707938901,21.0,0,-0.4999926433869959,20.936530478724364,20.5,21.5
2830.0,21.125180297658353,21.42122006853174,6.2450292732752395,21.0,0,-0.42122006853173843,20.633494319979164,20.5,21.5
2831.0,21.122204267453476,21.435124170644887,6.2436628904676255,21.0,0,-0.43512417064488673,21.57416519177637,20.5,21.5
2832.0,21.11922855917808,21.443289059500337,6.24229556055662,21.0,0,-0.44328905950033715,21.52493794805484,20.5,21.5
2833.0,21.116253172578354,21.466059643136674,6.240927284583505,21.0,0,-0.46605964313667414,21.693765479500044,20.5,21.5
2834.0,21.113278107400756,21.438834393463893,6.23955806359028,21.0,0,-0.4388343934638925,21.166581896736076,20.5,21.5
2835.0,21.110303363391996,21.539227659512324,6.238187898619668,21.0,0,-0.5392276595123242,22.54316031999664,20.5,21.5
2836.0,21.10732894029904,21.538691137041127,6.236816790715109,21.0,0,-0.5386911370411269,21.533325912329154,20.5,21.5
2837.0,21.104354837869124,21.50155528239916,6.23544474092076,21.0,0,-0.5015552823991598,21.13019673597949,20.5,21.5
2838.0,21.101381055849735,21.441612722683704,6.2340717502814975,21.0,0,-0.4416127226837041,20.842187125529147,20.5,21.5
2839.0,21.09840759398862,21.540147066329606,6.2326978198429135,21.0,0,-0.540147066329606,22.525490502788625,20.5,21.5
2840.0,21.095434452033793,21.435084495008432,6.231322950651316,21.0,1,-0.43508449500843227,20.384458781796695,20.5,21.5
2841.0,21.112461629733517,21.48482336601264,6.229947143753729,21.0,0,-0.4848233660126411,21.98221207605473,20.5,21.5
2842.0,21.109485126836322,21.45947342990005,6.228570400197886,21.0,0,-0.4594734299000507,21.205974068774147,20.5,21.5
2843.0,21.106508943890994,21.474837404930412,6.227192721032241,21.0,0,-0.4748374049304118,21.628477155234023,20.5,21.5
2844.0,21.10353308064642,21.385897267689067,6.225814107305954,21.0,1,-0.3858972676890673,20.496495895275622,20.5,21.5
2845.0,21.120557536851752,21.3814865439971,6.224434560068899,21.0,1,-0.3814865439970987,21.337379307077413,20.5,21.5
2846.0,21.137578312256394,21.361273117867196,6.2230540803716625,21.0,1,-0.36127311786719574,21.159138856568166,20.5,21.5
2847.0,21.154595407410017,21.421157770934173,6.22167266926554,21.0,0,-0.4211577709341725,22.02000430160394,20.5,21.5
2848.0,21.15160882286239,21.449991560886854,6.220290327802536,21.0,0,-0.4499915608868541,21.73832946041367,20.5,21.5
2849.0,21.14862255916338,21.482169847972735,6.218907057035362,21.0,0,-0.48216984797273454,21.80395271883154,20.5,21.5
2850.0,21.14563661606295,21.512228138246357,6.217522858017442,21.0,0,-0.5122281382463569,21.81281104098258,20.5,21.5
2851.0,21.142650993311342,21.441569870113533,6.216137731802901,21.0,0,-0.44156987011353266,20.73498718878529,20.5,21.5
2852.0,21.13966569065904,21.414983183612726,6.214751679446573,21.0,0,-0.41498318361272624,21.149116318604662,20.5,21.5
2853.0,21.136680707856797,21.331801975566457,6.213364702003999,21.0,1,-0.3318019755664565,20.49998989510376,20.5,21.5
2854.0,21.153696044655625,21.356083403071906,6.211976800531422,21.0,0,-0.35608340307190645,21.598897678126406,20.5,21.5
2855.0,21.1507077008068,21.407489359927933,6.210587976085789,21.0,0,-0.4074893599279328,21.921548928488196,20.5,21.5
2856.0,21.147719676861858,21.54862983919396,6.20919822972475,21.0,0,-0.5486298391939606,22.96003463185424,20.5,21.5
2857.0,21.14473197257243,21.53954902534159,6.207807562506657,21.0,0,-0.5395490253415893,21.448740886817877,20.5,21.5
2858.0,21.141744587690418,21.652734292042975,6.2064159754905655,21.0,0,-0.6527342920429753,22.784586959056835,20.5,21.5
2859.0,21.138757521967978,21.612152586285575,6.2050234697362265,21.0,0,-0.6121525862855748,21.20633552871157,20.5,21.5
2860.0,21.135770775157532,21.573450051217385,6.203630046304096,21.0,0,-0.5734500512173852,21.18642470053549,20.5,21.5
2861.0,21.13278434701176,21.534158957749167,6.202235706255328,21.0,0,-0.5341589577491668,21.141248023066982,20.5,21.5
2862.0,21.12979823728361,21.49278234829013,6.200840450651768,21.0,0,-0.492782348290131,21.079016253699773,20.5,21.5
2863.0,21.126812445726284,21.463236005884863,6.199444280555968,21.0,0,-0.4632360058848626,21.16777258183218,20.5,21.5
2864.0,21.123826972093248,21.531387853229436,6.198047197031172,21.0,0,-0.531387853229436,22.21290632667517,20.5,21.5
2865.0,21.120841816138235,21.5426566106752,6.196649201141318,21.0,0,-0.5426566106751984,21.655344185132822,20.5,21.5
2866.0,21.117856977615237,21.46027994609483,6.195250293951043,21.0,0,-0.46027994609482903,20.636513300291135,20.5,21.5
2867.0,21.114872456278505,21.481711052947382,6.193850476525673,21.0,0,-0.48171105294738226,21.696022121472915,20.5,21.5
2868.0,21.111888251882554,21.423733577221952,6.192449749931232,21.0,0,-0.4237335772219524,20.843958819967654,20.5,21.5
2869.0,21.108904364182163,21.424518839582902,6.191048115234433,21.0,0,-0.4245188395829018,21.432371463192396,20.5,21.5
2870.0,21.105920792932373,21.368035116281003,6.189645573502682,21.0,0,-0.3680351162810034,20.80319788326202,20.5,21.5
2871.0,21.102937537888486,21.375410115370585,6.188242125804077,21.0,0,-0.37541011537058466,21.449160106266397,20.5,21.5
2872.0,21.099954598806068,21.426438879078486,6.186837773207403,21.0,0,-0.42643887907848566,21.936726516157496,20.5,21.5
2873.0,21.096971975440947,21.493196402094767,6.185432516782136,21.0,0,-0.49319640209476745,22.160771632257585,20.5,21.5
2874.0,21.093989667549216,21.43654552515156,6.184026357598439,21.0,0,-0.4365455251515584,20.870036755719468,20.5,21.5
2875.0,21.091007674887226,21.383152314403308,6.1826192967271645,21.0,0,-0.38315231440330777,20.8492202069208,20.5,21.5
2876.0,21.088025997211595,21.367679276886815,6.18121133523985,21.0,0,-0.3676792768868147,21.212948901721884,20.5,21.5
2877.0,21.0850446342792,21.315997347008874,6.179802474208722,21.0,0,-0.3159973470088744,20.79917804822947,20.5,21.5
2878.0,21.082063585847184,21.286702905441214,6.178392714706685,21.0,0,-0.2867029054412136,20.993758489764605,20.5,21.5
2879.0,21.079082851672954,21.315722191738338,6.176982057807334,21.0,0,-0.31572219173833815,21.605915054709584,20.5,21.5
2880.0,21.07610243151418,21.30693027382399,6.175570504584947,21.0,0,-0.3069302738239905,21.219011094680514,20.5,21.5
2881.0,21.073122325128793,21.290537441097257,6.174158056114481,21.0,0,-0.290537441097257,21.12660911382992,20.5,21.5
2882.0,21.07014253227499,21.32974984560223,6.1727447134715785,21.0,0,-0.32974984560222964,21.721873890651956,20.5,21.5
2883.0,21.06716305271123,21.333705694757505,6.171330477732562,21.0,0,-0.333705694757505,21.37326418631026,20.5,21.5
2884.0,21.064183886196233,21.32058196477853,6.169915349974431,21.0,0,-0.32058196477852974,21.189344664988777,20.5,21.5
2885.0,21.06120503248899,21.418753929931018,6.168499331274869,21.0,0,-0.4187539299310181,22.400473581455902,20.5,21.5
2886.0,21.058226491348744,21.42033408041295,6.167082422712235,21.0,0,-0.4203340804129496,21.436135585232265,20.5,21.5
2887.0,21.055248262535017,21.381830673569926,6.165664625365567,21.0,0,-0.38183067356992595,20.99679660513969,20.5,21.5
2888.0,21.05227034580758,21.370804751632043,6.164245940314579,21.0,0,-0.3708047516320434,21.260545532253218,20.5,21.5
2889.0,21.049292740926482,21.30403643260754,6.162826368639662,21.0,0,-0.3040364326075391,20.636353242362496,20.5,21.5
2890.0,21.046315447652024,21.27911389991887,6.1614059114218795,21.0,0,-0.2791138999188689,21.029888573032167,20.5,21.5
2891.0,21.043338465744778,21.263402296999736,6.159984569742974,21.0,0,-0.26340229699973605,21.106286267808407,20.5,21.5
2892.0,21.040361794965577,21.282787428491797,6.1585623446853575,21.0,0,-0.2827874284917975,21.476638743412412,20.5,21.5
2893.0,21.03738543507552,21.245965752703455,6.157139237332117,21.0,0,-0.2459657527034551,20.87774899482003,20.5,21.5
2894.0,21.03440938583597,21.27551497551459,6.155715248767011,21.0,0,-0.27551497551458937,21.571007203625932,20.5,21.5
2895.0,21.03143364700856,21.266432453624223,6.1542903800744675,21.0,0,-0.26643245362422263,21.175607234720555,20.5,21.5
2896.0,21.028458218355173,21.367541985703962,6.152864632339586,21.0,0,-0.3675419857039621,22.378637306501357,20.5,21.5
2897.0,21.02548309963797,21.40635244369962,6.151438006648138,21.0,0,-0.4063524436996211,21.79445702365621,20.5,21.5
2898.0,21.02250829061937,21.426953347024444,6.1500105040865565,21.0,0,-0.426953347024444,21.632962380272673,20.5,21.5
2899.0,21.019533791062063,21.469083528499503,6.148582125741951,21.0,0,-0.4690835284995032,21.890385343250095,20.5,21.5
2900.0,21.016559600729,21.52494361345501,6.147152872702093,21.0,0,-0.5249436134550116,22.083544463010096,20.5,21.5
2901.0,21.013585719383393,21.478759585309554,6.1457227460554185,21.0,0,-0.47875958530955387,21.016919303854976,20.5,21.5
2902.0,21.010612146788727,21.423864782838955,6.1442917468910325,21.0,0,-0.42386478283895457,20.87491675813296,20.5,21.5
2903.0,21.007638882708747,21.465914804790977,6.1428598762987034,21.0,0,-0.4659148047909767,21.886415024311198,20.5,21.5
2904.0,21.004665926907464,21.51224454192782,6.141427135368863,21.0,0,-0.5122445419278208,21.97554191329626,20.5,21.5
2905.0,21.001693279149155,21.42581589430797,6.139993525192606,21.0,0,-0.42581589430796996,20.561529418109462,20.5,21.5
2906.0,20.998720939198364,21.386855197220864,6.138559046861689,21.0,0,-0.38685519722086426,20.997248226349807,20.5,21.5
2907.0,20.995748906819898,21.342379641395453,6.1371237014685285,21.0,0,-0.3423796413954534,20.897624083141345,20.5,21.5
2908.0,20.992777181778827,21.280708874863578,6.135687490106202,21.0,0,-0.28070887486357776,20.66400120954482,20.5,21.5
2909.0,20.989805763840494,21.18805922708655,6.1342504138684495,21.0,1,-0.18805922708655132,20.261562749316287,20.5,21.5
2910.0,21.0068346527705,21.116759108060116,6.1328124738496665,21.0,1,-0.11675910806011558,20.403757917795758,20.5,21.5
2911.0,21.023859848334716,21.113956445691127,6.131373671144904,21.0,1,-0.11395644569112662,21.085929822001237,20.5,21.5
2912.0,21.040881351099276,21.25545315730433,6.129934006849876,21.0,0,-0.2554531573043306,22.67042027343637,20.5,21.5
2913.0,21.037899161630428,21.228409308764153,6.128493482060948,21.0,0,-0.228409308764153,20.957970823362377,20.5,21.5
2914.0,21.034917280494515,21.256513225412725,6.1270520978751435,21.0,0,-0.2565132254127249,21.537552391898444,20.5,21.5
2915.0,21.03193570745799,21.345336400735302,6.125609855390136,21.0,0,-0.34533640073530236,22.233568153961077,20.5,21.5
2916.0,21.028954442287578,21.39129988109446,6.124166755704262,21.0,0,-0.39129988109446145,21.850934684686052,20.5,21.5
2917.0,21.02597348475026,21.313152764674186,6.122722799916499,21.0,0,-0.31315276467418585,20.53168160047143,20.5,21.5
2918.0,21.022992834613294,21.28972356668772,6.121277989126483,21.0,0,-0.28972356668771937,21.055431586823055,20.5,21.5
2919.0,21.0200124916442,21.302571753225358,6.119832324434503,21.0,0,-0.302571753225358,21.431053618601744,20.5,21.5
2920.0,21.017032455610757,21.315131645925945,6.118385806941494,21.0,0,-0.3151316459259448,21.440730572931813,20.5,21.5
2921.0,21.014052726281022,21.294815822466205,6.116938437749042,21.0,0,-0.2948158224662052,21.09165758786881,20.5,21.5
2922.0,21.011073303423316,21.241303270049773,6.115490217959381,21.0,0,-0.24130327004977303,20.70617774588545,20.5,21.5
2923.0,21.008094186806222,21.341822066843005,6.114041148675394,21.0,0,-0.34182206684300454,22.34701003477532,20.5,21.5
2924.0,21.005115376198596,21.346393621455302,6.112591231000609,21.0,0,-0.3463936214553023,21.39210916757828,20.5,21.5
2925.0,21.002136871369558,21.375164992221897,6.111140466039204,21.0,0,-0.37516499222189736,21.662878699887848,20.5,21.5
2926.0,20.99915867208849,21.4403746564333,6.109688854895999,21.0,0,-0.4403746564332991,22.092471298547316,20.5,21.5
2927.0,20.99618077812505,21.473033597756206,6.108236398676458,21.0,0,-0.47303359775620635,21.79962301098528,20.5,21.5
2928.0,20.99320318924916,21.519015906535778,6.106783098486688,21.0,0,-0.5190159065357776,21.97883899433149,20.5,21.5
2929.0,20.99022590523101,21.529331165910143,6.105328955433444,21.0,0,-0.5293311659101434,21.6324837596538,20.5,21.5
2930.0,20.98724892584105,21.513565867046104,6.103873970624116,21.0,0,-0.5135658670461041,21.35591287840571,20.5,21.5
2931.0,20.984272250850008,21.424048723175737,6.10241814516674,21.0,0,-0.42404872317573705,20.528877284472067,20.5,21.5
2932.0,20.98129588002887,21.448296403155876,6.100961480169992,21.0,0,-0.4482964031558758,21.690773202957264,20.5,21.5
2933.0,20.9783198131489,21.316017244502675,6.099503976743182,21.0,1,-0.31601724450267454,19.99322565797066,20.5,21.5
2934.0,20.995344049981618,21.234979516544904,6.098045635996264,21.0,1,-0.2349795165449038,20.424602236967196,20.5,21.5
2935.0,21.01236459029882,21.201544564683,6.096586459039828,21.0,1,-0.20154456468300097,20.867195046063973,20.5,21.5
2936.0,21.02938143467257,21.226975977386005,6.0951264469851,21.0,1,-0.2269759773860045,21.48129010441604,20.5,21.5
2937.0,21.04639458367503,21.15647964083006,6.093665600943944,21.0,1,-0.15647964083006016,20.451516275270617,20.5,21.5
2938.0,21.063404037878485,21.168194902580712,6.092203922028858,21.0,1,-0.16819490258071212,21.28534752008723,20.5,21.5
2939.0,21.080409797855314,21.277606178995097,6.0907414113529725,21.0,0,-0.27760617899509654,22.37171894313894,20.5,21.5
2940.0,21.077411864178014,21.362100412445155,6.089278070030055,21.0,0,-0.36210041244515523,22.207042746945742,20.5,21.5
2941.0,21.074414237419184,21.41843459712065,6.0878138991745,21.0,0,-0.4184345971206511,21.98177644387561,20.5,21.5
2942.0,21.071416917351534,21.50272858409673,6.086348899901341,21.0,0,-0.5027285840967295,22.345668453857513,20.5,21.5
2943.0,21.068419903748044,21.63801983340266,6.084883073326238,21.0,0,-0.6380198334026588,22.99093232646195,20.5,21.5
2944.0,21.06542319638196,21.542218907425188,6.08341642056548,21.0,0,-0.5422189074251875,20.584209647650475,20.5,21.5
2945.0,21.0624267950268,21.503429569069617,6.081948942735988,21.0,0,-0.5034295690696169,21.11553618551391,20.5,21.5
2946.0,21.05943069945634,21.445010294907902,6.08048064095531,21.0,0,-0.44501029490790245,20.860817553290758,20.5,21.5
2947.0,21.05643490944464,21.349055738280956,6.079011516341621,21.0,1,-0.34905573828095626,20.389510172011494,20.5,21.5
2948.0,21.07343942476602,21.249305063151176,6.077541570013725,21.0,1,-0.2493050631511764,20.251798311853378,20.5,21.5
2949.0,21.09044024519507,21.28400964955544,6.076070803091051,21.0,0,-0.28400964955543984,21.631055513598074,20.5,21.5
2950.0,21.08743737130665,21.24518818001875,6.074599216693648,21.0,0,-0.24518818001875076,20.85697348465186,20.5,21.5
2951.0,21.084434803675727,21.25464492083682,6.0731268119421955,21.0,0,-0.2546449208368209,21.349212329017522,20.5,21.5
2952.0,21.08143254207738,21.283639811759336,6.071653589957993,21.0,0,-0.28363981175933617,21.57358872098449,20.5,21.5
2953.0,21.078430586286956,21.326821201020316,6.070179551862965,21.0,0,-0.32682120102031575,21.75863509363011,20.5,21.5
2954.0,21.075428936080073,21.30017547069512,6.068704698779653,21.0,0,-0.30017547069511963,21.03371816744316,20.5,21.5
2955.0,21.072427591232614,21.36572313219359,6.067229031831223,21.0,0,-0.3657231321935903,22.021199747178297,20.5,21.5
2956.0,21.069426551520735,21.402260584184123,6.06575255214146,21.0,0,-0.40226058418412336,21.767635104089454,20.5,21.5
2957.0,21.06642581672086,21.43415783580038,6.0642752608347665,21.0,0,-0.4341578358003808,21.753130351962955,20.5,21.5
2958.0,21.06342538660968,21.477584667118016,6.062797159036165,21.0,0,-0.47758466711801617,21.91185298029437,20.5,21.5
2959.0,21.060425260964166,21.57812683282781,6.061318247871295,21.0,0,-0.5781268328278095,22.583548489925743,20.5,21.5
2960.0,21.05742543956155,21.60903404222934,6.059838528466411,21.0,0,-0.6090340422293394,21.91810613624464,20.5,21.5
2961.0,21.05442592217933,21.557194649859234,6.058358001948381,21.0,0,-0.557194649859234,21.03880072615818,20.5,21.5
2962.0,21.051426708595283,21.480089794214003,6.056876669444694,21.0,0,-0.48008979421400255,20.70904123776169,20.5,21.5
2963.0,21.048427798587454,21.436941617184562,6.055394532083449,21.0,0,-0.43694161718456215,21.005459846890158,20.5,21.5
2964.0,21.045429191934154,21.345271605878416,6.053911590993355,21.0,1,-0.3452716058784162,20.428571492816957,20.5,21.5
2965.0,21.062430888413967,21.23668797582446,6.05242784730374,21.0,1,-0.23668797582445933,20.15085167528489,20.5,21.5
2966.0,21.079428887805744,21.341607886546747,6.050943302144536,21.0,0,-0.3416078865467469,22.390806993769623,20.5,21.5
2967.0,21.07642319068861,21.437665944630403,6.04945795664629,21.0,0,-0.4376659446304032,22.398246525466966,20.5,21.5
2968.0,21.073417797641802,21.393806786987756,6.047971811940158,21.0,0,-0.3938067869877564,20.95521521056129,20.5,21.5
2969.0,21.07041270844466,21.41734936374292,6.046484869157903,21.0,0,-0.41734936374292175,21.652775131294575,20.5,21.5
2970.0,21.067407922876804,21.44732070307598,6.044997129431897,21.0,0,-0.44732070307598093,21.747034096406573,20.5,21.5
2971.0,21.064403440718113,21.36332166335285,6.043508593895119,21.0,0,-0.3633216633528491,20.52333126612153,20.5,21.5
2972.0,21.061399261748747,21.309260711584376,6.042019263681153,21.0,0,-0.3092607115843755,20.76865119389964,20.5,21.5
2973.0,21.058395385749133,21.32644874514556,6.040529139924188,21.0,0,-0.32644874514555866,21.49832908075739,20.5,21.5
2974.0,21.05539181249997,21.313798573675115,6.039038223759018,21.0,0,-0.31379857367511477,21.187296858970676,20.5,21.5
2975.0,21.05238854178222,21.284622863817273,6.037546516321043,21.0,0,-0.28462286381727253,20.99286576523885,20.5,21.5
2976.0,21.04938557337713,21.186933390507413,6.0360540187462615,21.0,1,-0.18693339050741287,20.210038657408816,20.5,21.5
2977.0,21.066382907066203,21.222566485412376,6.034560732171273,21.0,0,-0.22256648541237567,21.578897434462004,20.5,21.5
2978.0,21.063376542631225,21.22862920316386,6.033066657733284,21.0,0,-0.22862920316385882,21.28925638067869,20.5,21.5
2979.0,21.060370480654246,21.193766479239148,6.031571796570095,21.0,0,-0.19376647923914803,20.84513923999204,20.5,21.5
2980.0,21.05736472091743,21.249636749957013,6.030076149820108,21.0,0,-0.24963674995701268,21.80833945713566,20.5,21.5
2981.0,21.05435926320321,21.335042508128417,6.028579718622324,21.0,0,-0.3350425081284172,22.189100089842462,20.5,21.5
2982.0,21.051354107294294,21.35826947921409,6.027082504116341,21.0,0,-0.3582694792140906,21.590539190070825,20.5,21.5
2983.0,21.048349252973658,21.38410806398671,6.025584507442351,21.0,0,-0.3841080639867087,21.64249391171289,20.5,21.5
2984.0,21.04534470002455,21.411795870471252,6.024085729741143,21.0,0,-0.4117958704712521,21.688673935316686,20.5,21.5
2985.0,21.042340448230494,21.475833338837326,6.022586172154105,21.0,0,-0.4758333388373259,22.116208022498064,20.5,21.5
2986.0,21.039336497375277,21.55569091599849,6.021085835823212,21.0,0,-0.5556909159984897,22.354266687610128,20.5,21.5
2987.0,21.036332847242967,21.533998820940127,6.019584721891037,21.0,0,-0.533998820940127,21.3170778703565,20.5,21.5
2988.0,21.033329497617895,21.49837821277425,6.018082831500743,21.0,0,-0.49837821277424865,21.142172131115466,20.5,21.5
2989.0,21.030326448284672,21.476184251581817,6.016580165796086,21.0,0,-0.47618425158181665,21.254244639657497,20.5,21.5
2990.0,21.027323699028173,21.43569272309697,6.015076725921408,21.0,0,-0.43569272309697027,21.030777438248506,20.5,21.5
2991.0,21.02432124963355,21.200461764870408,6.013572513021648,21.0,1,-0.20046176487040768,18.84815218260478,20.5,21.5
2992.0,21.04131909988623,21.15848413001159,6.012067528242327,21.0,1,-0.15848413001159045,20.738707781423418,20.5,21.5
2993.0,21.058313249571903,21.12765222197796,6.0105617727295595,21.0,1,-0.12765222197796078,20.819333141641664,20.5,21.5
2994.0,21.075303699276535,21.217516329593785,6.009055247630039,21.0,0,-0.21751632959378497,22.116157405752027,20.5,21.5
2995.0,21.072290449586205,21.26931877879678,6.007547954091053,21.0,0,-0.2693187787967801,21.78734327082673,20.5,21.5
2996.0,21.069277501087107,21.46094121273343,6.00603989326047,21.0,0,-0.4609412127334309,23.37716555209994,20.5,21.5
2997.0,21.066264853565542,21.5386434960621,6.004531066286745,21.0,0,-0.5386434960621003,22.315666329348794,20.5,21.5
2998.0,21.063252506808087,21.657964970763025,6.003021474318915,21.0,0,-0.6579649707630253,22.851179717772276,20.5,21.5
2999.0,21.06024046060159,21.618784142124873,6.0015111185066,21.0,0,-0.6187841421248734,21.226975855743355,20.5,21.5
3000.0,21.05722871473317,21.463554314364266,6.0,21.0,1,-0.4635543143642664,19.911256036758196,20.5,21.5
3001.0,21.074217268990225,21.438073739671385,5.9984881199499,21.0,1,-0.43807373967138474,21.183267992742568,20.5,21.5
3002.0,21.091202123160418,21.423869497216593,5.996975479507661,21.0,1,-0.42386949721659306,21.281827072668676,20.5,21.5
3003.0,21.10818327783169,21.375176880698156,5.995462079825224,21.0,1,-0.3751768806981559,20.888250715513784,20.5,21.5
3004.0,21.125160733592086,21.318630682034016,5.993947922055111,21.0,1,-0.3186306820340157,20.753168695392613,20.5,21.5
3005.0,21.14213449102978,21.403780379485234,5.992433007350417,21.0,0,-0.4037803794852337,22.255277353997414,20.5,21.5
3006.0,21.139104550733045,21.43502451404372,5.990917336864816,21.0,0,-0.43502451404372167,21.7474658596286,20.5,21.5
3007.0,21.136074913290273,21.376417300643542,5.989400911752556,21.0,0,-0.37641730064354206,20.790345166641746,20.5,21.5
3008.0,21.133045578489966,21.300982306643704,5.987883733168462,21.0,0,-0.3009823066437036,20.54663236664532,20.5,21.5
3009.0,21.130016546120903,21.3158203504414,5.986365802267932,21.0,0,-0.315820350441399,21.464200788418353,20.5,21.5
3010.0,21.126987815972132,21.25053805830769,5.984847120206934,21.0,0,-0.25053805830768994,20.5977151369706,20.5,21.5
3011.0,21.12395938783298,21.290664016453878,5.983327688142014,21.0,0,-0.29066401645387785,21.691923597915757,20.5,21.5
3012.0,21.12093126149304,21.3952873111811,5.981807507230282,21.0,0,-0.39528731118110016,22.441520258453323,20.5,21.5
3013.0,21.11790343674219,21.38985995465022,5.980286578629423,21.0,0,-0.3898599546502197,21.335586389341415,20.5,21.5
3014.0,21.114875913370568,21.430300336393096,5.978764903497693,21.0,0,-0.4303003363930955,21.834704153821853,20.5,21.5
3015.0,21.111848691168593,21.453905153867392,5.97724248299391,21.0,0,-0.4539051538673924,21.68995332861036,20.5,21.5
3016.0,21.10882176992696,21.317699759909015,5.975719318277466,21.0,1,-0.317699759909015,19.95564582032524,20.5,21.5
3017.0,21.12579514943663,21.286175333993327,5.974195410508315,21.0,1,-0.2861753339933273,20.97093107483645,20.5,21.5
3018.0,21.142764829488844,21.305478851294357,5.972670760846981,21.0,1,-0.3054788512943567,21.49851402430465,20.5,21.5
3019.0,21.159730810675114,21.27236440539064,5.9711453704545505,21.0,1,-0.2723644053906398,20.94121994635347,20.5,21.5
3020.0,21.17669309358707,21.341640314900097,5.9696192404926745,21.0,0,-0.34164031490009705,22.03439940999467,20.5,21.5
3021.0,21.17365167881645,21.441387880856148,5.968092372123567,21.0,0,-0.4413878808561478,22.438863540416655,20.5,21.5
3022.0,21.170610566955112,21.408811944472717,5.966564766510006,21.0,0,-0.40881194447271696,21.08305258063841,20.5,21.5
3023.0,21.16756975779502,21.40660452151088,5.9650364248153265,21.0,0,-0.40660452151087867,21.384530291892496,20.5,21.5
3024.0,21.164529251128425,21.428879621155964,5.96350734820343,21.0,0,-0.42887962115596423,21.65163061760682,20.5,21.5
3025.0,21.16148904674784,21.352720229821195,5.961977537838775,21.0,0,-0.35272022982119466,20.5911263164735,20.5,21.5
3026.0,21.158449144446056,21.377029918806496,5.960446994886379,21.0,0,-0.37702991880649606,21.62012680865951,20.5,21.5
3027.0,21.155409544016145,21.42093389939301,5.958915720511813,21.0,0,-0.4209338993930096,21.859973705258145,20.5,21.5
3028.0,21.152370245251443,21.54133050343637,5.957383715881214,21.0,0,-0.5413305034363702,22.745296543869976,20.5,21.5
3029.0,21.149331247945568,21.57678639172567,5.955850982161268,21.0,0,-0.576786391725669,21.931345274618657,20.5,21.5
3030.0,21.14629255189241,21.575585855701185,5.954317520519217,21.0,0,-0.5755858557011848,21.563580495456343,20.5,21.5
3031.0,21.143254156886137,21.545637372260963,5.952783332122862,21.0,0,-0.5456373722609626,21.24615253785874,20.5,21.5
3032.0,21.140216062721183,21.590472389126223,5.951248418140551,21.0,0,-0.5904723891262229,22.038822557778825,20.5,21.5
3033.0,21.13717826919227,21.486505978646402,5.949712779741189,21.0,1,-0.4865059786464023,20.446841873848197,20.5,21.5
3034.0,21.15414077609438,21.570880772392314,5.948176418094232,21.0,0,-0.5708807723923144,22.414628709851435,20.5,21.5
3035.0,21.15109958322278,21.631979034734826,5.946639334369687,21.0,0,-0.631979034734826,22.242961658159942,20.5,21.5
3036.0,21.14805869117301,21.629270859913902,5.945101529738108,21.0,0,-0.6292708599139019,21.60218911170466,20.5,21.5
3037.0,21.14501809974072,21.5649213588777,5.943563005370602,21.0,0,-0.5649213588777009,20.92142634851569,20.5,21.5
3038.0,21.141977808721848,21.572448764181257,5.94202376243882,21.0,0,-0.5724487641812566,21.647722817216813,20.5,21.5
3039.0,21.13893781791259,21.465519028792635,5.940483802114965,21.0,1,-0.4655190287926345,20.396221674906414,20.5,21.5
3040.0,21.15589812710943,21.386552245410563,5.9389431255717815,21.0,1,-0.386552245410563,20.596884411589848,20.5,21.5
3041.0,21.172854736109123,21.433249569382994,5.937401733982563,21.0,0,-0.4332495693829941,21.900222809107305,20.5,21.5
3042.0,21.169807645508698,21.42921179757089,5.935859628521148,21.0,0,-0.4292117975708898,21.388834079449847,20.5,21.5
3043.0,21.1667608559053,21.400650166107177,5.934316810361912,21.0,0,-0.40065016610717663,21.115033851470045,20.5,21.5
3044.0,21.16371436709619,21.417826308453684,5.932773280679783,21.0,0,-0.41782630845368374,21.589587731918755,20.5,21.5
3045.0,21.160668178878907,21.470542767986544,5.931229040650223,21.0,0,-0.4705427679865437,21.997707363315143,20.5,21.5
3046.0,21.15762229105126,21.370784996224778,5.929684091449239,21.0,1,-0.3707849962247778,20.37320727860712,20.5,21.5
3047.0,21.17457670341134,21.32998995922837,5.928138434253378,21.0,1,-0.3299899592283708,20.9220395892643,20.5,21.5
3048.0,21.19152741575751,21.40113863948946,5.926592070239725,21.0,0,-0.40113863948946005,22.112625442100352,20.5,21.5
3049.0,21.188474428688405,21.414546389380014,5.9250450005859,21.0,0,-0.4145463893800141,21.548623888285555,20.5,21.5
3050.0,21.185421742802784,21.44074839674466,5.923497226470068,21.0,0,-0.4407483967446595,21.702768470391113,20.5,21.5
3051.0,21.182369357899518,21.516617268911425,5.921948749070925,21.0,0,-0.5166172689114248,22.275305990579078,20.5,21.5
3052.0,21.17931727377775,21.637880285739776,5.920399569567704,21.0,0,-0.6378802857397758,22.850510454023286,20.5,21.5
3053.0,21.17626549023691,21.624076245276406,5.918849689140171,21.0,0,-0.6240762452764059,21.486035840642707,20.5,21.5
3054.0,21.17321400707669,21.547177954304935,5.91729910896863,21.0,0,-0.5471779543049351,20.778195044590227,20.5,21.5
3055.0,21.17016282409707,21.535818909718493,5.915747830233914,21.0,0,-0.5358189097184933,21.422228463854076,20.5,21.5
3056.0,21.167111941098298,21.540976305708522,5.914195854117388,21.0,0,-0.5409763057085222,21.59255026560881,20.5,21.5
3057.0,21.1640613578809,21.461183836862652,5.912643181800951,21.0,0,-0.4611838368626522,20.663259148403952,20.5,21.5
3058.0,21.161011074245685,21.40808436462625,5.911089814467031,21.0,0,-0.40808436462625153,20.877089642262245,20.5,21.5
3059.0,21.15796108999373,21.415541792903255,5.909535753298584,21.0,0,-0.4155417929032552,21.490116075673292,20.5,21.5
3060.0,21.15491140492639,21.368633618679574,5.9079809994790935,21.0,0,-0.3686336186795742,20.899551876442764,20.5,21.5
3061.0,21.151862018845303,21.34877175789158,5.906425554192575,21.0,0,-0.3487717578915799,21.150153150011636,20.5,21.5
3062.0,21.148812931552374,21.36808526615281,5.904869418623566,21.0,0,-0.3680852661528107,21.56122034876512,20.5,21.5
3063.0,21.14576414284979,21.398401534560808,5.903312593957131,21.0,0,-0.39840153456080785,21.70156421864078,20.5,21.5
3064.0,21.14271565254001,21.476499752776697,5.901755081378862,21.0,0,-0.47649975277669654,22.257481934935583,20.5,21.5
3065.0,21.139667460425777,21.508783820628626,5.900196882074871,21.0,0,-0.5087838206286257,21.831624499147917,20.5,21.5
3066.0,21.136619566310106,21.498506034551845,5.898637997231793,21.0,0,-0.49850603455184483,21.395728173784036,20.5,21.5
3067.0,21.13357196999629,21.434677041664745,5.89707842803679,21.0,0,-0.4346770416647452,20.79638711279375,20.5,21.5
3068.0,21.130524671287898,21.467811041865954,5.895518175677539,21.0,0,-0.46781104186595357,21.799151043878037,20.5,21.5
3069.0,21.127477669988775,21.405969436295372,5.893957241342242,21.0,0,-0.4059694362953721,20.787553380589557,20.5,21.5
3070.0,21.124430965903045,21.43616385343142,5.892395626219618,21.0,0,-0.4361638534314203,21.738108024791902,20.5,21.5
3071.0,21.121384558835107,21.426273763282595,5.890833331498904,21.0,0,-0.4262737632825946,21.327372861794338,20.5,21.5
3072.0,21.11833844858964,21.43745250251269,5.889270358369855,21.0,0,-0.4374525025126914,21.54923989481366,20.5,21.5
3073.0,21.115292634971595,21.44627284900183,5.887706708022744,21.0,0,-0.4462728490018293,21.534476313893208,20.5,21.5
3074.0,21.112247117786207,21.37931831149691,5.88614238164836,21.0,0,-0.37931831149690964,20.709772936447713,20.5,21.5
3075.0,21.10920189683898,21.42338491295891,5.884577380438003,21.0,0,-0.4233849129589089,21.8640509275789,20.5,21.5
3076.0,21.1061569719357,21.431768396038873,5.88301170558349,21.0,0,-0.43176839603887274,21.51560322683851,20.5,21.5
3077.0,21.10311234288243,21.43982540026529,5.881445358277153,21.0,0,-0.4398254002652884,21.520395442529445,20.5,21.5
3078.0,21.100068009485508,21.3996703091524,5.879878339711831,21.0,0,-0.3996703091523983,20.998119398023498,20.5,21.5
3079.0,21.097023971551554,21.47061926115859,5.878310651080876,21.0,0,-0.4706192611585891,22.180108781220497,20.5,21.5
3080.0,21.09398022888746,21.352630500611884,5.876742293578155,21.0,1,-0.35263050061188395,20.172742895144832,20.5,21.5
3081.0,21.1109367813004,21.35786613279719,5.875173268398038,21.0,1,-0.3578661327971915,21.410222454650267,20.5,21.5
3082.0,21.127889628597817,21.405001869244224,5.873603576735405,21.0,0,-0.40500186924422366,21.876359233714545,20.5,21.5
3083.0,21.124838771387445,21.384537649929698,5.872033219785646,21.0,0,-0.3845376499296975,21.179895456784436,20.5,21.5
3084.0,21.121788210277124,21.462990670339025,5.870462198744655,21.0,0,-0.46299067033902475,22.247520874432297,20.5,21.5
3085.0,21.118737945074816,21.456924877445957,5.868890514808834,21.0,0,-0.45692487744595667,21.396266948515276,20.5,21.5
3086.0,21.115687975588763,21.37784438323776,5.867318169175089,21.0,0,-0.37784438323776115,20.587039441155806,20.5,21.5
3087.0,21.11263830162748,21.30044571778722,5.865745163040828,21.0,0,-0.30044571778721973,20.526459063281806,20.5,21.5
3088.0,21.109588922999762,21.339861075552754,5.864171497603965,21.0,0,-0.33986107555275424,21.7340146532081,20.5,21.5
3089.0,21.10653983951468,21.244761025628158,5.8625971740629135,21.0,1,-0.24476102562815782,20.293760526382194,20.5,21.5
3090.0,21.123491050981592,21.282658875285815,5.8610221936165905,21.0,0,-0.282658875285815,21.661637371862387,20.5,21.5
3091.0,21.120438557210118,21.362539382537353,5.859446557464411,21.0,0,-0.36253938253735285,22.16134445505273,20.5,21.5
3092.0,21.11738635881017,21.428153633331412,5.857870266806293,21.0,0,-0.4281536333314122,22.084296141272006,20.5,21.5
3093.0,21.114334455591766,21.38835799955944,5.856293322842646,21.0,0,-0.38835799955943884,20.990401661839705,20.5,21.5
3094.0,21.111282847365217,21.420140697231428,5.854715726774385,21.0,0,-0.4201406972314281,21.73796767395132,20.5,21.5
3095.0,21.108231533941098,21.433812816178573,5.853137479802917,21.0,0,-0.43381281617857326,21.570534005650025,20.5,21.5
3096.0,21.10518051513027,21.42598021097987,5.851558583130145,21.0,0,-0.42598021097986916,21.347654158992828,20.5,21.5
3097.0,21.10212979074387,21.3902291282942,5.8499790379584695,21.0,0,-0.39022912829420164,21.032718301437527,20.5,21.5
3098.0,21.09907936059331,21.391771228720646,5.848398845490781,21.0,0,-0.3917712287206463,21.407192232985093,20.5,21.5
3099.0,21.09602922449029,21.356690050107225,5.846818006930464,21.0,0,-0.35669005010722543,21.005878263973017,20.5,21.5
3100.0,21.092979382246778,21.417313552512912,5.8452365234813985,21.0,0,-0.4173135525129119,22.023548576569777,20.5,21.5
3101.0,21.089929833675026,21.448019332192338,5.843654396347952,21.0,0,-0.448019332192338,21.7550771289866,20.5,21.5
3102.0,21.08688057858756,21.425619481772102,5.842071626734981,21.0,0,-0.4256194817721024,21.201620977569746,20.5,21.5
3103.0,21.08383161679719,21.46031897660233,5.840488215847838,21.0,0,-0.46031897660233057,21.807313924904612,20.5,21.5
3104.0,21.080782948117,21.479663316624194,5.838904164892355,21.0,0,-0.4796633166241939,21.673106716842828,20.5,21.5
3105.0,21.077734572360356,21.367154171238063,5.837319475074857,21.0,1,-0.36715417123806304,20.242062717376754,20.5,21.5
3106.0,21.094686489340898,21.361127770838895,5.835734147602153,21.0,1,-0.3611277708388947,21.30086376684721,20.5,21.5
3107.0,21.11163469887255,21.433668753382555,5.834148183681542,21.0,0,-0.4336687533825554,22.159078578819162,20.5,21.5
3108.0,21.108579201569512,21.394399211293383,5.832561584520803,21.0,0,-0.39439921129338273,21.001703790401656,20.5,21.5
3109.0,21.105523998046102,21.449105135461274,5.830974351328199,21.0,0,-0.4491051354612736,21.996164377140182,20.5,21.5
3110.0,21.10246908811676,21.539011997397495,5.829386485312479,21.0,0,-0.5390119973974947,22.438080616759706,20.5,21.5
3111.0,21.099414471596198,21.584142059547315,5.82779798768287,21.0,0,-0.5841420595473146,22.035442681045513,20.5,21.5
3112.0,21.096360148299414,21.50494852675517,5.826208859649083,21.0,0,-0.5049485267551717,20.713013198833742,20.5,21.5
3113.0,21.093306118041685,21.50241543690546,5.82461910242131,21.0,0,-0.5024154369054585,21.477084538408327,20.5,21.5
3114.0,21.09025238063856,21.508974027819498,5.823028717210218,21.0,0,-0.5089740278194981,21.574559936959893,20.5,21.5
3115.0,21.087198935905874,21.484407337970858,5.821437705226955,21.0,0,-0.48440733797085755,21.238740439484452,20.5,21.5
3116.0,21.08414578365974,21.380612629965935,5.819846067683145,21.0,1,-0.3806126299659347,20.342665549916706,20.5,21.5
3117.0,21.101092923716543,21.356209957982262,5.818253805790892,21.0,1,-0.3562099579822622,21.112183238145537,20.5,21.5
3118.0,21.118036355892958,21.363643482379327,5.81666092076277,21.0,1,-0.3636434823793273,21.43797872634998,20.5,21.5
3119.0,21.13497608080593,21.343170651728283,5.815067413811832,21.0,1,-0.34317065172828265,21.138442345217836,20.5,21.5
3120.0,21.151912099072533,21.386651520273706,5.813473286151601,21.0,0,-0.38665152027370553,21.821460205727934,20.5,21.5
3121.0,21.14884441130995,21.432633015933916,5.811878538996076,21.0,0,-0.43263301593391645,21.892447972536026,20.5,21.5
3122.0,21.145777018135487,21.515335230243394,5.810283173559725,21.0,0,-0.5153352302433944,22.342357373338174,20.5,21.5
3123.0,21.14270991936657,21.539338153011307,5.80868719105749,21.0,0,-0.5393381530113075,21.779367380690438,20.5,21.5
3124.0,21.13964311482091,21.479318269703708,5.80709059270478,21.0,0,-0.4793182697037075,20.879119436627708,20.5,21.5
3125.0,21.136576604316485,21.423518511499225,5.805493379717475,21.0,0,-0.4235185114992248,20.865520929454398,20.5,21.5
3126.0,21.133510387671564,21.415119918460768,5.8038955533119205,21.0,0,-0.4151199184607677,21.331133988076196,20.5,21.5
3127.0,21.13044446470469,21.465658679294528,5.802297114704932,21.0,0,-0.46565867929452764,21.971046287632127,20.5,21.5
3128.0,21.12737883523469,21.478880940264975,5.80069806511379,21.0,0,-0.4788809402649754,21.611103549969453,20.5,21.5
3129.0,21.124313499080667,21.466693369016873,5.79909840575624,21.0,0,-0.4666933690168733,21.344817656535852,20.5,21.5
3130.0,21.121248456062002,21.49857706464328,5.797498137850493,21.0,0,-0.49857706464327833,21.81741402090733,20.5,21.5
3131.0,21.11818370599836,21.438778380104957,5.795897262615221,21.0,0,-0.4387783801049565,20.84079153472174,20.5,21.5
3132.0,21.115119248709682,21.357759910813428,5.794295781269561,21.0,0,-0.35775991081342795,20.547575217898142,20.5,21.5
3133.0,21.112055084016195,21.272268882244987,5.792693695033112,21.0,1,-0.2722688822449868,20.417358596560575,20.5,21.5
3134.0,21.1289912117384,21.294778595947452,5.79109100512593,21.0,0,-0.29477859594745226,21.519875732972107,20.5,21.5
3135.0,21.125923631697077,21.215567527267623,5.789487712768534,21.0,1,-0.2155675272676234,20.423456840469335,20.5,21.5
3136.0,21.14285634451329,21.239244425957303,5.787883819181903,21.0,1,-0.23924442595730255,21.476013412854094,20.5,21.5
3137.0,21.159785350008224,21.31304811679987,5.7862793255874685,21.0,0,-0.31304811679986955,22.05108502522554,20.5,21.5
3138.0,21.15671064880334,21.427155528474945,5.784674233207123,21.0,0,-0.42715552847494465,22.568229645225696,20.5,21.5
3139.0,21.15363624152022,21.451624608435232,5.783068543263215,21.0,0,-0.4516246084352318,21.696315408038103,20.5,21.5
3140.0,21.15056212798057,21.516883780838597,5.781462256978547,21.0,0,-0.5168837808385973,22.169475504872253,20.5,21.5
3141.0,21.14748830800637,21.50577797956014,5.7798553755763775,21.0,0,-0.5057779795601398,21.394719966775565,20.5,21.5
3142.0,21.144414781419883,21.467752912431305,5.778247900280412,21.0,0,-0.4677529124313047,21.087502241142953,20.5,21.5
3143.0,21.141341548043656,21.435597876305224,5.776639832314818,21.0,0,-0.4355978763052235,21.114047515044412,20.5,21.5
3144.0,21.13826860770051,21.45868143386833,5.775031172904207,21.0,0,-0.45868143386832827,21.689517009499376,20.5,21.5
3145.0,21.13519596021355,21.43223551916029,5.773421923273641,21.0,0,-0.43223551916029024,21.16777637207991,20.5,21.5
3146.0,21.132123605406164,21.54720812296562,5.771812084648637,21.0,0,-0.5472081229656212,22.69693416101893,20.5,21.5
3147.0,21.129051543102012,21.551805911706612,5.770201658255157,21.0,0,-0.5518059117066123,21.597783799116524,20.5,21.5
3148.0,21.125979773125042,21.584770759088116,5.768590645319607,21.0,0,-0.5847707590881157,21.91441923290315,20.5,21.5
3149.0,21.12290829529948,21.52957256908612,5.766979047068848,21.0,0,-0.5295725690861204,20.977590669066167,20.5,21.5
3150.0,21.119837109449836,21.53427336817094,5.76536686473018,21.0,0,-0.5342733681709397,21.581281359019133,20.5,21.5
3151.0,21.116766215400894,21.511792453634886,5.763754099531349,21.0,0,-0.5117924536348859,21.286983308274348,20.5,21.5
3152.0,21.11369561297772,21.52299157841404,5.762140752700549,21.0,0,-0.5229915784140395,21.634982826205576,20.5,21.5
3153.0,21.110625302005662,21.492595224379862,5.76052682546641,21.0,0,-0.4925952243798619,21.188631684038086,20.5,21.5
3154.0,21.107555282310354,21.554201908486082,5.758912319058011,21.0,0,-0.5542019084860819,22.17026874954828,20.5,21.5
3155.0,21.104485553717705,21.527059447740147,5.757297234704866,21.0,0,-0.5270594477401467,21.255634840280795,20.5,21.5
3156.0,21.1014161160539,21.429597046036445,5.7556815736369344,21.0,1,-0.4295970460364451,20.45497302899943,20.5,21.5
3157.0,21.118346969145417,21.383486605712314,5.7540653370846115,21.0,1,-0.38348660571231363,20.922382202471,20.5,21.5
3158.0,21.135274112819005,21.356637439084114,5.752448526278731,21.0,1,-0.35663743908411405,21.088145772802118,20.5,21.5
3159.0,21.152197547701697,21.32729887829597,5.750831142450567,21.0,1,-0.32729887829597004,21.03391327041453,20.5,21.5
3160.0,21.169117274420646,21.383955180842367,5.749213186831825,21.0,0,-0.3839551808423671,21.950518206306338,20.5,21.5
3161.0,21.166033293603128,21.363510924924206,5.747594660654649,21.0,0,-0.36351092492420634,21.1590683657426,20.5,21.5
3162.0,21.162949605876538,21.349025024248554,5.745975565151618,21.0,0,-0.3490250242485544,21.204166017492035,20.5,21.5
3163.0,21.159866211068394,21.381129228829494,5.744355901555744,21.0,0,-0.3811292288294936,21.702171274638886,20.5,21.5
3164.0,21.15678310900649,21.415513651415306,5.742735671100471,21.0,0,-0.4155136514153064,21.759357877273434,20.5,21.5
3165.0,21.15370029951891,21.401708042428226,5.741114875019672,21.0,0,-0.40170804242822555,21.263651952557417,20.5,21.5
3166.0,21.15061778243401,21.4761578995285,5.739493514547659,21.0,0,-0.4761578995284985,22.220656470531228,20.5,21.5
3167.0,21.147535557580433,21.428645077892412,5.737871590919164,21.0,0,-0.428645077892412,20.953516861531547,20.5,21.5
3168.0,21.1444536247871,21.427252360727227,5.736249105369356,21.0,0,-0.42725236072722694,21.413325189075376,20.5,21.5
3169.0,21.141371983883218,21.39087879401528,5.734626059133826,21.0,0,-0.39087879401527914,21.0271431268958,20.5,21.5
3170.0,21.13829063469827,21.32435670841584,5.733002453448595,21.0,0,-0.3243567084158414,20.659135852421464,20.5,21.5
3171.0,21.135209577062017,21.32741937514113,5.731378289550109,21.0,0,-0.3274193751411296,21.35804604239401,20.5,21.5
3172.0,21.132128810804517,21.370195818947913,5.729753568675239,21.0,0,-0.37019581894791287,21.797960257015745,20.5,21.5
3173.0,21.129048335756092,21.45883250313927,5.728128292061283,21.0,0,-0.45883250313926993,22.34519934505284,20.5,21.5
3174.0,21.125968151747355,21.47351362461594,5.726502460945958,21.0,0,-0.47351362461593993,21.62032483938264,20.5,21.5
3175.0,21.122888258609194,21.462455541125834,5.724876076567403,21.0,0,-0.4624555411258342,21.351874706224777,20.5,21.5
3176.0,21.119808656172786,21.453696268623993,5.723249140164185,21.0,0,-0.45369626862399315,21.366103543605583,20.5,21.5
3177.0,21.116729344269583,21.5589060604817,5.721621652975284,21.0,0,-0.5589060604817,22.61100397905877,20.5,21.5
3178.0,21.113650322731324,21.496014273003556,5.719993616240102,21.0,0,-0.4960142730035564,20.86709639822212,20.5,21.5
3179.0,21.110571591390027,21.545659248825487,5.718365031198462,21.0,0,-0.545659248825487,22.042109007044793,20.5,21.5
3180.0,21.10749315007799,21.63585810770947,5.716735899090601,21.0,0,-0.6358581077094705,22.537846696549305,20.5,21.5
3181.0,21.104414998627792,21.638585836448694,5.715106221157173,21.0,0,-0.6385858364486943,21.665863123840932,20.5,21.5
3182.0,21.1013371368723,21.57324618607686,5.71347599863925,21.0,0,-0.5732461860768616,20.919849682358535,20.5,21.5
3183.0,21.098259564644653,21.570923964755934,5.711845232778318,21.0,0,-0.5709239647559343,21.54770175154666,20.5,21.5
3184.0,21.09518228177828,21.53222956636937,5.710213924816274,21.0,0,-0.5322295663693701,21.14528558250373,20.5,21.5
3185.0,21.092105288106886,21.459270020303002,5.708582075995432,21.0,0,-0.459270020303002,20.72967455963932,20.5,21.5
3186.0,21.089028583464465,21.425373452218217,5.706949687558515,21.0,0,-0.4253734522182171,21.086407771370368,20.5,21.5
3187.0,21.085952167685285,21.39818528254269,5.705316760748657,21.0,0,-0.39818528254269125,21.126303585787433,20.5,21.5
3188.0,21.082876040603896,21.38225093852788,5.703683296809404,21.0,0,-0.3822509385278785,21.22290749837975,20.5,21.5
3189.0,21.079800202055136,21.385622833691283,5.702049296984709,21.0,0,-0.3856228336912828,21.419341785325326,20.5,21.5
3190.0,21.076724651874123,21.378188044439725,5.700414762518935,21.0,0,-0.37818804443972454,21.303840151924142,20.5,21.5
3191.0,21.073649389896254,21.37351609207897,5.69877969465685,21.0,0,-0.37351609207896885,21.326796568471412,20.5,21.5
3192.0,21.070574415957207,21.33052985469236,5.6971440946436305,21.0,0,-0.3305298546923616,20.90066748082629,20.5,21.5
3193.0,21.067499729892944,21.335110370158,5.6955079637248565,21.0,0,-0.3351103701579987,21.38091552481437,20.5,21.5
3194.0,21.06442533153971,21.26250227648026,5.693871303146511,21.0,0,-0.2625022764802587,20.53642133970286,20.5,21.5
3195.0,21.061351220734032,21.270133695920112,5.692234114154986,21.0,0,-0.27013369592011216,21.346447890318647,20.5,21.5
3196.0,21.058277397312715,21.27018343074791,5.69059639799707,21.0,0,-0.2701834307479096,21.270680779025884,20.5,21.5
3197.0,21.05520386111285,21.287368139330972,5.688958155919955,21.0,0,-0.2873681393309724,21.4592152251616,20.5,21.5
3198.0,21.052130611971812,21.288777114390214,5.687319389171233,21.0,0,-0.28877711439021425,21.302866864982633,20.5,21.5
3199.0,21.049057649727253,21.320775373463537,5.685680098998897,21.0,0,-0.3207753734635368,21.640757964196762,20.5,21.5
3200.0,21.045984974217106,21.432637661820298,5.684040286651338,21.0,0,-0.43263766182029784,22.55126054538791,20.5,21.5
3201.0,21.04291258527959,21.43923680268514,5.6823999533773435,21.0,0,-0.43923680268514076,21.50522821133357,20.5,21.5
3202.0,21.03984048275321,21.478031193621927,5.6807591004261,21.0,0,-0.47803119362192703,21.86597510298979,20.5,21.5
3203.0,21.036768666476743,21.42129821195436,5.679117729047189,21.0,0,-0.42129821195435824,20.85396839527867,20.5,21.5
3204.0,21.033697136289256,21.394544356201163,5.677475840490582,21.0,0,-0.39454435620116257,21.127005798669206,20.5,21.5
3205.0,21.030625892030095,21.257594430961124,5.675833436006654,21.0,1,-0.2575944309611238,19.888095178560736,20.5,21.5
3206.0,21.04755493353889,21.203204600982485,5.674190516846164,21.0,1,-0.2032046009824846,20.659306301196093,20.5,21.5
3207.0,21.064480260655554,21.130002874374522,5.672547084260269,21.0,1,-0.1300028743745223,20.3979856082949,20.5,21.5
3208.0,21.081401874020276,21.08744108145121,5.67090313950051,21.0,1,-0.08744108145121032,20.66182315221809,20.5,21.5
3209.0,21.09831977427337,21.1358999975095,5.669258683818827,21.0,0,-0.135899997509501,21.620489158092408,20.5,21.5
3210.0,21.09523396205528,21.169226895433656,5.667613718467543,21.0,0,-0.1692268954336562,21.50249587467521,20.5,21.5
3211.0,21.09214843800656,21.266936049793898,5.665968244699369,21.0,0,-0.2669360497938982,22.244027593396318,20.5,21.5
3212.0,21.0890632019679,21.403152518505514,5.664322263767406,21.0,0,-0.4031525185055145,22.765317205621677,20.5,21.5
3213.0,21.085978253780258,21.411445386820866,5.662675776925143,21.0,0,-0.4114453868208656,21.494374069974377,20.5,21.5
3214.0,21.082893593284886,21.347252721835954,5.6610287854264465,21.0,0,-0.3472527218359538,20.705326071986836,20.5,21.5
3215.0,21.079809220323316,21.430483216480347,5.659381290525575,21.0,0,-0.43048321648034715,22.26278816292428,20.5,21.5
3216.0,21.076725134737355,21.36670686087642,5.6577332934771665,21.0,0,-0.3667068608764197,20.728943304837145,20.5,21.5
3217.0,21.073641336369104,21.258373036901066,5.656084795536243,21.0,1,-0.25837303690106594,20.17503479714753,20.5,21.5
3218.0,21.090557825060937,21.332177204403113,5.654435797958208,21.0,0,-0.3321772044031128,22.07021887942358,20.5,21.5
3219.0,21.087470600655518,21.294552258651812,5.6527863019988445,21.0,0,-0.29455225865181234,20.918302801138807,20.5,21.5
3220.0,21.084383663795787,21.2113352456034,5.651136308914314,21.0,1,-0.21133524560340078,20.379165115119285,20.5,21.5
3221.0,21.10129701432481,21.26211776256809,5.649485819961159,21.0,0,-0.2621177625680886,21.769942932214967,20.5,21.5
3222.0,21.09820665208594,21.316111369388327,5.647834836396299,21.0,0,-0.3161113693883273,21.856047437590714,20.5,21.5
3223.0,21.095116577722802,21.309665975566144,5.64618335947703,21.0,0,-0.30966597556614417,21.245212037344313,20.5,21.5
3224.0,21.092026791079153,21.347676638038656,5.644531390461022,21.0,0,-0.34767663803865645,21.72778326276378,20.5,21.5
3225.0,21.08893729199903,21.408341755412835,5.642878930606323,21.0,0,-0.4083417554128346,22.014992929154616,20.5,21.5
3226.0,21.085848080326752,21.41321959962831,5.6412259811713525,21.0,0,-0.41321959962830945,21.46199804178306,20.5,21.5
3227.0,21.08275915590692,21.305878674668804,5.639572543414903,21.0,1,-0.30587867466880425,20.232469425073752,20.5,21.5
3228.0,21.09967051858442,21.303642336494253,5.63791861859614,21.0,1,-0.3036423364942529,21.28127895474874,20.5,21.5
3229.0,21.116578168204423,21.351766740931385,5.636264207974599,21.0,0,-0.35176674093138516,21.833010785302708,20.5,21.5
3230.0,21.113482105412377,21.32215137168661,5.634609312810185,21.0,0,-0.32215137168660846,21.02599767923884,20.5,21.5
3231.0,21.110386330853856,21.27238939337977,5.632953934363172,21.0,0,-0.2723893933797683,20.774769610311367,20.5,21.5
3232.0,21.107290844374557,21.311664470976485,5.631298073894206,21.0,0,-0.31166447097648486,21.70441524694365,20.5,21.5
3233.0,21.10419564582046,21.336384836216762,5.629641732664292,21.0,0,-0.3363848362167623,21.583588488619537,20.5,21.5
3234.0,21.10110073503783,21.327530911660617,5.627984911934809,21.0,0,-0.32753091166061665,21.23899166609916,20.5,21.5
3235.0,21.098006111873207,21.26369998107639,5.6263276129675,21.0,0,-0.2636999810763889,20.62539067523411,20.5,21.5
3236.0,21.094911776173426,21.292265466981018,5.624669837024466,21.0,0,-0.29226546698101785,21.577920326027307,20.5,21.5
3237.0,21.091817727785596,21.36832713978397,5.623011585368176,21.0,0,-0.36832713978396825,22.128943867813472,20.5,21.5
3238.0,21.08872396655711,21.383794095237533,5.621352859261464,21.0,0,-0.3837940952375334,21.538463649773185,20.5,21.5
3239.0,21.085630492335653,21.441824933131596,5.619693659967519,21.0,0,-0.44182493313159554,22.022133312072217,20.5,21.5
3240.0,21.08253730496918,21.461907142816294,5.618033988749896,21.0,0,-0.46190714281629397,21.66272923966328,20.5,21.5
3241.0,21.079444404305935,21.47483901069209,5.616373846872504,21.0,0,-0.4748390106920901,21.60415768945005,20.5,21.5
3242.0,21.076351790194447,21.404010218041275,5.6147132355996145,21.0,0,-0.40401021804127524,20.695722291533126,20.5,21.5
3243.0,21.073259462483527,21.322088357291257,5.613052156195856,21.0,0,-0.32208835729125695,20.502869749791074,20.5,21.5
3244.0,21.07016742102227,21.267104786319596,5.611390609926211,21.0,0,-0.2671047863195959,20.717269076602985,20.5,21.5
3245.0,21.06707566566005,21.29311405496639,5.609728598056021,21.0,0,-0.29311405496639154,21.553206741434348,20.5,21.5
3246.0,21.06398419624653,21.31144392415171,5.608066121850982,21.0,0,-0.3114439241517104,21.4947426160049,20.5,21.5
3247.0,21.060893012631652,21.40333153574274,5.606403182577136,21.0,0,-0.4033315357427405,22.32220765165304,20.5,21.5
3248.0,21.05780211466564,21.435815275156312,5.604739781500889,21.0,0,-0.4358152751563118,21.760652669292025,20.5,21.5
3249.0,21.05471150219901,21.465757676318876,5.603075919888992,21.0,0,-0.46575767631887643,21.765181687944523,20.5,21.5
3250.0,21.05162117508255,21.41883152445439,5.601411599008546,21.0,0,-0.4188315244543901,20.949570005809527,20.5,21.5
3251.0,21.048531133167334,21.373276969653798,5.599746820127007,21.0,0,-0.37327696965379786,20.917731421647876,20.5,21.5
3252.0,21.045441376304726,21.336113278015425,5.598081584512174,21.0,0,-0.336113278015425,20.964476361631696,20.5,21.5
3253.0,21.04235190434637,21.28943751259136,5.596415893432197,21.0,0,-0.2894375125913591,20.8226798583507,20.5,21.5
3254.0,21.039262717144187,21.236300418903312,5.5947497481555715,21.0,0,-0.236300418903312,20.70492948202284,20.5,21.5
3255.0,21.036173814550388,21.252279689143837,5.593083149951142,21.0,0,-0.2522796891438368,21.412072391549085,20.5,21.5
3256.0,21.033085196417467,21.243463906876645,5.591416100088093,21.0,0,-0.2434639068766451,21.155306084204728,20.5,21.5
3257.0,21.0299968625982,21.281306001280765,5.589748599835958,21.0,0,-0.28130600128076466,21.65972694532196,20.5,21.5
3258.0,21.026908812945646,21.275816440629814,5.588080650464608,21.0,0,-0.27581644062981425,21.22092083412031,20.5,21.5
3259.0,21.02382104731315,21.2548715218062,5.586412253244261,21.0,0,-0.25487152180620143,21.045422333570073,20.5,21.5
3260.0,21.020733565554334,21.30036425119092,5.5847434094454735,21.0,0,-0.3003642511909206,21.755291545038112,20.5,21.5
3261.0,21.017646367523113,21.26938212935668,5.583074120339143,21.0,0,-0.2693821293566785,20.959560911014258,20.5,21.5
3262.0,21.014559453073677,21.200220986501648,5.581404387196506,21.0,0,-0.2002209865016482,20.508609557951345,20.5,21.5
3263.0,21.0114728220605,21.23131956420224,5.579734211289136,21.0,0,-0.23131956420224142,21.542305341208174,20.5,21.5
3264.0,21.008386474338348,21.278224264432755,5.578063593888944,21.0,0,-0.2782242644327546,21.747271266737886,20.5,21.5
3265.0,21.00530040976226,21.23478634171279,5.5763925362681785,21.0,0,-0.2347863417127911,20.800407114513156,20.5,21.5
3266.0,21.00221462818756,21.33454650841129,5.5747210396994245,21.0,0,-0.3345465084112895,22.332148175396274,20.5,21.5
3267.0,20.99912912946986,21.312669210488785,5.573049105455596,21.0,0,-0.31266921048878515,21.09389623126374,20.5,21.5
3268.0,20.99604391346506,21.272994893096307,5.571376734809948,21.0,0,-0.27299489309630687,20.876251719171524,20.5,21.5
3269.0,20.99295898002933,21.255017234156405,5.569703929036059,21.0,0,-0.255017234156405,21.075240644757386,20.5,21.5
3270.0,20.98987432901913,21.295190903044848,5.568030689407845,21.0,0,-0.29519090304484763,21.696927591929274,20.5,21.5
3271.0,20.98678996029121,21.229428282932968,5.566357017199552,21.0,0,-0.22942828293296813,20.571802081814173,20.5,21.5
3272.0,20.98370587370259,21.241414217614913,5.564682913685753,21.0,0,-0.24141421761491344,21.361273564434367,20.5,21.5
3273.0,20.980622069110588,21.25452564204878,5.563008380141352,21.0,0,-0.2545256420487796,21.38563988638744,20.5,21.5
3274.0,20.977538546372795,21.253985187285995,5.561333417841576,21.0,0,-0.25398518728599484,21.248580639658147,20.5,21.5
3275.0,20.97445530534709,21.261031957943263,5.5596580280619845,21.0,0,-0.2610319579432634,21.33149966451595,20.5,21.5
3276.0,20.97137234589163,21.24052676928833,5.557982212078459,21.0,0,-0.24052676928832994,21.035474882738995,20.5,21.5
3277.0,20.96828966786487,21.258879129855405,5.556305971167205,21.0,0,-0.25887912985540495,21.442402735526155,20.5,21.5
3278.0,20.96520727112553,21.32808066617346,5.554629306604755,21.0,0,-0.32808066617345943,22.020096029354004,20.5,21.5
3279.0,20.962125155532625,21.382692013483418,5.552952219667962,21.0,0,-0.3826920134834175,21.928805486583,20.5,21.5
3280.0,20.95904332094545,21.387732927424885,5.551274711633998,21.0,0,-0.3877329274248851,21.43814206683956,20.5,21.5
3281.0,20.955961767223588,21.390930587624005,5.549596783780362,21.0,0,-0.39093058762400545,21.42290718961521,20.5,21.5
3282.0,20.9528804942269,21.35375107888567,5.547918437384865,21.0,0,-0.3537510788856686,20.9819559915023,20.5,21.5
3283.0,20.94979950181553,21.33797593597229,5.546239673725643,21.0,0,-0.33797593597228826,21.180224506838485,20.5,21.5
3284.0,20.94671878984991,21.290085346696333,5.544560494081149,21.0,0,-0.29008534669633335,20.811179453936784,20.5,21.5
3285.0,20.943638358190757,21.271555884522506,5.542880899730149,21.0,0,-0.2715558845225061,21.086261262784234,20.5,21.5
3286.0,20.940558206699066,21.226378966366003,5.541200891951728,21.0,0,-0.22637896636600274,20.77460978480097,20.5,21.5
3287.0,20.937478335236115,21.213654202210268,5.539520472025284,21.0,0,-0.2136542022102681,21.08640656065292,20.5,21.5
3288.0,20.934398743663472,21.19083225181884,5.537839641230532,21.0,0,-0.1908322518188399,20.962612747904558,20.5,21.5
3289.0,20.931319431842986,21.133789804037566,5.536158400847496,21.0,0,-0.13378980403756557,20.563365326224822,20.5,21.5
3290.0,20.92824039963679,21.108190472064898,5.534476752156514,21.0,0,-0.10819047206489785,20.85219715233822,20.5,21.5
3291.0,20.92516164690729,21.20663069504092,5.532794696438235,21.0,0,-0.20663069504092135,22.191032924801156,20.5,21.5
3292.0,20.922083173517198,21.25872269929731,5.531112234973618,21.0,0,-0.2587226992973086,21.77964274186118,20.5,21.5
3293.0,20.91900497932949,21.1891074005785,5.529429369043929,21.0,1,-0.18910740057850006,20.492954413390414,20.5,21.5
3294.0,20.935927064207434,21.208331161687315,5.527746099930746,21.0,1,-0.20833116168731536,21.40056877277547,20.5,21.5
3295.0,20.952845428014577,21.20015327277693,5.52606242891595,21.0,1,-0.20015327277693018,21.11837438367308,20.5,21.5
3296.0,20.969760071414758,21.19317135050624,5.52437835728173,21.0,1,-0.19317135050624046,21.123352127799343,20.5,21.5
3297.0,20.986670995071933,21.169178201291963,5.522693886310579,21.0,1,-0.16917820129196315,20.92924670914919,20.5,21.5
3298.0,21.003578199650182,21.224870216537727,5.521009017285297,21.0,0,-0.22487021653772743,21.78179036899537,20.5,21.5
3299.0,21.00048168581371,21.199635585406675,5.519323751488983,21.0,0,-0.19963558540667492,20.94728927409615,20.5,21.5
3300.0,20.997385454226844,21.222626038889878,5.5176380902050415,21.0,0,-0.22262603888987798,21.45253057372191,20.5,21.5
3301.0,20.99428950475404,21.25549935166908,5.515952034717177,21.0,0,-0.25549935166908,21.5842324794611,20.5,21.5
3302.0,20.99119383726003,21.27190720530261,5.514265586309393,21.0,0,-0.27190720530261103,21.43598574163792,20.5,21.5
3303.0,20.98809845160984,21.27659106890829,5.512578746265993,21.0,0,-0.27659106890828866,21.323429704965065,20.5,21.5
3304.0,20.985003347668773,21.337728611429974,5.510891515871581,21.0,0,-0.33772861142997357,21.949104036646823,20.5,21.5
3305.0,20.981908525302412,21.347174840199855,5.509203896411055,21.0,0,-0.34717484019985534,21.441637127898673,20.5,21.5
3306.0,20.978813984376632,21.278031917290473,5.507515889169611,21.0,0,-0.2780319172904733,20.586602688196653,20.5,21.5
3307.0,20.975719724757592,21.240272842488032,5.50582749543274,21.0,0,-0.24027284248803227,20.862682094463622,20.5,21.5
3308.0,20.972625746311728,21.26125534122511,5.504138716486228,21.0,0,-0.26125534122510885,21.471080328595875,20.5,21.5
3309.0,20.969532048905762,21.281879534792687,5.5024495536161515,21.0,0,-0.28187953479268657,21.488121470468464,20.5,21.5
3310.0,20.966438632406703,21.260561361185598,5.500760008108883,21.0,0,-0.2605613611855979,21.04737962511471,20.5,21.5
3311.0,20.963345496681843,21.257914663360513,5.499070081251085,21.0,0,-0.2579146633605127,21.23144768510966,20.5,21.5
3312.0,20.960252641598757,21.258216860311354,5.49737977432971,21.0,0,-0.2582168603113537,21.261238829819764,20.5,21.5
3313.0,20.957160067025303,21.145625846396904,5.495689088632,21.0,1,-0.14562584639690357,20.019715707252402,20.5,21.5
3314.0,20.974067772829624,21.13474176928282,5.493998025445486,21.0,1,-0.13474176928281878,21.02590099814197,20.5,21.5
3315.0,20.990971758880146,21.18642338795363,5.492306586057986,21.0,0,-0.18642338795363145,21.703239574661758,20.5,21.5
3316.0,20.987872025845583,21.234261549505213,5.490614771757604,21.0,0,-0.23426154950521294,21.712643165021028,20.5,21.5
3317.0,20.984772574394764,21.267071590519436,5.488922583832734,21.0,0,-0.26707159051943563,21.595172000661663,20.5,21.5
3318.0,20.981673404396652,21.363488652778152,5.487230023572046,21.0,0,-0.3634886527781518,22.327659275365313,20.5,21.5
3319.0,20.97857451572049,21.329719861640843,5.485537092264499,21.0,0,-0.329719861640843,20.992031950267755,20.5,21.5
3320.0,20.975475908235797,21.26292966185063,5.483843791199336,21.0,0,-0.26292966185063094,20.59502766394851,20.5,21.5
3321.0,20.97237758181239,21.213899834097393,5.482150121666077,21.0,0,-0.21389983409739344,20.72360155656502,20.5,21.5
3322.0,20.96927953632036,21.251428694441902,5.480456084954528,21.0,0,-0.25142869444190197,21.626717297886987,20.5,21.5
3323.0,20.966181771630087,21.253403485345462,5.478761682354769,21.0,0,-0.2534034853454621,21.273151394381063,20.5,21.5
3324.0,20.963084287612233,21.28893218322863,5.477066915157162,21.0,0,-0.28893218322863135,21.644219162060324,20.5,21.5
3325.0,20.95998708413774,21.25918328969945,5.475371784652347,21.0,0,-0.25918328969945037,20.96169435440764,20.5,21.5
3326.0,20.956890161077844,21.33695563774453,5.473676292131238,21.0,0,-0.33695563774453063,22.114679118195333,20.5,21.5
3327.0,20.953793518304053,21.368084562869996,5.471980438885026,21.0,0,-0.3680845628699956,21.679373814124645,20.5,21.5
3328.0,20.950697155688168,21.31299820348859,5.47028422620518,21.0,0,-0.31299820348858987,20.762134609674533,20.5,21.5
3329.0,20.94760107310227,21.296774942676254,5.468587655383438,21.0,0,-0.2967749426762545,21.1345423345529,20.5,21.5
3330.0,20.944505270418727,21.353643995729755,5.466890727711811,21.0,0,-0.3536439957297546,21.922334526264756,20.5,21.5
3331.0,20.941409747510185,21.294420801382802,5.465193444482585,21.0,0,-0.29442080138280247,20.70218885791328,20.5,21.5
3332.0,20.93831450424958,21.147574417207885,5.463495806988314,21.0,1,-0.14757441720788478,19.679110575458708,20.5,21.5
3333.0,20.955219540510125,21.215605669659567,5.461797816521824,21.0,0,-0.21560566965956696,21.89591819417639,20.5,21.5
3334.0,20.952120856165326,21.184408607114726,5.460099474376209,21.0,0,-0.18440860711472595,20.872437981666316,20.5,21.5
3335.0,20.94902245188897,21.105109844527288,5.458400781844829,21.0,1,-0.10510984452728778,20.312122218652906,20.5,21.5
3336.0,20.96592432755496,21.051857622355733,5.456701740221312,21.0,1,-0.05185762235573321,20.519335400640188,20.5,21.5
3337.0,20.98282248303749,21.12779726510789,5.455002350799552,21.0,0,-0.12779726510789047,21.887193692629463,20.5,21.5
3338.0,20.979716919011043,21.080173275126423,5.45330261487371,21.0,0,-0.08017327512642325,20.60393337531175,20.5,21.5
3339.0,20.976611636150217,21.10389876350124,5.451602533738207,21.0,0,-0.10389876350123828,21.34115364724939,20.5,21.5
3340.0,20.973506634329734,21.10993807275999,5.449902108687731,21.0,0,-0.10993807275999146,21.170331165347523,20.5,21.5
3341.0,20.970401913424606,21.167367209209353,5.448201341017226,21.0,0,-0.16736720920935255,21.741658573702964,20.5,21.5
3342.0,20.967297473310126,21.103579382523442,5.4465002320219025,21.0,1,-0.10357938252344212,20.465701115664338,20.5,21.5
3343.0,20.98419331386187,21.11398162327508,5.44479878299723,21.0,1,-0.11398162327508032,21.218004030791462,20.5,21.5
3344.0,21.001085434955698,21.13347474623171,5.4430969952389345,21.0,1,-0.13347474623170896,21.328405975797995,20.5,21.5
3345.0,21.017973837267753,21.161858746425672,5.441394870043003,21.0,1,-0.161858746425672,21.445698748365302,20.5,21.5
3346.0,21.03485852147431,21.181510256195278,5.4396924087056755,21.0,1,-0.18151025619527772,21.378025353891335,20.5,21.5
3347.0,21.051739488251755,21.264551145303585,5.4379896125234515,21.0,0,-0.26455114530358514,22.09496003638666,20.5,21.5
3348.0,21.04861673827661,21.284866216561305,5.4362864827930855,21.0,0,-0.28486621656130495,21.488016929138503,20.5,21.5
3349.0,21.045494272225515,21.293592680818286,5.434583020811583,21.0,0,-0.2935926808182856,21.380857323388092,20.5,21.5
3350.0,21.04237208997523,21.322655218468082,5.432879227876206,21.0,0,-0.322655218468082,21.613280594966046,20.5,21.5
3351.0,21.03925019140281,21.32395214559986,5.431175105284466,21.0,0,-0.3239521455998613,21.336921416917654,20.5,21.5
3352.0,21.036128576385586,21.340498360935534,5.429470654334127,21.0,0,-0.3404983609355341,21.505960514292262,20.5,21.5
3353.0,21.033007244801176,21.31457212786114,5.4277658763232015,21.0,0,-0.3145721278611404,21.055309797117204,20.5,21.5
3354.0,21.02988619652748,21.265518777629204,5.4260607725499534,21.0,0,-0.26551877762920384,20.774985275309838,20.5,21.5
3355.0,21.026765431442687,21.25758478698131,5.424355344312892,21.0,0,-0.2575847869813117,21.17824488050239,20.5,21.5
3356.0,21.02364494942526,21.253839727246465,5.422649592910778,21.0,0,-0.253839727246465,21.216389129897998,20.5,21.5
3357.0,21.020524750353957,21.212653676923757,5.420943519642612,21.0,0,-0.21265367692375747,20.800793173696682,20.5,21.5
3358.0,21.017404834107815,21.131145362486045,5.419237125807644,21.0,1,-0.1311453624860448,20.316062218108918,20.5,21.5
3359.0,21.034285200566156,21.149356286917474,5.417530412705367,21.0,1,-0.14935628691747382,21.331465531231764,20.5,21.5
3360.0,21.051161849608583,21.18712613398423,5.415823381635518,21.0,0,-0.18712613398422917,21.564824604651783,20.5,21.5
3361.0,21.04803478191499,21.153300955081555,5.414116033898076,21.0,0,-0.15330095508155495,20.815049166054813,20.5,21.5
3362.0,21.044907998165385,21.215955969659912,5.412408370793259,21.0,0,-0.21595596965991248,21.842506115443488,20.5,21.5
3363.0,21.04178149823991,21.36333297736258,5.410700393621528,21.0,0,-0.36333297736258174,22.837103054389274,20.5,21.5
3364.0,21.038655282018986,21.356711522770183,5.408992103683581,21.0,0,-0.35671152277018336,21.2904969768462,20.5,21.5
3365.0,21.03552934938332,21.27980746620107,5.407283502280355,21.0,0,-0.27980746620107055,20.510766900509942,20.5,21.5
3366.0,21.0324037002139,21.36906667156431,5.405574590713025,21.0,0,-0.3690666715643083,22.261658725196686,20.5,21.5
3367.0,21.029278334392,21.362031405598714,5.403865370283002,21.0,0,-0.3620314055987137,21.291678745942768,20.5,21.5
3368.0,21.02615325179918,21.318138109107593,5.40215584229193,21.0,0,-0.31813810910759344,20.87920514419639,20.5,21.5
3369.0,21.023028452317277,21.365597040323053,5.40044600804169,21.0,0,-0.3655970403230526,21.840186352477645,20.5,21.5
3370.0,21.01990393582842,21.344948891986967,5.398735868834395,21.0,0,-0.34494889198696654,21.138467408626106,20.5,21.5
3371.0,21.016779702215022,21.281587114462493,5.39702542597239,21.0,0,-0.28158711446249285,20.647969339217756,20.5,21.5
3372.0,21.013655751359774,21.243645185851445,5.3953146807582515,21.0,0,-0.24364518585144523,20.86422589974097,20.5,21.5
3373.0,21.010532083145655,21.240634007166683,5.393603634494789,21.0,0,-0.24063400716668326,21.210522220319064,20.5,21.5
3374.0,21.007408697455926,21.289253719674683,5.391892288485036,21.0,0,-0.28925371967468294,21.77545084475468,20.5,21.5
3375.0,21.00428559417413,21.370903158632817,5.390180644032256,21.0,0,-0.3709031586328173,22.18739754821416,20.5,21.5
3376.0,21.001162773184102,21.39261496602844,5.388468702439944,21.0,0,-0.3926149660284395,21.60973303998466,20.5,21.5
3377.0,20.998040234369952,21.36794009910538,5.386756465011816,21.0,0,-0.36794009910537895,21.121191429874774,20.5,21.5
3378.0,20.99491797761608,21.346577704722513,5.385043933051816,21.0,0,-0.34657770472251315,21.132953760893855,20.5,21.5
3379.0,20.991796002807167,21.293648992948835,5.38333110786411,21.0,0,-0.2936489929488353,20.764361875212057,20.5,21.5
3380.0,20.988674309828177,21.300935242206652,5.38161799075309,21.0,0,-0.300935242206652,21.37379773478482,20.5,21.5
3381.0,20.98555289856436,21.172437973943016,5.37990458302337,21.0,1,-0.17243797394301552,19.88746529130665,20.5,21.5
3382.0,21.002431768901253,21.205216133984003,5.378190885979782,21.0,0,-0.20521613398400262,21.532997734393874,20.5,21.5
3383.0,20.99930692072467,21.298078115277853,5.3764769009273845,21.0,0,-0.29807811527785333,22.22669792821636,20.5,21.5
3384.0,20.996182354720712,21.269845217046043,5.37476262917145,21.0,0,-0.2698452170460435,20.987516234727945,20.5,21.5
3385.0,20.993058070775604,21.188597378056194,5.373048072017469,21.0,1,-0.18859737805619403,20.3761189881577,20.5,21.5
3386.0,21.009934068775852,21.292396740964712,5.371333230771154,21.0,0,-0.2923967409647119,22.33039037004989,20.5,21.5
3387.0,21.00680634860825,21.311038182531114,5.369618106738431,21.0,0,-0.3110381825311137,21.49745259819513,20.5,21.5
3388.0,21.003678910959877,21.280503063586462,5.367902701225439,21.0,0,-0.2805030635864618,20.975151874139943,20.5,21.5
3389.0,21.00055175571793,21.291451921796014,5.366187015538539,21.0,0,-0.2914519217960141,21.400940503891537,20.5,21.5
3390.0,20.99742488276989,21.372217211847715,5.364471050984296,21.0,0,-0.3722172118477154,22.17987011236473,20.5,21.5
3391.0,20.994298292003535,21.295166854364755,5.362754808869492,21.0,0,-0.295166854364755,20.52466327953515,20.5,21.5
3392.0,20.99117198330691,21.254810360860745,5.36103829050112,21.0,0,-0.2548103608607448,20.851245425820643,20.5,21.5
3393.0,20.98804595656835,21.290143377921147,5.359321497186385,21.0,0,-0.2901433779211473,21.643473548525172,20.5,21.5
3394.0,20.984920211676474,21.298294162791425,5.3576044302326995,21.0,0,-0.29829416279142507,21.379802011494203,20.5,21.5
3395.0,20.981794748520187,21.246003516030523,5.355887090947684,21.0,0,-0.24600351603052317,20.723097048421504,20.5,21.5
3396.0,20.97866956698867,21.37135755879288,5.354169480639166,21.0,0,-0.3713575587928801,22.62489798641645,20.5,21.5
3397.0,20.975544666971402,21.355933283837025,5.352451600615184,21.0,0,-0.35593328383702527,21.201690534278477,20.5,21.5
3398.0,20.97242004835813,21.32312292918603,5.350733452183974,21.0,0,-0.3231229291860309,20.995019382676087,20.5,21.5
3399.0,20.969295711038896,21.36279232737855,5.3490150366539835,21.0,0,-0.36279232737854983,21.75948630930374,20.5,21.5
3400.0,20.96617165490402,21.503190684357207,5.347296355333861,21.0,0,-0.5031906843572074,22.907174254143783,20.5,21.5
3401.0,20.963047879844105,21.404402094906676,5.3455774095324555,21.0,1,-0.40440209490667556,20.416516200401357,20.5,21.5
3402.0,20.979924385750042,21.392431585566616,5.343858200558819,21.0,1,-0.39243158556661584,21.27272649216602,20.5,21.5
3403.0,20.996797172513006,21.426542344688205,5.342138729722206,21.0,0,-0.4265423446882046,21.767649935904092,20.5,21.5
3404.0,20.993666240824446,21.277127581981908,5.340418998332066,21.0,1,-0.2771275819819081,19.782979954918943,20.5,21.5
3405.0,21.010535591375948,21.214474697755456,5.3386990076980485,21.0,1,-0.21447469775545613,20.587945855490936,20.5,21.5
3406.0,21.02740122405921,21.238541484220935,5.336978759130005,21.0,1,-0.23854148422093502,21.479209348875724,20.5,21.5
3407.0,21.044263139566226,21.24647406325805,5.335258253937978,21.0,1,-0.24647406325804866,21.325799853629185,20.5,21.5
3408.0,21.0611213385891,21.177288115354685,5.333537493432204,21.0,1,-0.1772881153546848,20.485428636321046,20.5,21.5
3409.0,21.07797582182007,21.372245473178847,5.3318164789231215,21.0,0,-0.3722454731788467,23.321819051420466,20.5,21.5
3410.0,21.07482658995149,21.404233398663507,5.330095211721355,21.0,0,-0.40423339866350716,21.72411265351011,20.5,21.5
3411.0,21.07167764367584,21.480790853691296,5.328373693137727,21.0,0,-0.48079085369129615,22.246365403969186,20.5,21.5
3412.0,21.068528982885734,21.525375172394483,5.326651924483245,21.0,0,-0.5253751723944831,21.971218359426352,20.5,21.5
3413.0,21.065380607474054,21.53912621884467,5.324929907069113,21.0,0,-0.5391262188446717,21.67663668334656,20.5,21.5
3414.0,21.062232517333975,21.43320338596147,5.3232076422067225,21.0,1,-0.4332033859614697,20.37397505712945,20.5,21.5
3415.0,21.07908471235895,21.43172579601271,5.321485131207652,21.0,1,-0.4317257960127101,21.416949896525114,20.5,21.5
3416.0,21.09593319244272,21.48103453951604,5.31976237538367,21.0,0,-0.48103453951603825,21.97412197454932,20.5,21.5
3417.0,21.092777958279306,21.477342700053306,5.3180393760467295,21.0,0,-0.47734270005330615,21.440424305425985,20.5,21.5
3418.0,21.08962301056286,21.45108827359887,5.316316134508967,21.0,0,-0.45108827359887016,21.18854400905451,20.5,21.5
3419.0,21.08646834918765,21.488482407450903,5.314592652082709,21.0,0,-0.48848240745090266,21.862423745971228,20.5,21.5
3420.0,21.08331397404823,21.39687296193072,5.312868930080462,21.0,1,-0.3968729619307183,20.480778506728875,20.5,21.5
3421.0,21.10015988503944,21.337615075344058,5.311144969814913,21.0,1,-0.33761507534405766,20.74503620947745,20.5,21.5
3422.0,21.117002082056395,21.35874539129165,5.309420772598937,21.0,0,-0.35874539129164873,21.57004855076756,20.5,21.5
3423.0,21.113840565794504,21.37987006248379,5.307696339745581,21.0,0,-0.3798700624837892,21.591116774405194,20.5,21.5
3424.0,21.110679336949296,21.336625061089695,5.305971672568077,21.0,0,-0.3366250610896948,20.90417504714875,20.5,21.5
3425.0,21.10751839541642,21.42628502654098,5.304246772379833,21.0,0,-0.426285026540981,22.322884681053843,20.5,21.5
3426.0,21.104357741091814,21.3915673763085,5.302521640494438,21.0,0,-0.391567376308501,21.0443908739837,20.5,21.5
3427.0,21.101197373871695,21.423752460440394,5.300796278225654,21.0,0,-0.4237524604403937,21.74560330175932,20.5,21.5
3428.0,21.098037293652567,21.44057921493311,5.299070686887419,21.0,0,-0.44057921493310914,21.608846759860263,20.5,21.5
3429.0,21.094877500331215,21.500463457125925,5.297344867793846,21.0,0,-0.5004634571259245,22.09930587905408,20.5,21.5
3430.0,21.091717993804707,21.487636944273728,5.295618822259222,21.0,0,-0.48763694427372783,21.35937181575176,20.5,21.5
3431.0,21.088558773970398,21.49440706833783,5.293892551598003,21.0,0,-0.49440706833782855,21.562108308978836,20.5,21.5
3432.0,21.085399840725923,21.39495656688228,5.292166057124823,21.0,1,-0.39495656688227854,20.40045155232678,20.5,21.5
3433.0,21.102241193969203,21.392710013184587,5.290439340154482,21.0,1,-0.39271001318458687,21.37024447620767,20.5,21.5
3434.0,21.11907883359844,21.3431172251962,5.288712402001948,21.0,1,-0.3431172251961989,20.84718934531232,20.5,21.5
3435.0,21.13591276031212,21.342487053948986,5.286985243982358,21.0,1,-0.34248705394898593,21.336185341476856,20.5,21.5
3436.0,21.152742974808856,21.398071282312486,5.2852578674110235,21.0,0,-0.3980712823124861,21.953913565947488,20.5,21.5
3437.0,21.149569477787377,21.526383923851807,5.2835302736034135,21.0,0,-0.5263839238518067,22.809510339245012,20.5,21.5
3438.0,21.14639626994654,21.510377874882174,5.281802463875165,21.0,0,-0.5103778748821739,21.350317385185846,20.5,21.5
3439.0,21.143223351185323,21.50493214914811,5.2800744395420836,21.0,0,-0.5049321491481109,21.45047489180748,20.5,21.5
3440.0,21.140050721402996,21.50475356555392,5.278346201920131,21.0,0,-0.5047535655539193,21.502967729612003,20.5,21.5
3441.0,21.1368783804991,21.45948097490793,5.276617752325437,21.0,0,-0.4594809749079296,21.006755068448033,20.5,21.5
3442.0,21.133706328373464,21.4277729232738,5.274889092074293,21.0,0,-0.4277729232737997,21.1106924069325,20.5,21.5
3443.0,21.130534564926204,21.440277741276297,5.273160222483147,21.0,0,-0.44027774127629726,21.565325921301273,20.5,21.5
3444.0,21.127363090057717,21.50796384176639,5.27143114486861,21.0,0,-0.5079638417663901,22.18482484666732,20.5,21.5
3445.0,21.124191903668677,21.50065063638774,5.269701860547446,21.0,0,-0.5006506363877392,21.42751858260123,20.5,21.5
3446.0,21.121021005660054,21.474528519537067,5.267972370836585,21.0,0,-0.474528519537067,21.213307351030345,20.5,21.5
3447.0,21.11785039593309,21.48411427107565,5.266242677053105,21.0,0,-0.48411427107565075,21.57997178646149,20.5,21.5
3448.0,21.114680074389312,21.44565840642453,5.264512780514244,21.0,0,-0.44565840642453125,21.061099759913336,20.5,21.5
3449.0,21.111510040930536,21.37747163916758,5.262782682537396,21.0,0,-0.377471639167581,20.695603966598078,20.5,21.5
3450.0,21.10834029545886,21.328783125251313,5.261052384440104,21.0,0,-0.3287831252513129,20.841897986088632,20.5,21.5
3451.0,21.105170837876656,21.304291464935737,5.259321887540064,21.0,0,-0.3042914649357371,21.05937486177998,20.5,21.5
3452.0,21.10200166808659,21.293508308068777,5.257591193155125,21.0,0,-0.2935083080687768,21.185676739399174,20.5,21.5
3453.0,21.098832785991604,21.281853210872363,5.255860302603288,21.0,0,-0.28185321087236304,21.165302238908225,20.5,21.5
3454.0,21.095664191494926,21.316130838263426,5.2541292172027,21.0,0,-0.31613083826342603,21.658907112174056,20.5,21.5
3455.0,21.092495884500067,21.357542642690312,5.25239793827166,21.0,0,-0.3575426426903121,21.771660686959173,20.5,21.5
3456.0,21.08932786491082,21.414461937169058,5.250666467128609,21.0,0,-0.4144619371690581,21.983654881956518,20.5,21.5
3457.0,21.086160132631264,21.40158895891867,5.248934805092139,21.0,0,-0.4015889589186692,21.27285917641478,20.5,21.5
3458.0,21.082992687565756,21.483761016007023,5.247202953480985,21.0,0,-0.4837610160070227,22.305481586890558,20.5,21.5
3459.0,21.07982552961894,21.41732960857911,5.24547091361403,21.0,0,-0.4173296085791094,20.753015534299976,20.5,21.5
3460.0,21.076658658695738,21.4085376608226,5.243738686810295,21.0,0,-0.40853766082259924,21.320618183257498,20.5,21.5
3461.0,21.07349207470136,21.36680385885673,5.242006274388948,21.0,0,-0.3668038588567306,20.949465839198044,20.5,21.5
3462.0,21.070325777541296,21.319443369486635,5.240273677669294,21.0,0,-0.31944336948663477,20.845838475785676,20.5,21.5
3463.0,21.06715976712132,21.234572691168704,5.2385408979707835,21.0,1,-0.2345726911687045,20.385865907989402,20.5,21.5
3464.0,21.08399404334749,21.325491871825662,5.236807936613001,21.0,0,-0.32549187182566186,22.234683678395236,20.5,21.5
3465.0,21.080824606126143,21.34762735855079,5.2350747949156755,21.0,0,-0.3476273585507883,21.568982225802053,20.5,21.5
3466.0,21.0776554561639,21.372844270773932,5.233341474198667,21.0,0,-0.3728442707739319,21.625013393005368,20.5,21.5
3467.0,21.074486593367507,21.389877814807765,5.231607975781975,21.0,0,-0.3898778148077646,21.560213255146092,20.5,21.5
3468.0,21.07131801764399,21.42846587005119,5.229874300985733,21.0,0,-0.4284658700511912,21.814346422485457,20.5,21.5
3469.0,21.068149728900657,21.419575113241287,5.228140451130212,21.0,0,-0.4195751132412866,21.33066754514224,20.5,21.5
3470.0,21.064981727045105,21.325191864827133,5.226406427535814,21.0,1,-0.3251918648271328,20.381359380685595,20.5,21.5
3471.0,21.0818140119852,21.273243204372392,5.224672231523071,21.0,1,-0.2732432043723918,20.753756599824982,20.5,21.5
3472.0,21.098642583629108,21.31094239121571,5.222937864412652,21.0,0,-0.3109423912157112,21.687934259648905,20.5,21.5
3473.0,21.095467442685266,21.3596564843395,5.22120332752535,21.0,0,-0.35965648433949937,21.84679741557738,20.5,21.5
3474.0,21.092292589862232,21.304432365653597,5.219468622182091,21.0,0,-0.30443236565359655,20.75219117879457,20.5,21.5
3475.0,21.089118025068696,21.421707679151588,5.217733749703929,21.0,0,-0.4217076791515879,22.5944608141315,20.5,21.5
3476.0,21.085943748213623,21.488455950175425,5.215998711412046,21.0,0,-0.48845595017542465,22.155938660413792,20.5,21.5
3477.0,21.08276975920626,21.499276158350042,5.214263508627749,21.0,0,-0.49927615835004246,21.60747824009622,20.5,21.5
3478.0,21.079596057956145,21.455343345108727,5.212528142672467,21.0,0,-0.45534334510872654,21.016015212695567,20.5,21.5
3479.0,21.07642264437309,21.486833237702207,5.21079261486776,21.0,0,-0.4868332377022071,21.801732163637013,20.5,21.5
3480.0,21.073249518367188,21.496855163731162,5.2090569265353075,21.0,0,-0.496855163731162,21.59707442402071,20.5,21.5
3481.0,21.07007667984882,21.575267842840123,5.207321078996911,21.0,0,-0.5752678428401232,22.359394633929735,20.5,21.5
3482.0,21.066904128728652,21.543049117951178,5.205585073574493,21.0,0,-0.5430491179511776,21.22086186906172,20.5,21.5
3483.0,21.06373186491762,21.558318912314437,5.203848911590101,21.0,0,-0.5583189123144372,21.711016855947033,20.5,21.5
3484.0,21.060559888326956,21.554676916133953,5.202112594365893,21.0,0,-0.5546769161339533,21.518256954329114,20.5,21.5
3485.0,21.057388198868164,21.502602830538358,5.200376123224153,21.0,0,-0.5026028305383576,20.9818619745824,20.5,21.5
3486.0,21.054216796453037,21.38221047213795,5.198639499487278,21.0,1,-0.3822104721379489,20.17828688813386,20.5,21.5
3487.0,21.071045680993645,21.365851778605396,5.196902724477783,21.0,1,-0.3658517786053963,21.20226484327987,20.5,21.5
3488.0,21.087870852402343,21.34972275086698,5.1951657995183,21.0,1,-0.3497227508669809,21.188432473482827,20.5,21.5
3489.0,21.104692311391766,21.330244191841704,5.193428725931569,21.0,1,-0.33024419184170384,21.135458601588933,20.5,21.5
3490.0,21.121510058674673,21.304968114109293,5.191691505040449,21.0,1,-0.30496811410929325,21.052207336785187,20.5,21.5
3491.0,21.138324094963945,21.321660802423704,5.189954138167908,21.0,1,-0.321660802423704,21.48858768556781,20.5,21.5
3492.0,21.155134420972587,21.36411797610712,5.188216626637029,21.0,0,-0.3641179761071207,21.788689712941288,20.5,21.5
3493.0,21.15194103741372,21.38615238267321,5.186478971771001,21.0,0,-0.3861523826732096,21.6064964483341,20.5,21.5
3494.0,21.148747945000594,21.397066277216442,5.184741174893124,21.0,0,-0.3970662772164424,21.50620522264877,20.5,21.5
3495.0,21.145555143646572,21.417470581181274,5.183003237326806,21.0,0,-0.41747058118127356,21.621513620829585,20.5,21.5
3496.0,21.142362633265307,21.44598645906102,5.181265160395561,21.0,0,-0.44598645906102163,21.731145237858502,20.5,21.5
3497.0,21.13917041377073,21.44330305546313,5.179526945423011,21.0,0,-0.4433030554631294,21.416469019484207,20.5,21.5
3498.0,21.13597848507706,21.447453625889928,5.177788593732883,21.0,0,-0.44745362588992776,21.48895933015791,20.5,21.5
3499.0,21.132786847098792,21.500906518569497,5.176050106649008,21.0,0,-0.5009065185694972,22.03543544536519,20.5,21.5
3500.0,21.129595499750703,21.577097140769826,5.174311485495317,21.0,0,-0.5770971407698262,22.339003362773116,20.5,21.5
3501.0,21.12640444294785,21.559532411523698,5.172572731595847,21.0,0,-0.5595324115236977,21.383885119062413,20.5,21.5
3502.0,21.12321367660558,21.49353664748031,5.170833846274736,21.0,0,-0.49353664748030823,20.833579007046414,20.5,21.5
3503.0,21.120023200639515,21.451645448002292,5.169094830856218,21.0,0,-0.4516454480022922,21.032733453222132,20.5,21.5
3504.0,21.116833014965557,21.37847096700022,5.167355686664631,21.0,0,-0.37847096700021865,20.646726156979483,20.5,21.5
3505.0,21.113643119499898,21.283806832160856,5.1656164150244095,21.0,1,-0.283806832160856,20.33716548376723,20.5,21.5
3506.0,21.130453514159,21.25341288820845,5.1638770172600825,21.0,1,-0.25341288820845165,20.949473448684408,20.5,21.5
3507.0,21.14726019885962,21.26573640411516,5.162137494696277,21.0,1,-0.26573640411515953,21.38897156318224,20.5,21.5
3508.0,21.164063174318787,21.312470181333254,5.160397848657718,21.0,0,-0.31247018133325355,21.779807953514194,20.5,21.5
3509.0,21.160862441253656,21.381891447289874,5.158658080469219,21.0,0,-0.381891447289874,22.07610410685608,20.5,21.5
3510.0,21.1576620003815,21.400889902413823,5.156918191455691,21.0,0,-0.40088990241382305,21.590874453653313,20.5,21.5
3511.0,21.154461851619715,21.38819139112274,5.155178182942132,21.0,0,-0.3881913911227386,21.261206278211894,20.5,21.5
3512.0,21.151261994885978,21.50054010212356,5.153438056253638,21.0,0,-0.5005401021235585,22.624027212131757,20.5,21.5
3513.0,21.14806243009825,21.506090995417615,5.151697812715389,21.0,0,-0.5060909954176154,21.561599928358184,20.5,21.5
3514.0,21.144863157174772,21.509064323044008,5.149957453652656,21.0,0,-0.509064323044008,21.538797599307934,20.5,21.5
3515.0,21.141664176034066,21.632492830558434,5.1482169803907984,21.0,0,-0.6324928305584336,22.86677790570269,20.5,21.5
3516.0,21.13846548659494,21.69222908125733,5.146476394255265,21.0,0,-0.6922290812573308,22.289591588246303,20.5,21.5
3517.0,21.13526708877647,21.58832450493038,5.1447356965715825,21.0,0,-0.5883245049303802,20.549278741660874,20.5,21.5
3518.0,21.13206898249803,21.618736340384192,5.142994888665372,21.0,0,-0.6187363403841921,21.92285469492231,20.5,21.5
3519.0,21.128871167679264,21.628006744824685,5.141253971862334,21.0,0,-0.6280067448246847,21.72071078922961,20.5,21.5
3520.0,21.125673644240102,21.5932424209605,5.13951294748825,21.0,0,-0.5932424209605003,21.245599182318657,20.5,21.5
3521.0,21.122476412100752,21.611730818595383,5.13777181686899,21.0,0,-0.6117308185953831,21.79661479494421,20.5,21.5
3522.0,21.119279471181706,21.663032742736217,5.136030581330497,21.0,0,-0.6630327427362168,22.176051984144554,20.5,21.5
3523.0,21.116082821403737,21.613926969104448,5.134289242198799,21.0,0,-0.6139269691044476,21.122869232786755,20.5,21.5
3524.0,21.112886462687896,21.60159503909744,5.1325478008,21.0,0,-0.6015950390974396,21.47827573902736,20.5,21.5
3525.0,21.109690394955518,21.490574040636925,5.130806258460286,21.0,1,-0.49057404063692545,20.380364056031784,20.5,21.5
3526.0,21.12649461812822,21.48750057978313,5.129064616505916,21.0,1,-0.48750057978313066,21.456765971245183,20.5,21.5
3527.0,21.143295132127896,21.395641898603667,5.127322876263226,21.0,1,-0.3956418986036674,20.477055086809035,20.5,21.5
3528.0,21.160091937676725,21.388685314196483,5.125581039058627,21.0,1,-0.3886853141964828,21.319119470124637,20.5,21.5
3529.0,21.176885035497,21.316340470990895,5.123839106218604,21.0,1,-0.3163404709908946,20.592892038935013,20.5,21.5
3530.0,21.193674426311144,21.35065741962387,5.122097079069714,21.0,0,-0.35065741962387165,21.693826905953642,20.5,21.5
3531.0,21.190460110841695,21.322257079878817,5.120354958938587,21.0,0,-0.3222570798788169,21.03825368242827,20.5,21.5
3532.0,21.187246089811314,21.42672754289712,5.118612747151924,21.0,0,-0.4267275428971189,22.47143217308014,20.5,21.5
3533.0,21.184032363142784,21.499594273636188,5.116870445036493,21.0,0,-0.4995942736361876,22.228261581026874,20.5,21.5
3534.0,21.180818930759163,21.54456310369376,5.115128053919134,21.0,0,-0.5445631036937613,21.994251404269498,20.5,21.5
3535.0,21.177605792583794,21.59589606708738,5.113385575126755,21.0,0,-0.5958960670873807,22.109225701023576,20.5,21.5
3536.0,21.1743929485403,21.579659678668556,5.111643009986328,21.0,0,-0.5796596786685555,21.417295794480303,20.5,21.5
3537.0,21.17118039855259,21.53049451373295,5.109900359824891,21.0,0,-0.5304945137329504,21.0388428643769,20.5,21.5
3538.0,21.167968142544844,21.43214462479769,5.108157625969551,21.0,1,-0.4321446247976901,20.448645735445087,20.5,21.5
3539.0,21.18475618044153,21.43273217177298,5.1064148097474735,21.0,1,-0.4327321717729795,21.438607641525874,20.5,21.5
3540.0,21.20154051216739,21.474653293018932,5.1046719124858875,21.0,0,-0.4746532930189318,21.893864505478454,20.5,21.5
3541.0,21.198321138447454,21.43110660554425,5.102928935512089,21.0,0,-0.43110660554425095,20.995639730797443,20.5,21.5
3542.0,21.195102060006867,21.457559176418265,5.101185880153427,21.0,0,-0.4575591764182647,21.722084885158402,20.5,21.5
3543.0,21.1918832767709,21.481701016949792,5.099442747737316,21.0,0,-0.48170101694979195,21.723119422265064,20.5,21.5
3544.0,21.188664788665093,21.518369250195583,5.097699539591227,21.0,0,-0.5183692501955832,21.885051582653496,20.5,21.5
3545.0,21.18544659561528,21.39636683234436,5.095956257042689,21.0,1,-0.3963668323443592,20.17634265383212,20.5,21.5
3546.0,21.202228697547564,21.504062029469406,5.094212901419285,21.0,0,-0.5040620294694058,22.581014000719872,20.5,21.5
3547.0,21.19900709438834,21.53627700037225,5.092469474048659,21.0,0,-0.5362770003722517,21.85842670940071,20.5,21.5
3548.0,21.19578578686427,21.53278067793776,5.090725976258508,21.0,0,-0.5327806779377617,21.497817453592862,20.5,21.5
3549.0,21.19256477490215,21.523514392483694,5.0889824093765785,21.0,0,-0.523514392483694,21.430851537943017,20.5,21.5
3550.0,21.189344058429043,21.507984152170707,5.087238774730672,21.0,0,-0.5079841521707067,21.352681749040833,20.5,21.5
3551.0,21.186123637372305,21.40172778276902,5.085495073648644,21.0,1,-0.40172778276901866,20.33916408875214,20.5,21.5
3552.0,21.20290351165956,21.405461654006324,5.0837513074583995,21.0,1,-0.4054616540063236,21.442800366379373,20.5,21.5
3553.0,21.21967968121872,21.376684936842782,5.08200747748789,21.0,1,-0.37668493684278204,21.088917765207366,20.5,21.5
3554.0,21.236452146777975,21.355217716224303,5.08026358506512,21.0,1,-0.35521771622430265,21.14054551003951,20.5,21.5
3555.0,21.253220909065632,21.477765179936043,5.078519631518138,21.0,0,-0.4777651799360427,22.703239817053444,20.5,21.5
3556.0,21.249985968810122,21.561368090570248,5.07677561817504,21.0,0,-0.5613680905702481,22.3973971969123,20.5,21.5
3557.0,21.246751326739997,21.512543573811918,5.075031546363969,21.0,0,-0.512543573811918,21.024298406228617,20.5,21.5
3558.0,21.24351698278392,21.555858135377264,5.073287417413113,21.0,0,-0.5558581353772638,21.989003751030722,20.5,21.5
3559.0,21.240282936870845,21.589293059607133,5.071543232650699,21.0,0,-0.5892930596071331,21.923642301905826,20.5,21.5
3560.0,21.23704918893,21.510791819296635,5.069798993405002,21.0,0,-0.5107918192966352,20.725779416191656,20.5,21.5
3561.0,21.233815738890897,21.586154906568364,5.0680547010043355,21.0,0,-0.586154906568364,22.339785779285652,20.5,21.5
3562.0,21.23058258668332,21.555999828861506,5.066310356777053,21.0,0,-0.5559998288615056,21.25444905179292,20.5,21.5
3563.0,21.227349732237336,21.51552040305349,5.064565962051549,21.0,0,-0.5155204030534897,21.11072614497333,20.5,21.5
3564.0,21.2241171754833,21.53621061451637,5.062821518156256,21.0,0,-0.5362106145163708,21.74311272914518,20.5,21.5
3565.0,21.220884916351835,21.618608290240307,5.061077026419646,21.0,0,-0.6186082902403065,22.442585047479664,20.5,21.5
3566.0,21.21765295477385,21.506288510763206,5.059332488170222,21.0,1,-0.5062885107632056,20.383090715992196,20.5,21.5
3567.0,21.23442129068053,21.52553440384408,5.057587904736527,21.0,0,-0.5255344038440803,21.717993334652828,20.5,21.5
3568.0,21.23118592400334,21.582141230578735,5.0558432774471385,21.0,0,-0.5821412305787348,22.14820949792528,20.5,21.5
3569.0,21.22795085547403,21.526455784804824,5.054098607630663,21.0,0,-0.5264557848048241,20.969601327065718,20.5,21.5
3570.0,21.22471608502446,21.478760130917614,5.052353896615746,21.0,0,-0.47876013091761394,21.001803592045512,20.5,21.5
3571.0,21.22148161258678,21.5187318188296,5.05060914573106,21.0,0,-0.5187318188296004,21.918448697949465,20.5,21.5
3572.0,21.218247438093407,21.55410256759369,5.048864356305307,21.0,0,-0.5541025675936915,21.907810055234602,20.5,21.5
3573.0,21.21501356147705,21.580649068980826,5.047119529667221,21.0,0,-0.5806490689808257,21.846114082852168,20.5,21.5
3574.0,21.211779982670688,21.58137664159738,5.045374667145563,21.0,0,-0.5813766415973802,21.588652367762926,20.5,21.5
3575.0,21.208546701607585,21.583281647586226,5.043629770069122,21.0,0,-0.5832816475862259,21.602331707474683,20.5,21.5
3576.0,21.205313718221277,21.57462961760819,5.041884839766714,21.0,0,-0.5746296176081884,21.488109317827814,20.5,21.5
3577.0,21.202081032445587,21.55402842560989,5.040139877567179,21.0,0,-0.5540284256098893,21.348016505626898,20.5,21.5
3578.0,21.19884864421461,21.53630125082693,5.03839488479938,21.0,0,-0.5363012508269307,21.359029502997345,20.5,21.5
3579.0,21.195616553462727,21.5933313430589,5.036649862792205,21.0,0,-0.5933313430588996,22.163632265378588,20.5,21.5
3580.0,21.192384760124593,21.566619736322604,5.034904812874567,21.0,0,-0.566619736322604,21.299503668959648,20.5,21.5
3581.0,21.189153264135143,21.543115878042066,5.033159736375395,21.0,0,-0.543115878042066,21.308077295236686,20.5,21.5
3582.0,21.18592206542959,21.54616308033524,5.031414634623642,21.0,0,-0.5461630803352406,21.576635103266987,20.5,21.5
3583.0,21.182691163943428,21.5544082292469,5.029669508948277,21.0,0,-0.5544082292468993,21.636859718363485,20.5,21.5
3584.0,21.17946055961243,21.491619449018422,5.02792436067829,21.0,0,-0.49161944901842247,20.863731646733655,20.5,21.5
3585.0,21.176230252372644,21.518880563314788,5.026179191142689,21.0,0,-0.5188805633147879,21.791491706278443,20.5,21.5
3586.0,21.1730002421604,21.540210058112507,5.024434001670494,21.0,0,-0.5402100581125069,21.753505006089696,20.5,21.5
3587.0,21.169770528912302,21.504779606107398,5.022688793590746,21.0,0,-0.5047796061073981,21.15047508605631,20.5,21.5
3588.0,21.166541112565238,21.475620170983102,5.020943568232492,21.0,0,-0.4756201709831025,21.184025819740146,20.5,21.5
3589.0,21.16331199305637,21.58341718028776,5.0191983269248,21.0,0,-0.5834171802877606,22.66138727333434,20.5,21.5
3590.0,21.160083170323144,21.586366827606806,5.017453070996748,21.0,0,-0.5863668276068061,21.615863300797262,20.5,21.5
3591.0,21.15685464430328,21.532765489150925,5.015707801777423,21.0,0,-0.5327654891509255,20.99675210459212,20.5,21.5
3592.0,21.153626414934774,21.53117902060515,5.013962520595922,21.0,0,-0.5311790206051512,21.51531433514741,20.5,21.5
3593.0,21.150398482155907,21.480485435516513,5.012217228781357,21.0,0,-0.48048543551651335,20.973549584630135,20.5,21.5
3594.0,21.147170845905233,21.367035245733376,5.01047192766284,21.0,1,-0.3670352457333763,20.232533347902006,20.5,21.5
3595.0,21.163943506121583,21.35661152991016,5.008726618569494,21.0,1,-0.3566115299101611,21.25237437167801,20.5,21.5
3596.0,21.180712462744072,21.374786835829404,5.0069813028304475,21.0,0,-0.3747868358294042,21.556539895021835,20.5,21.5
3597.0,21.17747771651209,21.364030783052506,5.0052359817748355,21.0,0,-0.364030783052506,21.256470255283524,20.5,21.5
3598.0,21.174243268165142,21.394647183238654,5.003490656731797,21.0,0,-0.39464718323865355,21.70081118510013,20.5,21.5
3599.0,21.171009117642857,21.420927298171563,5.00174532903047,21.0,0,-0.4209272981715628,21.683728447500656,20.5,21.5
